decimalLongitude,decimalLatitude,basisOfRecord,scientificName,remark
126.984445,37.553263,HUMAN_OBSERVATION,Quercus mongolica,Quercus mongolica
131.251848,47.841226,HUMAN_OBSERVATION,Quercus mongolica,Quercus mongolica
131.879202,42.960775,HUMAN_OBSERVATION,Quercus mongolica,Quercus mongolica
116.555795,40.459793,HUMAN_OBSERVATION,Quercus mongolica,Quercus mongolica
131.93722,43.146828,HUMAN_OBSERVATION,Quercus mongolica,Quercus mongolica
116.508828,40.456792,HUMAN_OBSERVATION,Quercus mongolica,Quercus mongolica
133.097465,42.685504,HUMAN_OBSERVATION,Quercus mongolica,Quercus mongolica
137.193512,45.830863,HUMAN_OBSERVATION,Quercus mongolica,Quercus mongolica
131.903862,42.962787,HUMAN_OBSERVATION,Quercus mongolica,Quercus mongolica
141.14721,42.499978,HUMAN_OBSERVATION,Quercus mongolica,Quercus mongolica
137.306794,45.8937,HUMAN_OBSERVATION,Quercus mongolica,Quercus mongolica
134.318855,35.45848,HUMAN_OBSERVATION,Quercus mongolica,Quercus mongolica
131.904034,42.962368,HUMAN_OBSERVATION,Quercus mongolica,Quercus mongolica
131.562756,43.763894,HUMAN_OBSERVATION,Quercus mongolica,Quercus mongolica
132.448686,43.487594,HUMAN_OBSERVATION,Quercus mongolica,Quercus mongolica
132.234372,44.465575,HUMAN_OBSERVATION,Quercus mongolica,Quercus mongolica
128.762907,37.868659,HUMAN_OBSERVATION,Quercus mongolica,Quercus mongolica
129.660021,46.712389,HUMAN_OBSERVATION,Quercus mongolica,Quercus mongolica
136.554846,44.969392,HUMAN_OBSERVATION,Quercus mongolica,Quercus mongolica
131.899656,43.05666,HUMAN_OBSERVATION,Quercus mongolica,Quercus mongolica
131.927615,43.009827,HUMAN_OBSERVATION,Quercus mongolica,Quercus mongolica
131.970586,43.222462,HUMAN_OBSERVATION,Quercus mongolica,Quercus mongolica
131.976487,43.222452,HUMAN_OBSERVATION,Quercus mongolica,Quercus mongolica
131.924309,43.193346,HUMAN_OBSERVATION,Quercus mongolica,Quercus mongolica
131.895758,43.121707,HUMAN_OBSERVATION,Quercus mongolica,Quercus mongolica
141.668741,45.42247,HUMAN_OBSERVATION,Quercus mongolica,Quercus mongolica
117.482605,40.581622,HUMAN_OBSERVATION,Quercus mongolica,Quercus mongolica
117.4749,40.5695,HUMAN_OBSERVATION,Quercus mongolica,Quercus mongolica
131.438126,42.86318,HUMAN_OBSERVATION,Quercus mongolica,Quercus mongolica
131.896205,43.121713,HUMAN_OBSERVATION,Quercus mongolica,Quercus mongolica
131.384258,43.866117,HUMAN_OBSERVATION,Quercus mongolica,Quercus mongolica
131.991255,43.212214,HUMAN_OBSERVATION,Quercus mongolica,Quercus mongolica
131.991427,43.211464,HUMAN_OBSERVATION,Quercus mongolica,Quercus mongolica
131.879408,42.961362,HUMAN_OBSERVATION,Quercus mongolica,Quercus mongolica
131.731961,42.933198,HUMAN_OBSERVATION,Quercus mongolica,Quercus mongolica
117.473659,40.571315,HUMAN_OBSERVATION,Quercus mongolica,Quercus mongolica
140.670425,41.982399,HUMAN_OBSERVATION,Quercus mongolica,Quercus mongolica
144.508497,43.553919,HUMAN_OBSERVATION,Quercus mongolica,Quercus mongolica
117.479198,40.560087,HUMAN_OBSERVATION,Quercus mongolica,Quercus mongolica
131.727921,43.177665,HUMAN_OBSERVATION,Quercus mongolica,Quercus mongolica
140.668657,41.987513,HUMAN_OBSERVATION,Quercus mongolica,Quercus mongolica
142.790469,47.246294,HUMAN_OBSERVATION,Quercus mongolica,Quercus mongolica
140.276234,48.977525,HUMAN_OBSERVATION,Quercus mongolica,Quercus mongolica
140.281658,48.975351,HUMAN_OBSERVATION,Quercus mongolica,Quercus mongolica
116.55855,40.441178,HUMAN_OBSERVATION,Quercus mongolica,Quercus mongolica
130.728469,42.620678,HUMAN_OBSERVATION,Quercus mongolica,Quercus mongolica
131.912243,43.081626,HUMAN_OBSERVATION,Quercus mongolica,Quercus mongolica
116.09029,39.93803,HUMAN_OBSERVATION,Quercus mongolica,Quercus mongolica
131.885925,43.028534,HUMAN_OBSERVATION,Quercus mongolica,Quercus mongolica
131.920314,43.001414,HUMAN_OBSERVATION,Quercus mongolica,Quercus mongolica
116.471686,40.907748,HUMAN_OBSERVATION,Quercus mongolica,Quercus mongolica
121.168992,46.653903,HUMAN_OBSERVATION,Quercus mongolica,Quercus mongolica
115.893932,40.219184,HUMAN_OBSERVATION,Quercus mongolica,Quercus mongolica
115.93257,40.216174,HUMAN_OBSERVATION,Quercus mongolica,Quercus mongolica
115.898574,40.22507,HUMAN_OBSERVATION,Quercus mongolica,Quercus mongolica
131.895835,42.965485,HUMAN_OBSERVATION,Quercus mongolica,Quercus mongolica
135.083369,48.482631,HUMAN_OBSERVATION,Quercus mongolica,Quercus mongolica
132.083432,43.225676,HUMAN_OBSERVATION,Quercus mongolica,Quercus mongolica
132.098917,43.222842,HUMAN_OBSERVATION,Quercus mongolica,Quercus mongolica
132.12937,43.225087,HUMAN_OBSERVATION,Quercus mongolica,Quercus mongolica
144.295847,43.824981,HUMAN_OBSERVATION,Quercus mongolica,Quercus mongolica
131.841625,42.967845,HUMAN_OBSERVATION,Quercus mongolica,Quercus mongolica
131.775638,43.010675,HUMAN_OBSERVATION,Quercus mongolica,Quercus mongolica
132.057028,43.146315,HUMAN_OBSERVATION,Quercus mongolica,Quercus mongolica
133.209488,42.733637,HUMAN_OBSERVATION,Quercus mongolica,Quercus mongolica
130.728286,42.620014,HUMAN_OBSERVATION,Quercus mongolica,Quercus mongolica
131.731247,42.929955,HUMAN_OBSERVATION,Quercus mongolica,Quercus mongolica
131.877355,42.958408,HUMAN_OBSERVATION,Quercus mongolica,Quercus mongolica
143.19635,46.837969,HUMAN_OBSERVATION,Quercus mongolica,Quercus mongolica
126.77961,37.447462,HUMAN_OBSERVATION,Quercus mongolica,Quercus mongolica
126.779597,37.447459,HUMAN_OBSERVATION,Quercus mongolica,Quercus mongolica
126.780544,37.44832,HUMAN_OBSERVATION,Quercus mongolica,Quercus mongolica
115.360008,40.041432,HUMAN_OBSERVATION,Quercus mongolica,Quercus mongolica
116.4905,40.914076,HUMAN_OBSERVATION,Quercus mongolica,Quercus mongolica
128.567021,37.787445,HUMAN_OBSERVATION,Quercus mongolica,Quercus mongolica
131.924022,43.002323,HUMAN_OBSERVATION,Quercus mongolica,Quercus mongolica
132.40687,42.94763,HUMAN_OBSERVATION,Quercus mongolica,Quercus mongolica
132.304273,42.886302,HUMAN_OBSERVATION,Quercus mongolica,Quercus mongolica
132.456267,42.810648,HUMAN_OBSERVATION,Quercus mongolica,Quercus mongolica
132.430339,42.973031,HUMAN_OBSERVATION,Quercus mongolica,Quercus mongolica
131.927262,43.008014,HUMAN_OBSERVATION,Quercus mongolica,Quercus mongolica
127.152836,37.374963,HUMAN_OBSERVATION,Quercus mongolica,Quercus mongolica
142.187544,46.062611,HUMAN_OBSERVATION,Quercus mongolica,Quercus mongolica
142.187089,46.062258,HUMAN_OBSERVATION,Quercus mongolica,Quercus mongolica
142.149108,46.008922,HUMAN_OBSERVATION,Quercus mongolica,Quercus mongolica
142.187836,46.063369,HUMAN_OBSERVATION,Quercus mongolica,Quercus mongolica
127.259968,39.043358,HUMAN_OBSERVATION,Quercus mongolica,Quercus mongolica
132.407015,42.919158,HUMAN_OBSERVATION,Quercus mongolica,Quercus mongolica
132.452587,42.812397,HUMAN_OBSERVATION,Quercus mongolica,Quercus mongolica
143.212564,46.82277,HUMAN_OBSERVATION,Quercus mongolica,Quercus mongolica
132.433512,42.844067,HUMAN_OBSERVATION,Quercus mongolica,Quercus mongolica
136.557586,44.958457,HUMAN_OBSERVATION,Quercus mongolica,Quercus mongolica
131.554875,43.768297,HUMAN_OBSERVATION,Quercus mongolica,Quercus mongolica
142.759021,46.942225,HUMAN_OBSERVATION,Quercus mongolica,Quercus mongolica
131.992339,43.213384,HUMAN_OBSERVATION,Quercus mongolica,Quercus mongolica
127.74735,37.870952,HUMAN_OBSERVATION,Quercus mongolica,Quercus mongolica
127.173146,37.750442,HUMAN_OBSERVATION,Quercus mongolica,Quercus mongolica
127.172056,37.751911,HUMAN_OBSERVATION,Quercus mongolica,Quercus mongolica
115.607187,39.84408,HUMAN_OBSERVATION,Quercus mongolica,Quercus mongolica
131.896575,43.120239,HUMAN_OBSERVATION,Quercus mongolica,Quercus mongolica
131.894408,43.055611,HUMAN_OBSERVATION,Quercus mongolica,Quercus mongolica
144.099717,43.437397,HUMAN_OBSERVATION,Quercus mongolica,Quercus mongolica
131.318586,44.422289,HUMAN_OBSERVATION,Quercus mongolica,Quercus mongolica
134.700035,46.111369,HUMAN_OBSERVATION,Quercus mongolica,Quercus mongolica
142.809952,47.412899,HUMAN_OBSERVATION,Quercus mongolica,Quercus mongolica
132.989547,44.454644,HUMAN_OBSERVATION,Quercus mongolica,Quercus mongolica
127.39911,35.753121,HUMAN_OBSERVATION,Quercus mongolica,Quercus mongolica
136.644353,45.028879,HUMAN_OBSERVATION,Quercus mongolica,Quercus mongolica
142.96457,46.609847,HUMAN_OBSERVATION,Quercus mongolica,Quercus mongolica
116.739806,40.554609,HUMAN_OBSERVATION,Quercus mongolica,Quercus mongolica
127.566982,50.248525,HUMAN_OBSERVATION,Quercus mongolica,Quercus mongolica
128.642482,37.37263,HUMAN_OBSERVATION,Quercus mongolica,Quercus mongolica
128.642482,37.37263,HUMAN_OBSERVATION,Quercus mongolica,Quercus mongolica
128.461181,37.189272,HUMAN_OBSERVATION,Quercus mongolica,Quercus mongolica
141.379947,42.987125,HUMAN_OBSERVATION,Quercus mongolica,Quercus mongolica
132.820617,44.607761000000004,HUMAN_OBSERVATION,Quercus mongolica,Quercus mongolica
127.764999,35.686196,HUMAN_OBSERVATION,Quercus mongolica,Quercus mongolica
133.278389,42.759333,HUMAN_OBSERVATION,Quercus mongolica,Quercus mongolica
126.831805,37.482565,HUMAN_OBSERVATION,Quercus mongolica,Quercus mongolica
126.831418,37.48446,HUMAN_OBSERVATION,Quercus mongolica,Quercus mongolica
119.572288,35.9327,HUMAN_OBSERVATION,Quercus mongolica,Quercus mongolica
126.88544,34.555095,HUMAN_OBSERVATION,Quercus mongolica,Quercus mongolica
126.88544,34.555095,HUMAN_OBSERVATION,Quercus mongolica,Quercus mongolica
126.88544,34.555095,HUMAN_OBSERVATION,Quercus mongolica,Quercus mongolica
126.88544,34.555095,HUMAN_OBSERVATION,Quercus mongolica,Quercus mongolica
126.885303,34.555273,HUMAN_OBSERVATION,Quercus mongolica,Quercus mongolica
126.885303,34.555273,HUMAN_OBSERVATION,Quercus mongolica,Quercus mongolica
126.885303,34.555273,HUMAN_OBSERVATION,Quercus mongolica,Quercus mongolica
126.94465,34.524818,HUMAN_OBSERVATION,Quercus mongolica,Quercus mongolica
126.94465,34.524818,HUMAN_OBSERVATION,Quercus mongolica,Quercus mongolica
126.94465,34.524818,HUMAN_OBSERVATION,Quercus mongolica,Quercus mongolica
126.94465,34.524818,HUMAN_OBSERVATION,Quercus mongolica,Quercus mongolica
115.924176,40.203655,HUMAN_OBSERVATION,Quercus mongolica,Quercus mongolica
131.490628,43.180943,HUMAN_OBSERVATION,Quercus mongolica,Quercus mongolica
131.983214,43.222647,HUMAN_OBSERVATION,Quercus mongolica,Quercus mongolica
121.695122,41.627392,HUMAN_OBSERVATION,Quercus mongolica,Quercus mongolica
121.72908,41.629528,HUMAN_OBSERVATION,Quercus mongolica,Quercus mongolica
137.024643,50.607361,HUMAN_OBSERVATION,Quercus mongolica,Quercus mongolica
121.716605,41.663383,HUMAN_OBSERVATION,Quercus mongolica,Quercus mongolica
121.699722,41.627322,HUMAN_OBSERVATION,Quercus mongolica,Quercus mongolica
131.343163,44.432609,HUMAN_OBSERVATION,Quercus mongolica,Quercus mongolica
131.490995,43.180515,HUMAN_OBSERVATION,Quercus mongolica,Quercus mongolica
131.494024,43.177389,HUMAN_OBSERVATION,Quercus mongolica,Quercus mongolica
131.988022,43.218487,HUMAN_OBSERVATION,Quercus mongolica,Quercus mongolica
119.491079,40.050407,HUMAN_OBSERVATION,Quercus mongolica,Quercus mongolica
131.210158,42.583978,HUMAN_OBSERVATION,Quercus mongolica,Quercus mongolica
131.215972,42.59755,HUMAN_OBSERVATION,Quercus mongolica,Quercus mongolica
131.885972,43.046061,HUMAN_OBSERVATION,Quercus mongolica,Quercus mongolica
131.974547,43.220137,HUMAN_OBSERVATION,Quercus mongolica,Quercus mongolica
131.979867,43.217802,HUMAN_OBSERVATION,Quercus mongolica,Quercus mongolica
125.465756,43.791233,HUMAN_OBSERVATION,Quercus mongolica,Quercus mongolica
132.530603,44.47655,HUMAN_OBSERVATION,Quercus mongolica,Quercus mongolica
131.881409,42.964344,HUMAN_OBSERVATION,Quercus mongolica,Quercus mongolica
131.988998,43.218655,HUMAN_OBSERVATION,Quercus mongolica,Quercus mongolica
132.105698,43.182285,HUMAN_OBSERVATION,Quercus mongolica,Quercus mongolica
124.850958,46.638401,HUMAN_OBSERVATION,Quercus mongolica,Quercus mongolica
141.58377,43.161911,HUMAN_OBSERVATION,Quercus mongolica,Quercus mongolica
132.844617,42.766086,HUMAN_OBSERVATION,Quercus mongolica,Quercus mongolica
132.845858,42.772292,HUMAN_OBSERVATION,Quercus mongolica,Quercus mongolica
129.086796,35.159823,HUMAN_OBSERVATION,Quercus mongolica,Quercus mongolica
126.82631,37.486368,HUMAN_OBSERVATION,Quercus mongolica,Quercus mongolica
129.081671,35.157452,HUMAN_OBSERVATION,Quercus mongolica,Quercus mongolica
131.890274,43.02795,HUMAN_OBSERVATION,Quercus mongolica,Quercus mongolica
132.902469,42.787856,HUMAN_OBSERVATION,Quercus mongolica,Quercus mongolica
132.898789,42.792656,HUMAN_OBSERVATION,Quercus mongolica,Quercus mongolica
132.841461,42.793889,HUMAN_OBSERVATION,Quercus mongolica,Quercus mongolica
132.056975,43.256092,HUMAN_OBSERVATION,Quercus mongolica,Quercus mongolica
117.458687,40.596277,HUMAN_OBSERVATION,Quercus mongolica,Quercus mongolica
131.21564,42.641177,HUMAN_OBSERVATION,Quercus mongolica,Quercus mongolica
131.996353,43.224145,HUMAN_OBSERVATION,Quercus mongolica,Quercus mongolica
133.823593,43.214844,HUMAN_OBSERVATION,Quercus mongolica,Quercus mongolica
131.9552,43.472228,HUMAN_OBSERVATION,Quercus mongolica,Quercus mongolica
117.45361,40.593655,HUMAN_OBSERVATION,Quercus mongolica,Quercus mongolica
131.82933,43.306572,HUMAN_OBSERVATION,Quercus mongolica,Quercus mongolica
131.954133,43.397978,HUMAN_OBSERVATION,Quercus mongolica,Quercus mongolica
127.46322,50.276497,HUMAN_OBSERVATION,Quercus mongolica,Quercus mongolica
136.599075,36.159103,HUMAN_OBSERVATION,Quercus mongolica,Quercus mongolica
131.902878,42.963578,HUMAN_OBSERVATION,Quercus mongolica,Quercus mongolica
131.89357,43.028072,HUMAN_OBSERVATION,Quercus mongolica,Quercus mongolica
131.905563,42.959962,HUMAN_OBSERVATION,Quercus mongolica,Quercus mongolica
132.055283,43.25653,HUMAN_OBSERVATION,Quercus mongolica,Quercus mongolica
135.817794,44.349633,HUMAN_OBSERVATION,Quercus mongolica,Quercus mongolica
131.903442,42.963913,HUMAN_OBSERVATION,Quercus mongolica,Quercus mongolica
131.947006,43.0885,HUMAN_OBSERVATION,Quercus mongolica,Quercus mongolica
131.948638,43.391898,HUMAN_OBSERVATION,Quercus mongolica,Quercus mongolica
131.888655,43.047731,HUMAN_OBSERVATION,Quercus mongolica,Quercus mongolica
131.888262,42.98273,HUMAN_OBSERVATION,Quercus mongolica,Quercus mongolica
132.861298,43.160187,HUMAN_OBSERVATION,Quercus mongolica,Quercus mongolica
131.992722,43.221756,HUMAN_OBSERVATION,Quercus mongolica,Quercus mongolica
131.850967,43.081447,HUMAN_OBSERVATION,Quercus mongolica,Quercus mongolica
131.658522,42.86602,HUMAN_OBSERVATION,Quercus mongolica,Quercus mongolica
132.055953,43.215838,HUMAN_OBSERVATION,Quercus mongolica,Quercus mongolica
131.888655,43.047731,HUMAN_OBSERVATION,Quercus mongolica,Quercus mongolica
139.497637,36.739425,HUMAN_OBSERVATION,Quercus mongolica,Quercus mongolica
138.429418,36.783439,HUMAN_OBSERVATION,Quercus mongolica,Quercus mongolica
128.420822,35.695667,PRESERVED_SPECIMEN,Quercus mongolica,Quercus mongolica
132.073578,43.211361,HUMAN_OBSERVATION,Quercus mongolica,Quercus mongolica
131.882538,42.974037,HUMAN_OBSERVATION,Quercus mongolica,Quercus mongolica
128.109056,42.399405,HUMAN_OBSERVATION,Quercus mongolica,Quercus mongolica
131.881866,42.974766,HUMAN_OBSERVATION,Quercus mongolica,Quercus mongolica
133.227415,42.749349,HUMAN_OBSERVATION,Quercus mongolica,Quercus mongolica
145.66098,43.983688,HUMAN_OBSERVATION,Quercus mongolica,Quercus mongolica
131.833633,43.044109,HUMAN_OBSERVATION,Quercus mongolica,Quercus mongolica
139.175551,35.902135,HUMAN_OBSERVATION,Quercus mongolica,Quercus mongolica
131.913406,42.994267,HUMAN_OBSERVATION,Quercus mongolica,Quercus mongolica
117.251022,40.340775,HUMAN_OBSERVATION,Quercus mongolica,Quercus mongolica
117.254233,40.336475,HUMAN_OBSERVATION,Quercus mongolica,Quercus mongolica
115.736739,39.931125,HUMAN_OBSERVATION,Quercus mongolica,Quercus mongolica
142.764857,46.953398,HUMAN_OBSERVATION,Quercus mongolica,Quercus mongolica
129.286178,37.055931,HUMAN_OBSERVATION,Quercus mongolica,Quercus mongolica
126.573797,38.087295,HUMAN_OBSERVATION,Quercus mongolica,Quercus mongolica
142.013611,47.263008,HUMAN_OBSERVATION,Quercus mongolica,Quercus mongolica
142.021028,47.261686,HUMAN_OBSERVATION,Quercus mongolica,Quercus mongolica
142.013275,47.262719,HUMAN_OBSERVATION,Quercus mongolica,Quercus mongolica
142.016219,47.263156,HUMAN_OBSERVATION,Quercus mongolica,Quercus mongolica
140.660129,41.644064,HUMAN_OBSERVATION,Quercus mongolica,Quercus mongolica
138.347687,36.523633,HUMAN_OBSERVATION,Quercus mongolica,Quercus mongolica
131.95882,43.400449,HUMAN_OBSERVATION,Quercus mongolica,Quercus mongolica
116.469493,40.946533,HUMAN_OBSERVATION,Quercus mongolica,Quercus mongolica
132.424592,44.139367,HUMAN_OBSERVATION,Quercus mongolica,Quercus mongolica
131.898689,42.976369,HUMAN_OBSERVATION,Quercus mongolica,Quercus mongolica
116.46123299999999,40.950835,HUMAN_OBSERVATION,Quercus mongolica,Quercus mongolica
115.759262,40.541513,HUMAN_OBSERVATION,Quercus mongolica,Quercus mongolica
116.474867,40.946802,HUMAN_OBSERVATION,Quercus mongolica,Quercus mongolica
131.216308,42.579497,HUMAN_OBSERVATION,Quercus mongolica,Quercus mongolica
116.014912,40.576478,HUMAN_OBSERVATION,Quercus mongolica,Quercus mongolica
115.762505,40.545318,HUMAN_OBSERVATION,Quercus mongolica,Quercus mongolica
115.758928,40.540438,HUMAN_OBSERVATION,Quercus mongolica,Quercus mongolica
136.34002,44.898748,HUMAN_OBSERVATION,Quercus mongolica,Quercus mongolica
136.564328,44.955127,HUMAN_OBSERVATION,Quercus mongolica,Quercus mongolica
145.507355,43.862571,HUMAN_OBSERVATION,Quercus mongolica,Quercus mongolica
131.832649,42.944742,HUMAN_OBSERVATION,Quercus mongolica,Quercus mongolica
116.025602,40.614412,HUMAN_OBSERVATION,Quercus mongolica,Quercus mongolica
115.756462,40.560025,HUMAN_OBSERVATION,Quercus mongolica,Quercus mongolica
115.453928,40.02422,HUMAN_OBSERVATION,Quercus mongolica,Quercus mongolica
115.759262,40.541513,HUMAN_OBSERVATION,Quercus mongolica,Quercus mongolica
127.273743,37.974067,HUMAN_OBSERVATION,Quercus mongolica,Quercus mongolica
133.506503,45.238272,HUMAN_OBSERVATION,Quercus mongolica,Quercus mongolica
137.658432,36.128061,HUMAN_OBSERVATION,Quercus mongolica,Quercus mongolica
138.206842,36.820744,HUMAN_OBSERVATION,Quercus mongolica,Quercus mongolica
138.20676,36.820727,HUMAN_OBSERVATION,Quercus mongolica,Quercus mongolica
115.76532,40.523645,HUMAN_OBSERVATION,Quercus mongolica,Quercus mongolica
141.986189,47.289078,HUMAN_OBSERVATION,Quercus mongolica,Quercus mongolica
131.882708,43.049481,HUMAN_OBSERVATION,Quercus mongolica,Quercus mongolica
116.643158,40.516117,HUMAN_OBSERVATION,Quercus mongolica,Quercus mongolica
128.537809,35.768725,HUMAN_OBSERVATION,Quercus mongolica,Quercus mongolica
128.126467,35.814919,HUMAN_OBSERVATION,Quercus mongolica,Quercus mongolica
132.798325,43.226837,HUMAN_OBSERVATION,Quercus mongolica,Quercus mongolica
131.9312,43.013504,HUMAN_OBSERVATION,Quercus mongolica,Quercus mongolica
128.594688,38.181471,HUMAN_OBSERVATION,Quercus mongolica,Quercus mongolica
131.971434,43.084851,HUMAN_OBSERVATION,Quercus mongolica,Quercus mongolica
132.042245,44.821418,HUMAN_OBSERVATION,Quercus mongolica,Quercus mongolica
132.038346,44.824434,HUMAN_OBSERVATION,Quercus mongolica,Quercus mongolica
132.043203,44.822395,HUMAN_OBSERVATION,Quercus mongolica,Quercus mongolica
132.03728,44.814803,HUMAN_OBSERVATION,Quercus mongolica,Quercus mongolica
132.041901,44.82277,HUMAN_OBSERVATION,Quercus mongolica,Quercus mongolica
132.020512,44.828246,HUMAN_OBSERVATION,Quercus mongolica,Quercus mongolica
132.036916,44.810227,HUMAN_OBSERVATION,Quercus mongolica,Quercus mongolica
145.446703,43.727125,HUMAN_OBSERVATION,Quercus mongolica,Quercus mongolica
128.523713,35.7602,HUMAN_OBSERVATION,Quercus mongolica,Quercus mongolica
134.072022,43.494612,HUMAN_OBSERVATION,Quercus mongolica,Quercus mongolica
115.554928,40.10626,HUMAN_OBSERVATION,Quercus mongolica,Quercus mongolica
115.556483,40.108447,HUMAN_OBSERVATION,Quercus mongolica,Quercus mongolica
115.585742,39.829385,HUMAN_OBSERVATION,Quercus mongolica,Quercus mongolica
138.063005,36.764238,HUMAN_OBSERVATION,Quercus mongolica,Quercus mongolica
115.5799,39.833066,HUMAN_OBSERVATION,Quercus mongolica,Quercus mongolica
116.035653,40.077733,HUMAN_OBSERVATION,Quercus mongolica,Quercus mongolica
116.043953,40.083383,HUMAN_OBSERVATION,Quercus mongolica,Quercus mongolica
143.16774,46.850906,HUMAN_OBSERVATION,Quercus mongolica,Quercus mongolica
116.035239,40.077431,HUMAN_OBSERVATION,Quercus mongolica,Quercus mongolica
132.172634,43.384485,HUMAN_OBSERVATION,Quercus mongolica,Quercus mongolica
132.404242,43.325849,HUMAN_OBSERVATION,Quercus mongolica,Quercus mongolica
133.198214,42.712956,HUMAN_OBSERVATION,Quercus mongolica,Quercus mongolica
133.199598,42.726879,HUMAN_OBSERVATION,Quercus mongolica,Quercus mongolica
131.903762,42.96348,HUMAN_OBSERVATION,Quercus mongolica,Quercus mongolica
116.781508,40.538081,HUMAN_OBSERVATION,Quercus mongolica,Quercus mongolica
129.032689,35.314364,HUMAN_OBSERVATION,Quercus mongolica,Quercus mongolica
129.032689,35.314364,HUMAN_OBSERVATION,Quercus mongolica,Quercus mongolica
127.583939,36.071989,HUMAN_OBSERVATION,Quercus mongolica,Quercus mongolica
128.20584,36.48473,HUMAN_OBSERVATION,Quercus mongolica,Quercus mongolica
129.021518,35.311374,HUMAN_OBSERVATION,Quercus mongolica,Quercus mongolica
129.032945,35.314292,HUMAN_OBSERVATION,Quercus mongolica,Quercus mongolica
127.584705,36.072857,HUMAN_OBSERVATION,Quercus mongolica,Quercus mongolica
128.20568,36.48488,HUMAN_OBSERVATION,Quercus mongolica,Quercus mongolica
128.20568,36.48488,HUMAN_OBSERVATION,Quercus mongolica,Quercus mongolica
128.19284,36.48115,HUMAN_OBSERVATION,Quercus mongolica,Quercus mongolica
127.003133,34.410178,HUMAN_OBSERVATION,Quercus mongolica,Quercus mongolica
129.033188,35.314384,HUMAN_OBSERVATION,Quercus mongolica,Quercus mongolica
129.033188,35.314384,HUMAN_OBSERVATION,Quercus mongolica,Quercus mongolica
129.033188,35.314384,HUMAN_OBSERVATION,Quercus mongolica,Quercus mongolica
129.033188,35.314384,HUMAN_OBSERVATION,Quercus mongolica,Quercus mongolica
129.024435,35.31268,HUMAN_OBSERVATION,Quercus mongolica,Quercus mongolica
129.024435,35.31268,HUMAN_OBSERVATION,Quercus mongolica,Quercus mongolica
127.590199,36.07457,HUMAN_OBSERVATION,Quercus mongolica,Quercus mongolica
127.585927,36.075928,HUMAN_OBSERVATION,Quercus mongolica,Quercus mongolica
129.024418,35.312884,HUMAN_OBSERVATION,Quercus mongolica,Quercus mongolica
127.003063,34.410832,HUMAN_OBSERVATION,Quercus mongolica,Quercus mongolica
129.000572,35.245732,HUMAN_OBSERVATION,Quercus mongolica,Quercus mongolica
128.20478,36.48487,HUMAN_OBSERVATION,Quercus mongolica,Quercus mongolica
128.192417,36.481134,HUMAN_OBSERVATION,Quercus mongolica,Quercus mongolica
128.192417,36.481134,HUMAN_OBSERVATION,Quercus mongolica,Quercus mongolica
128.20488,36.484896,HUMAN_OBSERVATION,Quercus mongolica,Quercus mongolica
127.573713,36.071676,HUMAN_OBSERVATION,Quercus mongolica,Quercus mongolica
127.573713,36.071676,HUMAN_OBSERVATION,Quercus mongolica,Quercus mongolica
129.025074,35.314171,HUMAN_OBSERVATION,Quercus mongolica,Quercus mongolica
127.573355,36.072256,HUMAN_OBSERVATION,Quercus mongolica,Quercus mongolica
129.000913,35.250432000000004,HUMAN_OBSERVATION,Quercus mongolica,Quercus mongolica
129.000913,35.250432000000004,HUMAN_OBSERVATION,Quercus mongolica,Quercus mongolica
127.013337,34.410086,HUMAN_OBSERVATION,Quercus mongolica,Quercus mongolica
128.20543,36.48499,HUMAN_OBSERVATION,Quercus mongolica,Quercus mongolica
129.024998,35.913037,HUMAN_OBSERVATION,Quercus mongolica,Quercus mongolica
129.00107,35.245961,HUMAN_OBSERVATION,Quercus mongolica,Quercus mongolica
129.00107,35.245961,HUMAN_OBSERVATION,Quercus mongolica,Quercus mongolica
127.573579,36.073182,HUMAN_OBSERVATION,Quercus mongolica,Quercus mongolica
127.573579,36.073182,HUMAN_OBSERVATION,Quercus mongolica,Quercus mongolica
128.192417,36.481134,HUMAN_OBSERVATION,Quercus mongolica,Quercus mongolica
128.19214,36.481298,HUMAN_OBSERVATION,Quercus mongolica,Quercus mongolica
128.19214,36.481298,HUMAN_OBSERVATION,Quercus mongolica,Quercus mongolica
127.582966,36.071572,HUMAN_OBSERVATION,Quercus mongolica,Quercus mongolica
129.023333,35.312089,HUMAN_OBSERVATION,Quercus mongolica,Quercus mongolica
128.20534,36.48499,HUMAN_OBSERVATION,Quercus mongolica,Quercus mongolica
129.000757,35.251819,HUMAN_OBSERVATION,Quercus mongolica,Quercus mongolica
128.21128,36.48286,HUMAN_OBSERVATION,Quercus mongolica,Quercus mongolica
129.000613,35.251567,HUMAN_OBSERVATION,Quercus mongolica,Quercus mongolica
128.19248,36.48119,HUMAN_OBSERVATION,Quercus mongolica,Quercus mongolica
127.013337,34.410086,HUMAN_OBSERVATION,Quercus mongolica,Quercus mongolica
129.001039,35.245129,HUMAN_OBSERVATION,Quercus mongolica,Quercus mongolica
129.001039,35.245129,HUMAN_OBSERVATION,Quercus mongolica,Quercus mongolica
129.000826,35.245177,HUMAN_OBSERVATION,Quercus mongolica,Quercus mongolica
129.000826,35.245177,HUMAN_OBSERVATION,Quercus mongolica,Quercus mongolica
128.21162,36.48291,HUMAN_OBSERVATION,Quercus mongolica,Quercus mongolica
128.192829,36.481047,HUMAN_OBSERVATION,Quercus mongolica,Quercus mongolica
128.192829,36.481047,HUMAN_OBSERVATION,Quercus mongolica,Quercus mongolica
127.580816,36.071055,HUMAN_OBSERVATION,Quercus mongolica,Quercus mongolica
127.580816,36.071055,HUMAN_OBSERVATION,Quercus mongolica,Quercus mongolica
129.000926,35.244925,HUMAN_OBSERVATION,Quercus mongolica,Quercus mongolica
128.21151,36.48281,HUMAN_OBSERVATION,Quercus mongolica,Quercus mongolica
127.012829,34.41083,HUMAN_OBSERVATION,Quercus mongolica,Quercus mongolica
129.060771,35.23563,HUMAN_OBSERVATION,Quercus mongolica,Quercus mongolica
127.580816,36.071055,HUMAN_OBSERVATION,Quercus mongolica,Quercus mongolica
127.573713,36.071676,HUMAN_OBSERVATION,Quercus mongolica,Quercus mongolica
129.06073,35.235793,HUMAN_OBSERVATION,Quercus mongolica,Quercus mongolica
129.06073,35.235793,HUMAN_OBSERVATION,Quercus mongolica,Quercus mongolica
129.06073,35.235793,HUMAN_OBSERVATION,Quercus mongolica,Quercus mongolica
129.000625,35.245333,HUMAN_OBSERVATION,Quercus mongolica,Quercus mongolica
128.19284,36.48115,HUMAN_OBSERVATION,Quercus mongolica,Quercus mongolica
128.19284,36.48115,HUMAN_OBSERVATION,Quercus mongolica,Quercus mongolica
128.19303,36.48109,HUMAN_OBSERVATION,Quercus mongolica,Quercus mongolica
127.01180600000001,34.405964,HUMAN_OBSERVATION,Quercus mongolica,Quercus mongolica
129.060541,35.234612,HUMAN_OBSERVATION,Quercus mongolica,Quercus mongolica
129.060541,35.234612,HUMAN_OBSERVATION,Quercus mongolica,Quercus mongolica
129.060541,35.234612,HUMAN_OBSERVATION,Quercus mongolica,Quercus mongolica
117.345373,40.650518,HUMAN_OBSERVATION,Quercus mongolica,Quercus mongolica
133.473074,45.197145,HUMAN_OBSERVATION,Quercus mongolica,Quercus mongolica
128.346863,36.840717,HUMAN_OBSERVATION,Quercus mongolica,Quercus mongolica
126.622337,36.669967,HUMAN_OBSERVATION,Quercus mongolica,Quercus mongolica
126.622337,36.669967,HUMAN_OBSERVATION,Quercus mongolica,Quercus mongolica
128.346863,36.840717,HUMAN_OBSERVATION,Quercus mongolica,Quercus mongolica
131.914009,43.190394,HUMAN_OBSERVATION,Quercus mongolica,Quercus mongolica
131.91135,43.188777,HUMAN_OBSERVATION,Quercus mongolica,Quercus mongolica
127.221822,37.593524,HUMAN_OBSERVATION,Quercus mongolica,Quercus mongolica
126.90366,37.59624,HUMAN_OBSERVATION,Quercus mongolica,Quercus mongolica
126.90366,37.59624,HUMAN_OBSERVATION,Quercus mongolica,Quercus mongolica
126.653461,36.706614,HUMAN_OBSERVATION,Quercus mongolica,Quercus mongolica
126.653461,36.706614,HUMAN_OBSERVATION,Quercus mongolica,Quercus mongolica
126.633608,36.664917,HUMAN_OBSERVATION,Quercus mongolica,Quercus mongolica
126.633608,36.664917,HUMAN_OBSERVATION,Quercus mongolica,Quercus mongolica
126.630128,36.693175,HUMAN_OBSERVATION,Quercus mongolica,Quercus mongolica
127.03465,37.541958,HUMAN_OBSERVATION,Quercus mongolica,Quercus mongolica
126.5231,37.702291,HUMAN_OBSERVATION,Quercus mongolica,Quercus mongolica
115.787063,39.705095,HUMAN_OBSERVATION,Quercus mongolica,Quercus mongolica
116.371228,40.482829,HUMAN_OBSERVATION,Quercus mongolica,Quercus mongolica
131.958897,43.414057,HUMAN_OBSERVATION,Quercus mongolica,Quercus mongolica
131.97647,43.210409,HUMAN_OBSERVATION,Quercus mongolica,Quercus mongolica
131.976557,43.212006,HUMAN_OBSERVATION,Quercus mongolica,Quercus mongolica
131.406866,43.871032,HUMAN_OBSERVATION,Quercus mongolica,Quercus mongolica
132.163382,43.20821,HUMAN_OBSERVATION,Quercus mongolica,Quercus mongolica
132.160972,43.207369,HUMAN_OBSERVATION,Quercus mongolica,Quercus mongolica
140.687637,42.895023,HUMAN_OBSERVATION,Quercus mongolica,Quercus mongolica
130.750803,42.411277,HUMAN_OBSERVATION,Quercus mongolica,Quercus mongolica
131.876416,42.954214,HUMAN_OBSERVATION,Quercus mongolica,Quercus mongolica
132.098849,43.260289,HUMAN_OBSERVATION,Quercus mongolica,Quercus mongolica
131.977826,43.218536,HUMAN_OBSERVATION,Quercus mongolica,Quercus mongolica
133.696935,42.880649,HUMAN_OBSERVATION,Quercus mongolica,Quercus mongolica
131.165741,42.605766,HUMAN_OBSERVATION,Quercus mongolica,Quercus mongolica
130.67217,42.64055,HUMAN_OBSERVATION,Quercus mongolica,Quercus mongolica
137.659242,36.697147,HUMAN_OBSERVATION,Quercus mongolica,Quercus mongolica
135.650056,48.645339,HUMAN_OBSERVATION,Quercus mongolica,Quercus mongolica
128.117722,51.444744,HUMAN_OBSERVATION,Quercus mongolica,Quercus mongolica
131.907241,43.014139,HUMAN_OBSERVATION,Quercus mongolica,Quercus mongolica
135.650117,48.645244,HUMAN_OBSERVATION,Quercus mongolica,Quercus mongolica
131.9919,43.2239,HUMAN_OBSERVATION,Quercus mongolica,Quercus mongolica
131.9423,43.3571,HUMAN_OBSERVATION,Quercus mongolica,Quercus mongolica
131.9268,43.3527,HUMAN_OBSERVATION,Quercus mongolica,Quercus mongolica
131.9035,43.3711,HUMAN_OBSERVATION,Quercus mongolica,Quercus mongolica
131.942,43.3572,HUMAN_OBSERVATION,Quercus mongolica,Quercus mongolica
132.1246,43.35,HUMAN_OBSERVATION,Quercus mongolica,Quercus mongolica
131.942,43.3572,HUMAN_OBSERVATION,Quercus mongolica,Quercus mongolica
131.9035,43.3711,HUMAN_OBSERVATION,Quercus mongolica,Quercus mongolica
131.9423,43.3571,HUMAN_OBSERVATION,Quercus mongolica,Quercus mongolica
145.50019699999999,43.880705,HUMAN_OBSERVATION,Quercus mongolica,Quercus mongolica
132.646572,44.484703,HUMAN_OBSERVATION,Quercus mongolica,Quercus mongolica
131.99545,45.060144,HUMAN_OBSERVATION,Quercus mongolica,Quercus mongolica
132.004267,45.149506,HUMAN_OBSERVATION,Quercus mongolica,Quercus mongolica
133.174472,43.098319,HUMAN_OBSERVATION,Quercus mongolica,Quercus mongolica
131.984258,43.730936,HUMAN_OBSERVATION,Quercus mongolica,Quercus mongolica
131.988497,43.734592,HUMAN_OBSERVATION,Quercus mongolica,Quercus mongolica
133.285002,36.338326,HUMAN_OBSERVATION,Quercus mongolica,Quercus mongolica
116.767242,40.560108,HUMAN_OBSERVATION,Quercus mongolica,Quercus mongolica
132.454094,43.878436,HUMAN_OBSERVATION,Quercus mongolica,Quercus mongolica
128.168214,51.525019,HUMAN_OBSERVATION,Quercus mongolica,Quercus mongolica
131.876388,42.955475,HUMAN_OBSERVATION,Quercus mongolica,Quercus mongolica
131.925415,43.00489,HUMAN_OBSERVATION,Quercus mongolica,Quercus mongolica
131.865448,43.023441,HUMAN_OBSERVATION,Quercus mongolica,Quercus mongolica
115.748733,40.163578,HUMAN_OBSERVATION,Quercus mongolica,Quercus mongolica
140.891762,40.430438,HUMAN_OBSERVATION,Quercus mongolica,Quercus mongolica
131.74595,42.986874,HUMAN_OBSERVATION,Quercus mongolica,Quercus mongolica
131.210983,42.578716,HUMAN_OBSERVATION,Quercus mongolica,Quercus mongolica
131.90062,43.057339,HUMAN_OBSERVATION,Quercus mongolica,Quercus mongolica
131.218039,42.604225,HUMAN_OBSERVATION,Quercus mongolica,Quercus mongolica
131.877588,42.958538,HUMAN_OBSERVATION,Quercus mongolica,Quercus mongolica
139.445405,36.751213,HUMAN_OBSERVATION,Quercus mongolica,Quercus mongolica
139.432755,36.782178,HUMAN_OBSERVATION,Quercus mongolica,Quercus mongolica
141.0309,45.342392,HUMAN_OBSERVATION,Quercus mongolica,Quercus mongolica
139.802167,36.949596,HUMAN_OBSERVATION,Quercus mongolica,Quercus mongolica
135.0447,48.3603,HUMAN_OBSERVATION,Quercus mongolica,Quercus mongolica
131.9235,43.117,HUMAN_OBSERVATION,Quercus mongolica,Quercus mongolica
145.513292,43.858586,HUMAN_OBSERVATION,Quercus mongolica,Quercus mongolica
127.034592,37.542345,HUMAN_OBSERVATION,Quercus mongolica,Quercus mongolica
127.034317,37.543118,HUMAN_OBSERVATION,Quercus mongolica,Quercus mongolica
126.256602,37.172576,HUMAN_OBSERVATION,Quercus mongolica,Quercus mongolica
142.541044,46.710549,HUMAN_OBSERVATION,Quercus mongolica,Quercus mongolica
137.800918,35.960212,HUMAN_OBSERVATION,Quercus mongolica,Quercus mongolica
131.916076,43.000986,HUMAN_OBSERVATION,Quercus mongolica,Quercus mongolica
131.972008,43.22737,HUMAN_OBSERVATION,Quercus mongolica,Quercus mongolica
131.978142,43.229632,HUMAN_OBSERVATION,Quercus mongolica,Quercus mongolica
126.889325,37.400715,HUMAN_OBSERVATION,Quercus mongolica,Quercus mongolica
132.20758,43.641467,HUMAN_OBSERVATION,Quercus mongolica,Quercus mongolica
131.84732,43.5998,HUMAN_OBSERVATION,Quercus mongolica,Quercus mongolica
132.898743,43.174973,HUMAN_OBSERVATION,Quercus mongolica,Quercus mongolica
131.341269,43.330351,HUMAN_OBSERVATION,Quercus mongolica,Quercus mongolica
131.184319,42.978948,HUMAN_OBSERVATION,Quercus mongolica,Quercus mongolica
131.354724,43.23214,HUMAN_OBSERVATION,Quercus mongolica,Quercus mongolica
131.551781,43.366022,HUMAN_OBSERVATION,Quercus mongolica,Quercus mongolica
131.557657,43.353652,HUMAN_OBSERVATION,Quercus mongolica,Quercus mongolica
131.150266,42.990772,HUMAN_OBSERVATION,Quercus mongolica,Quercus mongolica
131.128277,42.844898,HUMAN_OBSERVATION,Quercus mongolica,Quercus mongolica
131.359426,43.296915,HUMAN_OBSERVATION,Quercus mongolica,Quercus mongolica
131.311343,43.273868,HUMAN_OBSERVATION,Quercus mongolica,Quercus mongolica
131.182786,42.982272,HUMAN_OBSERVATION,Quercus mongolica,Quercus mongolica
131.310572,43.274716,HUMAN_OBSERVATION,Quercus mongolica,Quercus mongolica
131.184071,42.979306,HUMAN_OBSERVATION,Quercus mongolica,Quercus mongolica
131.138255,43.01807,HUMAN_OBSERVATION,Quercus mongolica,Quercus mongolica
131.188559,42.987946,HUMAN_OBSERVATION,Quercus mongolica,Quercus mongolica
131.188415,42.988746,HUMAN_OBSERVATION,Quercus mongolica,Quercus mongolica
129.498763,45.594047,HUMAN_OBSERVATION,Quercus mongolica,Quercus mongolica
129.504547,45.595317,HUMAN_OBSERVATION,Quercus mongolica,Quercus mongolica
128.433111,36.897028,PRESERVED_SPECIMEN,Quercus mongolica,Quercus mongolica
126.635323,36.718375,HUMAN_OBSERVATION,Quercus mongolica,Quercus mongolica
145.528503,43.85182,HUMAN_OBSERVATION,Quercus mongolica,Quercus mongolica
145.526505,43.852195,HUMAN_OBSERVATION,Quercus mongolica,Quercus mongolica
145.505555,43.862812,HUMAN_OBSERVATION,Quercus mongolica,Quercus mongolica
145.504897,43.863022,HUMAN_OBSERVATION,Quercus mongolica,Quercus mongolica
131.144593,43.019428,HUMAN_OBSERVATION,Quercus mongolica,Quercus mongolica
131.923936,42.990027,HUMAN_OBSERVATION,Quercus mongolica,Quercus mongolica
132.151359,43.227291,HUMAN_OBSERVATION,Quercus mongolica,Quercus mongolica
132.148436,43.225777,HUMAN_OBSERVATION,Quercus mongolica,Quercus mongolica
132.151151,43.227797,HUMAN_OBSERVATION,Quercus mongolica,Quercus mongolica
131.721473,42.918491,HUMAN_OBSERVATION,Quercus mongolica,Quercus mongolica
132.14573,43.213642,HUMAN_OBSERVATION,Quercus mongolica,Quercus mongolica
131.987007,43.221166,HUMAN_OBSERVATION,Quercus mongolica,Quercus mongolica
131.71481,42.906161,HUMAN_OBSERVATION,Quercus mongolica,Quercus mongolica
131.734013,42.906163,HUMAN_OBSERVATION,Quercus mongolica,Quercus mongolica
131.877291,42.958277,HUMAN_OBSERVATION,Quercus mongolica,Quercus mongolica
144.101161,43.438391,HUMAN_OBSERVATION,Quercus mongolica,Quercus mongolica
142.356063,43.323044,HUMAN_OBSERVATION,Quercus mongolica,Quercus mongolica
135.442462,43.926772,HUMAN_OBSERVATION,Quercus mongolica,Quercus mongolica
135.445527,43.925889,HUMAN_OBSERVATION,Quercus mongolica,Quercus mongolica
135.444862,43.925446,HUMAN_OBSERVATION,Quercus mongolica,Quercus mongolica
126.53714,52.921757,HUMAN_OBSERVATION,Quercus mongolica,Quercus mongolica
130.841493,49.128852,HUMAN_OBSERVATION,Quercus mongolica,Quercus mongolica
127.784308,52.00022,HUMAN_OBSERVATION,Quercus mongolica,Quercus mongolica
136.745048,50.274233,HUMAN_OBSERVATION,Quercus mongolica,Quercus mongolica
135.054139,48.471736,HUMAN_OBSERVATION,Quercus mongolica,Quercus mongolica
136.779323,50.275075,HUMAN_OBSERVATION,Quercus mongolica,Quercus mongolica
131.250427,42.790421,HUMAN_OBSERVATION,Quercus mongolica,Quercus mongolica
131.72405,42.91498,HUMAN_OBSERVATION,Quercus mongolica,Quercus mongolica
135.463937,43.92825,HUMAN_OBSERVATION,Quercus mongolica,Quercus mongolica
135.46461,43.927634,HUMAN_OBSERVATION,Quercus mongolica,Quercus mongolica
131.72418,42.91506,HUMAN_OBSERVATION,Quercus mongolica,Quercus mongolica
131.740056,42.916911,HUMAN_OBSERVATION,Quercus mongolica,Quercus mongolica
135.442847,43.929367,HUMAN_OBSERVATION,Quercus mongolica,Quercus mongolica
135.44249,43.926745,HUMAN_OBSERVATION,Quercus mongolica,Quercus mongolica
135.445003,43.932962,HUMAN_OBSERVATION,Quercus mongolica,Quercus mongolica
135.446557,43.93555,HUMAN_OBSERVATION,Quercus mongolica,Quercus mongolica
135.445611,43.923975,HUMAN_OBSERVATION,Quercus mongolica,Quercus mongolica
135.44291,43.929017,HUMAN_OBSERVATION,Quercus mongolica,Quercus mongolica
135.442891,43.929607,HUMAN_OBSERVATION,Quercus mongolica,Quercus mongolica
135.445465,43.924463,HUMAN_OBSERVATION,Quercus mongolica,Quercus mongolica
135.445329,43.935502,HUMAN_OBSERVATION,Quercus mongolica,Quercus mongolica
131.717848,42.920075,HUMAN_OBSERVATION,Quercus mongolica,Quercus mongolica
131.727416,42.912436,HUMAN_OBSERVATION,Quercus mongolica,Quercus mongolica
135.442091,43.928808,HUMAN_OBSERVATION,Quercus mongolica,Quercus mongolica
135.440257,43.930566,HUMAN_OBSERVATION,Quercus mongolica,Quercus mongolica
135.458698,43.934198,HUMAN_OBSERVATION,Quercus mongolica,Quercus mongolica
135.465211,43.927454,HUMAN_OBSERVATION,Quercus mongolica,Quercus mongolica
131.740422,42.916852,HUMAN_OBSERVATION,Quercus mongolica,Quercus mongolica
135.442485,43.926744,HUMAN_OBSERVATION,Quercus mongolica,Quercus mongolica
135.466482,43.927061,HUMAN_OBSERVATION,Quercus mongolica,Quercus mongolica
131.720295,42.909869,HUMAN_OBSERVATION,Quercus mongolica,Quercus mongolica
135.437824,43.930775,HUMAN_OBSERVATION,Quercus mongolica,Quercus mongolica
132.720697,42.893575,HUMAN_OBSERVATION,Quercus mongolica,Quercus mongolica
135.441491,43.928051,HUMAN_OBSERVATION,Quercus mongolica,Quercus mongolica
135.445056,43.932914,HUMAN_OBSERVATION,Quercus mongolica,Quercus mongolica
135.442512,43.926729,HUMAN_OBSERVATION,Quercus mongolica,Quercus mongolica
131.928106,43.013194,HUMAN_OBSERVATION,Quercus mongolica,Quercus mongolica
141.255387,38.989376,HUMAN_OBSERVATION,Quercus mongolica,Quercus mongolica
143.303073,42.931129,HUMAN_OBSERVATION,Quercus mongolica,Quercus mongolica
136.689856,50.265103,HUMAN_OBSERVATION,Quercus mongolica,Quercus mongolica
139.083633,36.743985,HUMAN_OBSERVATION,Quercus mongolica,Quercus mongolica
131.92317,42.990226,HUMAN_OBSERVATION,Quercus mongolica,Quercus mongolica
142.159714,46.013942,HUMAN_OBSERVATION,Quercus mongolica,Quercus mongolica
142.738225,46.899334,HUMAN_OBSERVATION,Quercus mongolica,Quercus mongolica
126.53216,33.368667,HUMAN_OBSERVATION,Quercus mongolica,Quercus mongolica
135.44888,43.958559,HUMAN_OBSERVATION,Quercus mongolica,Quercus mongolica
135.447176,43.958199,HUMAN_OBSERVATION,Quercus mongolica,Quercus mongolica
135.519417,43.937138,HUMAN_OBSERVATION,Quercus mongolica,Quercus mongolica
135.468876,43.921312,HUMAN_OBSERVATION,Quercus mongolica,Quercus mongolica
131.642075,43.365203,HUMAN_OBSERVATION,Quercus mongolica,Quercus mongolica
139.691026,36.922666,HUMAN_OBSERVATION,Quercus mongolica,Quercus mongolica
131.641831,43.365269,HUMAN_OBSERVATION,Quercus mongolica,Quercus mongolica
135.515796,43.92596,HUMAN_OBSERVATION,Quercus mongolica,Quercus mongolica
131.990893,43.222894,HUMAN_OBSERVATION,Quercus mongolica,Quercus mongolica
132.979165,48.66399,HUMAN_OBSERVATION,Quercus mongolica,Quercus mongolica
126.537163,52.92196,HUMAN_OBSERVATION,Quercus mongolica,Quercus mongolica
115.772775,40.567803,HUMAN_OBSERVATION,Quercus mongolica,Quercus mongolica
115.774917,40.565462,HUMAN_OBSERVATION,Quercus mongolica,Quercus mongolica
135.451113,43.958381,HUMAN_OBSERVATION,Quercus mongolica,Quercus mongolica
131.823636,43.562958,HUMAN_OBSERVATION,Quercus mongolica,Quercus mongolica
131.82324499999999,43.563274,HUMAN_OBSERVATION,Quercus mongolica,Quercus mongolica
135.437908,43.940507,HUMAN_OBSERVATION,Quercus mongolica,Quercus mongolica
135.459442,43.921915,HUMAN_OBSERVATION,Quercus mongolica,Quercus mongolica
135.430325,43.932183,HUMAN_OBSERVATION,Quercus mongolica,Quercus mongolica
135.512868,43.939556,HUMAN_OBSERVATION,Quercus mongolica,Quercus mongolica
135.446178,43.946854,HUMAN_OBSERVATION,Quercus mongolica,Quercus mongolica
135.455434,43.921409,HUMAN_OBSERVATION,Quercus mongolica,Quercus mongolica
135.455222,43.921249,HUMAN_OBSERVATION,Quercus mongolica,Quercus mongolica
131.830708,43.559982,HUMAN_OBSERVATION,Quercus mongolica,Quercus mongolica
145.487258,43.869786,HUMAN_OBSERVATION,Quercus mongolica,Quercus mongolica
141.266846,42.964821,HUMAN_OBSERVATION,Quercus mongolica,Quercus mongolica
141.231766,42.958927,HUMAN_OBSERVATION,Quercus mongolica,Quercus mongolica
141.311222,43.05525,HUMAN_OBSERVATION,Quercus mongolica,Quercus mongolica
141.231766,42.958927,HUMAN_OBSERVATION,Quercus mongolica,Quercus mongolica
126.649944,36.46625,PRESERVED_SPECIMEN,Quercus mongolica,Quercus mongolica
136.954426,50.565554,HUMAN_OBSERVATION,Quercus mongolica,Quercus mongolica
134.7686,48.2737,HUMAN_OBSERVATION,Quercus mongolica,Quercus mongolica
145.545853,43.9274,HUMAN_OBSERVATION,Quercus mongolica,Quercus mongolica
145.050208,43.801041,HUMAN_OBSERVATION,Quercus mongolica,Quercus mongolica
130.707839,42.542989,HUMAN_OBSERVATION,Quercus mongolica,Quercus mongolica
129.051117,35.279245,HUMAN_OBSERVATION,Quercus mongolica,Quercus mongolica
129.163192,35.184758,HUMAN_OBSERVATION,Quercus mongolica,Quercus mongolica
131.916322,42.99922,HUMAN_OBSERVATION,Quercus mongolica,Quercus mongolica
129.163397,35.184713,HUMAN_OBSERVATION,Quercus mongolica,Quercus mongolica
133.717317,43.245986,HUMAN_OBSERVATION,Quercus mongolica,Quercus mongolica
133.000075,43.002272,HUMAN_OBSERVATION,Quercus mongolica,Quercus mongolica
130.308354,33.418155,HUMAN_OBSERVATION,Quercus mongolica,Quercus mongolica
131.99980300000001,45.158172,HUMAN_OBSERVATION,Quercus mongolica,Quercus mongolica
131.982637,44.43135,HUMAN_OBSERVATION,Quercus mongolica,Quercus mongolica
131.9635,44.915672,HUMAN_OBSERVATION,Quercus mongolica,Quercus mongolica
132.003267,45.154531,HUMAN_OBSERVATION,Quercus mongolica,Quercus mongolica
138.208654,36.823072,HUMAN_OBSERVATION,Quercus mongolica,Quercus mongolica
139.451767,36.769539,HUMAN_OBSERVATION,Quercus mongolica,Quercus mongolica
135.056747,48.185105,HUMAN_OBSERVATION,Quercus mongolica,Quercus mongolica
127.091661,37.394826,HUMAN_OBSERVATION,Quercus mongolica,Quercus mongolica
137.626633,36.246869,HUMAN_OBSERVATION,Quercus mongolica,Quercus mongolica
137.553283,36.193317,HUMAN_OBSERVATION,Quercus mongolica,Quercus mongolica
140.68917,38.727805,HUMAN_OBSERVATION,Quercus mongolica,Quercus mongolica
126.993646,37.555072,HUMAN_OBSERVATION,Quercus mongolica,Quercus mongolica
144.230881,43.995022,HUMAN_OBSERVATION,Quercus mongolica,Quercus mongolica
141.167695,42.965033,HUMAN_OBSERVATION,Quercus mongolica,Quercus mongolica
126.992072,37.551342,HUMAN_OBSERVATION,Quercus mongolica,Quercus mongolica
126.992072,37.551342,HUMAN_OBSERVATION,Quercus mongolica,Quercus mongolica
138.288656,36.069529,HUMAN_OBSERVATION,Quercus mongolica,Quercus mongolica
127.025306,37.687412,HUMAN_OBSERVATION,Quercus mongolica,Quercus mongolica
127.002792,37.603436,HUMAN_OBSERVATION,Quercus mongolica,Quercus mongolica
126.9689,37.63798,HUMAN_OBSERVATION,Quercus mongolica,Quercus mongolica
128.86,37.77111,HUMAN_OBSERVATION,Quercus mongolica,Quercus mongolica
127.7595,38.12332,HUMAN_OBSERVATION,Quercus mongolica,Quercus mongolica
128.4024,38.24275,HUMAN_OBSERVATION,Quercus mongolica,Quercus mongolica
127.918365,35.607863,HUMAN_OBSERVATION,Quercus mongolica,Quercus mongolica
131.942128,43.745439,HUMAN_OBSERVATION,Quercus mongolica,Quercus mongolica
131.663067,43.918719,HUMAN_OBSERVATION,Quercus mongolica,Quercus mongolica
131.660808,43.917983,HUMAN_OBSERVATION,Quercus mongolica,Quercus mongolica
131.921585,43.001864,HUMAN_OBSERVATION,Quercus mongolica,Quercus mongolica
131.925546,43.004015,HUMAN_OBSERVATION,Quercus mongolica,Quercus mongolica
116.052911,40.077295,HUMAN_OBSERVATION,Quercus mongolica,Quercus mongolica
116.058686,40.07842,HUMAN_OBSERVATION,Quercus mongolica,Quercus mongolica
116.060081,40.077931,HUMAN_OBSERVATION,Quercus mongolica,Quercus mongolica
116.059731,40.077825,HUMAN_OBSERVATION,Quercus mongolica,Quercus mongolica
126.962743,37.585749,HUMAN_OBSERVATION,Quercus mongolica,Quercus mongolica
127.198526,37.474624,HUMAN_OBSERVATION,Quercus mongolica,Quercus mongolica
128.9139,37.74972,HUMAN_OBSERVATION,Quercus mongolica,Quercus mongolica
126.4451,35.82839,HUMAN_OBSERVATION,Quercus mongolica,Quercus mongolica
126.4448,35.82884,HUMAN_OBSERVATION,Quercus mongolica,Quercus mongolica
127.6882,35.94983,HUMAN_OBSERVATION,Quercus mongolica,Quercus mongolica
131.134769,42.626931,HUMAN_OBSERVATION,Quercus mongolica,Quercus mongolica
131.13419,42.623171,HUMAN_OBSERVATION,Quercus mongolica,Quercus mongolica
131.986611,43.221438,HUMAN_OBSERVATION,Quercus mongolica,Quercus mongolica
131.883255,43.551151,HUMAN_OBSERVATION,Quercus mongolica,Quercus mongolica
131.140361,42.615858,HUMAN_OBSERVATION,Quercus mongolica,Quercus mongolica
131.729813,42.954242,HUMAN_OBSERVATION,Quercus mongolica,Quercus mongolica
132.89447,33.72243,HUMAN_OBSERVATION,Quercus mongolica,Quercus mongolica
115.580453,39.832537,HUMAN_OBSERVATION,Quercus mongolica,Quercus mongolica
128.994904,37.169807,HUMAN_OBSERVATION,Quercus mongolica,Quercus mongolica
129.010422,37.151707,HUMAN_OBSERVATION,Quercus mongolica,Quercus mongolica
129.008041,37.159279,HUMAN_OBSERVATION,Quercus mongolica,Quercus mongolica
129.00621,37.171043,HUMAN_OBSERVATION,Quercus mongolica,Quercus mongolica
129.026001,37.156326,HUMAN_OBSERVATION,Quercus mongolica,Quercus mongolica
128.386246,37.674389,PRESERVED_SPECIMEN,Quercus mongolica,Quercus mongolica
115.574058,39.83758,HUMAN_OBSERVATION,Quercus mongolica,Quercus mongolica
115.588587,39.82878,HUMAN_OBSERVATION,Quercus mongolica,Quercus mongolica
115.581742,39.831933,HUMAN_OBSERVATION,Quercus mongolica,Quercus mongolica
127.065752,37.426602,HUMAN_OBSERVATION,Quercus mongolica,Quercus mongolica
127.144604,37.420244,HUMAN_OBSERVATION,Quercus mongolica,Quercus mongolica
127.064326,37.427018,HUMAN_OBSERVATION,Quercus mongolica,Quercus mongolica
127.06415,37.426995,HUMAN_OBSERVATION,Quercus mongolica,Quercus mongolica
127.181729,37.465284,HUMAN_OBSERVATION,Quercus mongolica,Quercus mongolica
127.062339,37.42757,HUMAN_OBSERVATION,Quercus mongolica,Quercus mongolica
127.182086,37.467339,HUMAN_OBSERVATION,Quercus mongolica,Quercus mongolica
127.18204,37.465672,HUMAN_OBSERVATION,Quercus mongolica,Quercus mongolica
127.072997,37.423118,HUMAN_OBSERVATION,Quercus mongolica,Quercus mongolica
127.072063,37.423998,HUMAN_OBSERVATION,Quercus mongolica,Quercus mongolica
127.182294,37.466627,HUMAN_OBSERVATION,Quercus mongolica,Quercus mongolica
127.098467,37.452722,HUMAN_OBSERVATION,Quercus mongolica,Quercus mongolica
127.038897,37.394912,HUMAN_OBSERVATION,Quercus mongolica,Quercus mongolica
127.173014,37.458315,HUMAN_OBSERVATION,Quercus mongolica,Quercus mongolica
127.185518,37.435356,HUMAN_OBSERVATION,Quercus mongolica,Quercus mongolica
127.09606,37.346582,HUMAN_OBSERVATION,Quercus mongolica,Quercus mongolica
127.09536,37.346392,HUMAN_OBSERVATION,Quercus mongolica,Quercus mongolica
127.148377,37.40458,HUMAN_OBSERVATION,Quercus mongolica,Quercus mongolica
127.160432,37.384946,HUMAN_OBSERVATION,Quercus mongolica,Quercus mongolica
127.146498,37.404254,HUMAN_OBSERVATION,Quercus mongolica,Quercus mongolica
127.065243,37.423544,HUMAN_OBSERVATION,Quercus mongolica,Quercus mongolica
127.160471,37.384855,HUMAN_OBSERVATION,Quercus mongolica,Quercus mongolica
127.059173,37.420108,HUMAN_OBSERVATION,Quercus mongolica,Quercus mongolica
127.062532,37.421498,HUMAN_OBSERVATION,Quercus mongolica,Quercus mongolica
127.16471,37.383773,HUMAN_OBSERVATION,Quercus mongolica,Quercus mongolica
127.169236,37.469101,HUMAN_OBSERVATION,Quercus mongolica,Quercus mongolica
127.162833,37.471181,HUMAN_OBSERVATION,Quercus mongolica,Quercus mongolica
127.07239,37.400828,HUMAN_OBSERVATION,Quercus mongolica,Quercus mongolica
127.072589,37.401014,HUMAN_OBSERVATION,Quercus mongolica,Quercus mongolica
127.068428,37.401685,HUMAN_OBSERVATION,Quercus mongolica,Quercus mongolica
127.07214,37.400573,HUMAN_OBSERVATION,Quercus mongolica,Quercus mongolica
127.072421,37.402369,HUMAN_OBSERVATION,Quercus mongolica,Quercus mongolica
132.810791,42.757664,HUMAN_OBSERVATION,Quercus mongolica,Quercus mongolica
135.165436,48.525082,HUMAN_OBSERVATION,Quercus mongolica,Quercus mongolica
129.117325,35.244903,HUMAN_OBSERVATION,Quercus mongolica,Quercus mongolica
127.0925,37.33501,HUMAN_OBSERVATION,Quercus mongolica,Quercus mongolica
127.135,37.6168,HUMAN_OBSERVATION,Quercus mongolica,Quercus mongolica
127.2976,35.79772,HUMAN_OBSERVATION,Quercus mongolica,Quercus mongolica
126.6707,36.12019,HUMAN_OBSERVATION,Quercus mongolica,Quercus mongolica
141.962922,46.866123,HUMAN_OBSERVATION,Quercus mongolica,Quercus mongolica
135.108467,48.620045,HUMAN_OBSERVATION,Quercus mongolica,Quercus mongolica
131.928803,43.011833,HUMAN_OBSERVATION,Quercus mongolica,Quercus mongolica
131.92592,43.010508,HUMAN_OBSERVATION,Quercus mongolica,Quercus mongolica
137.025483,50.622157,HUMAN_OBSERVATION,Quercus mongolica,Quercus mongolica
131.9254,43.004728,HUMAN_OBSERVATION,Quercus mongolica,Quercus mongolica
131.926238,43.010942,HUMAN_OBSERVATION,Quercus mongolica,Quercus mongolica
131.934478,43.077903,HUMAN_OBSERVATION,Quercus mongolica,Quercus mongolica
132.405883,43.325028,HUMAN_OBSERVATION,Quercus mongolica,Quercus mongolica
132.401292,43.326328,HUMAN_OBSERVATION,Quercus mongolica,Quercus mongolica
132.403717,43.324567,HUMAN_OBSERVATION,Quercus mongolica,Quercus mongolica
116.021806,40.074864,HUMAN_OBSERVATION,Quercus mongolica,Quercus mongolica
116.05175,40.090247,HUMAN_OBSERVATION,Quercus mongolica,Quercus mongolica
126.992195,37.550255,HUMAN_OBSERVATION,Quercus mongolica,Quercus mongolica
115.59207,40.05069,HUMAN_OBSERVATION,Quercus mongolica,Quercus mongolica
127.14826,37.381803,HUMAN_OBSERVATION,Quercus mongolica,Quercus mongolica
127.155623,37.381389,HUMAN_OBSERVATION,Quercus mongolica,Quercus mongolica
138.20752,35.430512,HUMAN_OBSERVATION,Quercus mongolica,Quercus mongolica
135.0383,48.5699,HUMAN_OBSERVATION,Quercus mongolica,Quercus mongolica
127.1469,35.7924,HUMAN_OBSERVATION,Quercus mongolica,Quercus mongolica
127.5231,35.2975,HUMAN_OBSERVATION,Quercus mongolica,Quercus mongolica
120.653913,36.168819,HUMAN_OBSERVATION,Quercus mongolica,Quercus mongolica
141.987303,47.289923,HUMAN_OBSERVATION,Quercus mongolica,Quercus mongolica
141.937987,46.831895,HUMAN_OBSERVATION,Quercus mongolica,Quercus mongolica
131.879868,42.973892,HUMAN_OBSERVATION,Quercus mongolica,Quercus mongolica
131.925221,43.004582,HUMAN_OBSERVATION,Quercus mongolica,Quercus mongolica
132.341499,42.915046,HUMAN_OBSERVATION,Quercus mongolica,Quercus mongolica
131.487764,42.970251,HUMAN_OBSERVATION,Quercus mongolica,Quercus mongolica
131.911545,43.029835,HUMAN_OBSERVATION,Quercus mongolica,Quercus mongolica
140.225633,37.781655,HUMAN_OBSERVATION,Quercus mongolica,Quercus mongolica
131.899522,42.966308,HUMAN_OBSERVATION,Quercus mongolica,Quercus mongolica
131.491897,43.179408,HUMAN_OBSERVATION,Quercus mongolica,Quercus mongolica
131.877386,42.95821,HUMAN_OBSERVATION,Quercus mongolica,Quercus mongolica
129.009308,37.14994,HUMAN_OBSERVATION,Quercus mongolica,Quercus mongolica
129.006531,37.171894,HUMAN_OBSERVATION,Quercus mongolica,Quercus mongolica
129.0103,37.149185,HUMAN_OBSERVATION,Quercus mongolica,Quercus mongolica
129.006165,37.172607,HUMAN_OBSERVATION,Quercus mongolica,Quercus mongolica
129.006516,37.172607,HUMAN_OBSERVATION,Quercus mongolica,Quercus mongolica
129.004852,37.172607,HUMAN_OBSERVATION,Quercus mongolica,Quercus mongolica
129.008301,37.170204,HUMAN_OBSERVATION,Quercus mongolica,Quercus mongolica
128.386295,37.682075,HUMAN_OBSERVATION,Quercus mongolica,Quercus mongolica
129.006454,37.172146,HUMAN_OBSERVATION,Quercus mongolica,Quercus mongolica
129.00618,37.170906,HUMAN_OBSERVATION,Quercus mongolica,Quercus mongolica
128.395355,37.689693,HUMAN_OBSERVATION,Quercus mongolica,Quercus mongolica
128.392517,37.682507,HUMAN_OBSERVATION,Quercus mongolica,Quercus mongolica
129.009308,37.150028,HUMAN_OBSERVATION,Quercus mongolica,Quercus mongolica
129.01033,37.150879,HUMAN_OBSERVATION,Quercus mongolica,Quercus mongolica
135.247008,43.740731,HUMAN_OBSERVATION,Quercus mongolica,Quercus mongolica
135.234761,43.727519,HUMAN_OBSERVATION,Quercus mongolica,Quercus mongolica
135.250275,43.761811,HUMAN_OBSERVATION,Quercus mongolica,Quercus mongolica
135.246747,43.755547,HUMAN_OBSERVATION,Quercus mongolica,Quercus mongolica
135.248644,43.733839,HUMAN_OBSERVATION,Quercus mongolica,Quercus mongolica
135.269225,43.755019,HUMAN_OBSERVATION,Quercus mongolica,Quercus mongolica
117.143775,40.430962,HUMAN_OBSERVATION,Quercus mongolica,Quercus mongolica
115.98677,39.923928,HUMAN_OBSERVATION,Quercus mongolica,Quercus mongolica
115.496469,40.027553,HUMAN_OBSERVATION,Quercus mongolica,Quercus mongolica
129.346222,51.048935,HUMAN_OBSERVATION,Quercus mongolica,Quercus mongolica
131.990018,43.101053,HUMAN_OBSERVATION,Quercus mongolica,Quercus mongolica
135.467394,43.898694,HUMAN_OBSERVATION,Quercus mongolica,Quercus mongolica
135.237775,43.867761,HUMAN_OBSERVATION,Quercus mongolica,Quercus mongolica
135.240175,43.865389,HUMAN_OBSERVATION,Quercus mongolica,Quercus mongolica
135.236322,43.874933,HUMAN_OBSERVATION,Quercus mongolica,Quercus mongolica
128.98103,36.16614,PRESERVED_SPECIMEN,Quercus mongolica,Quercus mongolica
128.98103,36.16614,PRESERVED_SPECIMEN,Quercus mongolica,Quercus mongolica
115.577393,39.832771,HUMAN_OBSERVATION,Quercus mongolica,Quercus mongolica
125.979312,36.124079,HUMAN_OBSERVATION,Quercus mongolica,Quercus mongolica
126.496198,33.34868,HUMAN_OBSERVATION,Quercus mongolica,Quercus mongolica
127.0924,37.33505,HUMAN_OBSERVATION,Quercus mongolica,Quercus mongolica
129.0394,37.65194,HUMAN_OBSERVATION,Quercus mongolica,Quercus mongolica
128.2304,38.01648,HUMAN_OBSERVATION,Quercus mongolica,Quercus mongolica
127.4068,37.71084,HUMAN_OBSERVATION,Quercus mongolica,Quercus mongolica
143.372108,46.332875,HUMAN_OBSERVATION,Quercus mongolica,Quercus mongolica
131.876539,43.026485,HUMAN_OBSERVATION,Quercus mongolica,Quercus mongolica
135.040126,48.541308,HUMAN_OBSERVATION,Quercus mongolica,Quercus mongolica
135.64325,44.111805,HUMAN_OBSERVATION,Quercus mongolica,Quercus mongolica
115.885368,40.55425,HUMAN_OBSERVATION,Quercus mongolica,Quercus mongolica
132.723725,42.887533,HUMAN_OBSERVATION,Quercus mongolica,Quercus mongolica
135.061674,48.291879,HUMAN_OBSERVATION,Quercus mongolica,Quercus mongolica
116.770133,40.561333,HUMAN_OBSERVATION,Quercus mongolica,Quercus mongolica
116.728753,40.556258,HUMAN_OBSERVATION,Quercus mongolica,Quercus mongolica
131.682326,43.75397,HUMAN_OBSERVATION,Quercus mongolica,Quercus mongolica
120.787304,36.040923,HUMAN_OBSERVATION,Quercus mongolica,Quercus mongolica
135.185928,48.495621,HUMAN_OBSERVATION,Quercus mongolica,Quercus mongolica
116.454568,40.950751,HUMAN_OBSERVATION,Quercus mongolica,Quercus mongolica
127.010021,37.544545,HUMAN_OBSERVATION,Quercus mongolica,Quercus mongolica
126.9029,35.5008,HUMAN_OBSERVATION,Quercus mongolica,Quercus mongolica
128.7147,35.17346,HUMAN_OBSERVATION,Quercus mongolica,Quercus mongolica
126.3676,37.53202,HUMAN_OBSERVATION,Quercus mongolica,Quercus mongolica
127.147,35.79236,HUMAN_OBSERVATION,Quercus mongolica,Quercus mongolica
127.0523,35.39521,HUMAN_OBSERVATION,Quercus mongolica,Quercus mongolica
142.759817,46.943887,HUMAN_OBSERVATION,Quercus mongolica,Quercus mongolica
147.772507,45.080915,HUMAN_OBSERVATION,Quercus mongolica,Quercus mongolica
139.76248,37.803714,HUMAN_OBSERVATION,Quercus mongolica,Quercus mongolica
131.920683,43.190383,HUMAN_OBSERVATION,Quercus mongolica,Quercus mongolica
135.110703,48.616722,HUMAN_OBSERVATION,Quercus mongolica,Quercus mongolica
128.391556,37.692013,HUMAN_OBSERVATION,Quercus mongolica,Quercus mongolica
127.517654,38.198963,PRESERVED_SPECIMEN,Quercus mongolica,Quercus mongolica
131.189662,42.606482,HUMAN_OBSERVATION,Quercus mongolica,Quercus mongolica
131.20426,42.59044,HUMAN_OBSERVATION,Quercus mongolica,Quercus mongolica
131.1498,42.583618,HUMAN_OBSERVATION,Quercus mongolica,Quercus mongolica
131.19117,42.605895,HUMAN_OBSERVATION,Quercus mongolica,Quercus mongolica
131.205863,42.60065,HUMAN_OBSERVATION,Quercus mongolica,Quercus mongolica
131.20814,42.56908,HUMAN_OBSERVATION,Quercus mongolica,Quercus mongolica
131.205863,42.60065,HUMAN_OBSERVATION,Quercus mongolica,Quercus mongolica
131.165289,42.605818,HUMAN_OBSERVATION,Quercus mongolica,Quercus mongolica
131.159966,42.62169,HUMAN_OBSERVATION,Quercus mongolica,Quercus mongolica
131.43042,42.85718,HUMAN_OBSERVATION,Quercus mongolica,Quercus mongolica
131.16019,42.61993,HUMAN_OBSERVATION,Quercus mongolica,Quercus mongolica
131.170123,42.618767,HUMAN_OBSERVATION,Quercus mongolica,Quercus mongolica
127.161408,37.384748,HUMAN_OBSERVATION,Quercus mongolica,Quercus mongolica
127.097948,37.452708,HUMAN_OBSERVATION,Quercus mongolica,Quercus mongolica
127.07398,37.423007,HUMAN_OBSERVATION,Quercus mongolica,Quercus mongolica
127.073953,37.4232,HUMAN_OBSERVATION,Quercus mongolica,Quercus mongolica
127.072137,37.423685,HUMAN_OBSERVATION,Quercus mongolica,Quercus mongolica
127.073961,37.423199,HUMAN_OBSERVATION,Quercus mongolica,Quercus mongolica
127.171766,37.470532,HUMAN_OBSERVATION,Quercus mongolica,Quercus mongolica
145.083016,44.129094,HUMAN_OBSERVATION,Quercus mongolica,Quercus mongolica
132.0121,43.24742,HUMAN_OBSERVATION,Quercus mongolica,Quercus mongolica
131.826738,43.061929,HUMAN_OBSERVATION,Quercus mongolica,Quercus mongolica
129.943671,50.06429,HUMAN_OBSERVATION,Quercus mongolica,Quercus mongolica
132.817949,48.896475,HUMAN_OBSERVATION,Quercus mongolica,Quercus mongolica
128.532254,35.696225,HUMAN_OBSERVATION,Quercus mongolica,Quercus mongolica
128.532254,35.696225,HUMAN_OBSERVATION,Quercus mongolica,Quercus mongolica
128.53232,35.696132,HUMAN_OBSERVATION,Quercus mongolica,Quercus mongolica
126.99423,37.403323,HUMAN_OBSERVATION,Quercus mongolica,Quercus mongolica
129.281984,35.575633,HUMAN_OBSERVATION,Quercus mongolica,Quercus mongolica
126.450395,33.365286,HUMAN_OBSERVATION,Quercus mongolica,Quercus mongolica
127.1066,35.69534,HUMAN_OBSERVATION,Quercus mongolica,Quercus mongolica
128.6743,37.61419,HUMAN_OBSERVATION,Quercus mongolica,Quercus mongolica
141.170278,42.97,HUMAN_OBSERVATION,Quercus mongolica,Quercus mongolica
142.757059,46.958075,HUMAN_OBSERVATION,Quercus mongolica,Quercus mongolica
127.038358,37.394822,HUMAN_OBSERVATION,Quercus mongolica,Quercus mongolica
127.095537,37.346345,HUMAN_OBSERVATION,Quercus mongolica,Quercus mongolica
127.046222,37.39606,HUMAN_OBSERVATION,Quercus mongolica,Quercus mongolica
127.159588,37.383795,HUMAN_OBSERVATION,Quercus mongolica,Quercus mongolica
127.155517,37.377107,HUMAN_OBSERVATION,Quercus mongolica,Quercus mongolica
127.71777,37.89799,PRESERVED_SPECIMEN,Quercus mongolica,Quercus mongolica
135.758333,35.341667,PRESERVED_SPECIMEN,Quercus mongolica,Quercus mongolica
135.758333,35.341667,PRESERVED_SPECIMEN,Quercus mongolica,Quercus mongolica
127.101919,37.486161,HUMAN_OBSERVATION,Quercus mongolica,Quercus mongolica
127.2906,35.79887,HUMAN_OBSERVATION,Quercus mongolica,Quercus mongolica
127.4645,35.66949,HUMAN_OBSERVATION,Quercus mongolica,Quercus mongolica
135.75833,35.34167,PRESERVED_SPECIMEN,Quercus mongolica,Quercus mongolica
135.75833,35.34167,PRESERVED_SPECIMEN,Quercus mongolica,Quercus mongolica
126.95022,37.62097,HUMAN_OBSERVATION,Quercus mongolica,Quercus mongolica
128.1991,37.99844,HUMAN_OBSERVATION,Quercus mongolica,Quercus mongolica
127.5226,35.36596,HUMAN_OBSERVATION,Quercus mongolica,Quercus mongolica
127.5224,35.36545,HUMAN_OBSERVATION,Quercus mongolica,Quercus mongolica
129.335556,36.565278,HUMAN_OBSERVATION,Quercus mongolica,Quercus mongolica
127.03803,37.398993,HUMAN_OBSERVATION,Quercus mongolica,Quercus mongolica
127.189803,37.444532,HUMAN_OBSERVATION,Quercus mongolica,Quercus mongolica
127.041961,37.48915,HUMAN_OBSERVATION,Quercus mongolica,Quercus mongolica
127.143643,35.790615,HUMAN_OBSERVATION,Quercus mongolica,Quercus mongolica
128.23,38.004444,HUMAN_OBSERVATION,Quercus mongolica,Quercus mongolica
127.686913,35.956694,HUMAN_OBSERVATION,Quercus mongolica,Quercus mongolica
127.145845,35.791874,HUMAN_OBSERVATION,Quercus mongolica,Quercus mongolica
127.14243,35.789131,HUMAN_OBSERVATION,Quercus mongolica,Quercus mongolica
131.892236,43.126523,HUMAN_OBSERVATION,Quercus mongolica,Quercus mongolica
131.868105,43.095454,HUMAN_OBSERVATION,Quercus mongolica,Quercus mongolica
131.851091,43.081609,HUMAN_OBSERVATION,Quercus mongolica,Quercus mongolica
131.891084,43.124801,HUMAN_OBSERVATION,Quercus mongolica,Quercus mongolica
138.208437,36.82108,HUMAN_OBSERVATION,Quercus mongolica,Quercus mongolica
127.248103,37.677623,HUMAN_OBSERVATION,Quercus mongolica,Quercus mongolica
131.993286,43.223156,HUMAN_OBSERVATION,Quercus mongolica,Quercus mongolica
133.163844,43.109022,HUMAN_OBSERVATION,Quercus mongolica,Quercus mongolica
139.021869,35.72519,HUMAN_OBSERVATION,Quercus mongolica,Quercus mongolica
132.851517,42.777481,HUMAN_OBSERVATION,Quercus mongolica,Quercus mongolica
131.998274,43.224819,HUMAN_OBSERVATION,Quercus mongolica,Quercus mongolica
131.148914,42.751064,HUMAN_OBSERVATION,Quercus mongolica,Quercus mongolica
130.644294,42.42867,HUMAN_OBSERVATION,Quercus mongolica,Quercus mongolica
131.896103,43.12112,HUMAN_OBSERVATION,Quercus mongolica,Quercus mongolica
130.639126,42.421041,HUMAN_OBSERVATION,Quercus mongolica,Quercus mongolica
127.142922,37.399538,HUMAN_OBSERVATION,Quercus mongolica,Quercus mongolica
127.143631,37.403738,HUMAN_OBSERVATION,Quercus mongolica,Quercus mongolica
127.143181,37.399083,HUMAN_OBSERVATION,Quercus mongolica,Quercus mongolica
127.14325,37.398587,HUMAN_OBSERVATION,Quercus mongolica,Quercus mongolica
127.144517,37.397317,HUMAN_OBSERVATION,Quercus mongolica,Quercus mongolica
127.144547,37.397275,HUMAN_OBSERVATION,Quercus mongolica,Quercus mongolica
127.143256,37.399032,HUMAN_OBSERVATION,Quercus mongolica,Quercus mongolica
127.144142,37.397605,HUMAN_OBSERVATION,Quercus mongolica,Quercus mongolica
127.138157,35.800913,HUMAN_OBSERVATION,Quercus mongolica,Quercus mongolica
127.705564,35.836802,HUMAN_OBSERVATION,Quercus mongolica,Quercus mongolica
126.458448,35.823724,HUMAN_OBSERVATION,Quercus mongolica,Quercus mongolica
126.460154,35.823793,HUMAN_OBSERVATION,Quercus mongolica,Quercus mongolica
126.88992,35.50852,HUMAN_OBSERVATION,Quercus mongolica,Quercus mongolica
127.471557,35.658124,HUMAN_OBSERVATION,Quercus mongolica,Quercus mongolica
127.385003,35.604399,HUMAN_OBSERVATION,Quercus mongolica,Quercus mongolica
127.688377,35.955774,HUMAN_OBSERVATION,Quercus mongolica,Quercus mongolica
127.010829,35.505151,HUMAN_OBSERVATION,Quercus mongolica,Quercus mongolica
127.525777,35.293117,HUMAN_OBSERVATION,Quercus mongolica,Quercus mongolica
127.525846,35.293106,HUMAN_OBSERVATION,Quercus mongolica,Quercus mongolica
127.525758,35.293103,HUMAN_OBSERVATION,Quercus mongolica,Quercus mongolica
127.472513,35.657741,HUMAN_OBSERVATION,Quercus mongolica,Quercus mongolica
128.223889,37.034444,HUMAN_OBSERVATION,Quercus mongolica,Quercus mongolica
132.040611,43.246657,HUMAN_OBSERVATION,Quercus mongolica,Quercus mongolica
131.870453,43.007758,HUMAN_OBSERVATION,Quercus mongolica,Quercus mongolica
131.882217,42.982055,HUMAN_OBSERVATION,Quercus mongolica,Quercus mongolica
131.896285,43.122476,HUMAN_OBSERVATION,Quercus mongolica,Quercus mongolica
133.712174,45.91741,HUMAN_OBSERVATION,Quercus mongolica,Quercus mongolica
133.7065,45.9136,HUMAN_OBSERVATION,Quercus mongolica,Quercus mongolica
131.660296,43.916508,HUMAN_OBSERVATION,Quercus mongolica,Quercus mongolica
131.86792,43.008258,HUMAN_OBSERVATION,Quercus mongolica,Quercus mongolica
116.905347,40.711665000000004,HUMAN_OBSERVATION,Quercus mongolica,Quercus mongolica
127.143172,37.40535,HUMAN_OBSERVATION,Quercus mongolica,Quercus mongolica
128.192682,37.028663,HUMAN_OBSERVATION,Quercus mongolica,Quercus mongolica
126.469438,35.821835,HUMAN_OBSERVATION,Quercus mongolica,Quercus mongolica
126.471181,35.819256,HUMAN_OBSERVATION,Quercus mongolica,Quercus mongolica
127.307524,35.829538,HUMAN_OBSERVATION,Quercus mongolica,Quercus mongolica
129.076025,35.280231,HUMAN_OBSERVATION,Quercus mongolica,Quercus mongolica
127.146953,35.792384,HUMAN_OBSERVATION,Quercus mongolica,Quercus mongolica
133.706564,45.913694,HUMAN_OBSERVATION,Quercus mongolica,Quercus mongolica
143.125571,46.855239,HUMAN_OBSERVATION,Quercus mongolica,Quercus mongolica
131.785217,43.028595,HUMAN_OBSERVATION,Quercus mongolica,Quercus mongolica
131.533283,43.959903,HUMAN_OBSERVATION,Quercus mongolica,Quercus mongolica
131.532364,43.958978,HUMAN_OBSERVATION,Quercus mongolica,Quercus mongolica
138.062288,36.765197,HUMAN_OBSERVATION,Quercus mongolica,Quercus mongolica
131.929209,43.010025,HUMAN_OBSERVATION,Quercus mongolica,Quercus mongolica
116.070334,40.060768,HUMAN_OBSERVATION,Quercus mongolica,Quercus mongolica
143.279556,46.534603,HUMAN_OBSERVATION,Quercus mongolica,Quercus mongolica
131.213404,42.586177,HUMAN_OBSERVATION,Quercus mongolica,Quercus mongolica
127.520968,35.362461,HUMAN_OBSERVATION,Quercus mongolica,Quercus mongolica
127.424621,35.63564,HUMAN_OBSERVATION,Quercus mongolica,Quercus mongolica
127.114981,35.505855,HUMAN_OBSERVATION,Quercus mongolica,Quercus mongolica
129.157411,36.391983,HUMAN_OBSERVATION,Quercus mongolica,Quercus mongolica
129.149811,36.395078,HUMAN_OBSERVATION,Quercus mongolica,Quercus mongolica
126.994722,37.721111,HUMAN_OBSERVATION,Quercus mongolica,Quercus mongolica
132.240141,43.613509,HUMAN_OBSERVATION,Quercus mongolica,Quercus mongolica
132.254174,43.616279,HUMAN_OBSERVATION,Quercus mongolica,Quercus mongolica
132.16196,43.69216,HUMAN_OBSERVATION,Quercus mongolica,Quercus mongolica
131.89447,43.122692,HUMAN_OBSERVATION,Quercus mongolica,Quercus mongolica
131.133585,42.627052,HUMAN_OBSERVATION,Quercus mongolica,Quercus mongolica
132.243756,43.622132,HUMAN_OBSERVATION,Quercus mongolica,Quercus mongolica
132.156676,43.689364,HUMAN_OBSERVATION,Quercus mongolica,Quercus mongolica
132.144146,43.702638,HUMAN_OBSERVATION,Quercus mongolica,Quercus mongolica
132.158548,43.697543,HUMAN_OBSERVATION,Quercus mongolica,Quercus mongolica
131.746323,43.16918,HUMAN_OBSERVATION,Quercus mongolica,Quercus mongolica
132.23105,43.599342,HUMAN_OBSERVATION,Quercus mongolica,Quercus mongolica
141.967222,47.302222,HUMAN_OBSERVATION,Quercus mongolica,Quercus mongolica
132.243621,43.622058,HUMAN_OBSERVATION,Quercus mongolica,Quercus mongolica
142.764258,46.969504,HUMAN_OBSERVATION,Quercus mongolica,Quercus mongolica
128.001298,36.731582,PRESERVED_SPECIMEN,Quercus mongolica,Quercus mongolica
131.129964,42.622622,HUMAN_OBSERVATION,Quercus mongolica,Quercus mongolica
131.89104,43.019571,HUMAN_OBSERVATION,Quercus mongolica,Quercus mongolica
133.872081,42.912424,HUMAN_OBSERVATION,Quercus mongolica,Quercus mongolica
133.564723,43.041177,HUMAN_OBSERVATION,Quercus mongolica,Quercus mongolica
127.14451,35.789263,HUMAN_OBSERVATION,Quercus mongolica,Quercus mongolica
127.419333,35.626458,HUMAN_OBSERVATION,Quercus mongolica,Quercus mongolica
127.133285,35.859909,HUMAN_OBSERVATION,Quercus mongolica,Quercus mongolica
127.144538,35.790522,HUMAN_OBSERVATION,Quercus mongolica,Quercus mongolica
132.4479,43.8699,HUMAN_OBSERVATION,Quercus mongolica,Quercus mongolica
131.995864,43.210778,HUMAN_OBSERVATION,Quercus mongolica,Quercus mongolica
132.441039,43.873467,HUMAN_OBSERVATION,Quercus mongolica,Quercus mongolica
132.816956,42.783547,HUMAN_OBSERVATION,Quercus mongolica,Quercus mongolica
131.897698,42.965017,HUMAN_OBSERVATION,Quercus mongolica,Quercus mongolica
131.19075,42.662831,HUMAN_OBSERVATION,Quercus mongolica,Quercus mongolica
132.812211,42.784578,HUMAN_OBSERVATION,Quercus mongolica,Quercus mongolica
131.190583,42.662728,HUMAN_OBSERVATION,Quercus mongolica,Quercus mongolica
131.209658,42.669651,HUMAN_OBSERVATION,Quercus mongolica,Quercus mongolica
131.720583,42.949983,HUMAN_OBSERVATION,Quercus mongolica,Quercus mongolica
132.816956,42.783547,HUMAN_OBSERVATION,Quercus mongolica,Quercus mongolica
131.868395,43.095092,HUMAN_OBSERVATION,Quercus mongolica,Quercus mongolica
132.79211,43.119165,HUMAN_OBSERVATION,Quercus mongolica,Quercus mongolica
132.796818,43.235287,HUMAN_OBSERVATION,Quercus mongolica,Quercus mongolica
132.775789,43.135052,HUMAN_OBSERVATION,Quercus mongolica,Quercus mongolica
132.403964,43.326408,HUMAN_OBSERVATION,Quercus mongolica,Quercus mongolica
132.79823,43.226988,HUMAN_OBSERVATION,Quercus mongolica,Quercus mongolica
131.980072,43.215553,HUMAN_OBSERVATION,Quercus mongolica,Quercus mongolica
131.895005,43.047117,HUMAN_OBSERVATION,Quercus mongolica,Quercus mongolica
132.790756,43.11938,HUMAN_OBSERVATION,Quercus mongolica,Quercus mongolica
135.819411,44.345661,HUMAN_OBSERVATION,Quercus mongolica,Quercus mongolica
131.9029,42.9636,HUMAN_OBSERVATION,Quercus mongolica,Quercus mongolica
132.774933,43.136848,HUMAN_OBSERVATION,Quercus mongolica,Quercus mongolica
132.803023,43.19841,HUMAN_OBSERVATION,Quercus mongolica,Quercus mongolica
132.417343,43.870545,HUMAN_OBSERVATION,Quercus mongolica,Quercus mongolica
131.904033,42.963344,HUMAN_OBSERVATION,Quercus mongolica,Quercus mongolica
131.985153,43.217667,HUMAN_OBSERVATION,Quercus mongolica,Quercus mongolica
131.89717,42.96474,HUMAN_OBSERVATION,Quercus mongolica,Quercus mongolica
132.811522,42.785206,HUMAN_OBSERVATION,Quercus mongolica,Quercus mongolica
131.904844,42.961053,HUMAN_OBSERVATION,Quercus mongolica,Quercus mongolica
131.435447,42.864781,HUMAN_OBSERVATION,Quercus mongolica,Quercus mongolica
132.145845,43.206355,HUMAN_OBSERVATION,Quercus mongolica,Quercus mongolica
142.195825,47.95997,HUMAN_OBSERVATION,Quercus mongolica,Quercus mongolica
142.550292,46.714239,HUMAN_OBSERVATION,Quercus mongolica,Quercus mongolica
132.781227,43.126351,HUMAN_OBSERVATION,Quercus mongolica,Quercus mongolica
127.041918,37.619625,HUMAN_OBSERVATION,Quercus mongolica,Quercus mongolica
127.1384,35.814756,HUMAN_OBSERVATION,Quercus mongolica,Quercus mongolica
127.202811,35.477538,HUMAN_OBSERVATION,Quercus mongolica,Quercus mongolica
131.884017,43.050306,HUMAN_OBSERVATION,Quercus mongolica,Quercus mongolica
131.938665,43.086604,HUMAN_OBSERVATION,Quercus mongolica,Quercus mongolica
132.40632,43.118246,HUMAN_OBSERVATION,Quercus mongolica,Quercus mongolica
136.563247,44.957044,HUMAN_OBSERVATION,Quercus mongolica,Quercus mongolica
138.944592,36.478288,HUMAN_OBSERVATION,Quercus mongolica,Quercus mongolica
115.466408,40.567034,HUMAN_OBSERVATION,Quercus mongolica,Quercus mongolica
136.382636,45.137965,HUMAN_OBSERVATION,Quercus mongolica,Quercus mongolica
127.217741,35.79045,HUMAN_OBSERVATION,Quercus mongolica,Quercus mongolica
131.928611,43.009722,HUMAN_OBSERVATION,Quercus mongolica,Quercus mongolica
131.928611,43.009722,HUMAN_OBSERVATION,Quercus mongolica,Quercus mongolica
131.925278,43.004722,HUMAN_OBSERVATION,Quercus mongolica,Quercus mongolica
131.9225,43.003056,HUMAN_OBSERVATION,Quercus mongolica,Quercus mongolica
131.904444,43.060556,HUMAN_OBSERVATION,Quercus mongolica,Quercus mongolica
126.8804,35.52431,HUMAN_OBSERVATION,Quercus mongolica,Quercus mongolica
126.880378,35.524312,HUMAN_OBSERVATION,Quercus mongolica,Quercus mongolica
128.819444,37.611111,HUMAN_OBSERVATION,Quercus mongolica,Quercus mongolica
128.308333,37.88,HUMAN_OBSERVATION,Quercus mongolica,Quercus mongolica
127.275,38.341667,HUMAN_OBSERVATION,Quercus mongolica,Quercus mongolica
128.428333,37.1075,HUMAN_OBSERVATION,Quercus mongolica,Quercus mongolica
128.708056,37.478056,HUMAN_OBSERVATION,Quercus mongolica,Quercus mongolica
128.65,37.481111,HUMAN_OBSERVATION,Quercus mongolica,Quercus mongolica
127.866128,36.549717,HUMAN_OBSERVATION,Quercus mongolica,Quercus mongolica
127.561806,35.303742,HUMAN_OBSERVATION,Quercus mongolica,Quercus mongolica
127.04,37.618889,HUMAN_OBSERVATION,Quercus mongolica,Quercus mongolica
127.04,37.618889,HUMAN_OBSERVATION,Quercus mongolica,Quercus mongolica
127.038536,37.619625,HUMAN_OBSERVATION,Quercus mongolica,Quercus mongolica
127.519538,36.671531,HUMAN_OBSERVATION,Quercus mongolica,Quercus mongolica
127.458083,36.079611,PRESERVED_SPECIMEN,Quercus mongolica,Quercus mongolica
127.458083,36.079611,PRESERVED_SPECIMEN,Quercus mongolica,Quercus mongolica
127.458083,36.079611,PRESERVED_SPECIMEN,Quercus mongolica,Quercus mongolica
127.458083,36.079611,PRESERVED_SPECIMEN,Quercus mongolica,Quercus mongolica
127.458083,36.079611,PRESERVED_SPECIMEN,Quercus mongolica,Quercus mongolica
127.458083,36.079611,PRESERVED_SPECIMEN,Quercus mongolica,Quercus mongolica
127.458083,36.079611,PRESERVED_SPECIMEN,Quercus mongolica,Quercus mongolica
127.038504,37.619082,HUMAN_OBSERVATION,Quercus mongolica,Quercus mongolica
127.039958,37.618806,HUMAN_OBSERVATION,Quercus mongolica,Quercus mongolica
127.202799,37.482897,HUMAN_OBSERVATION,Quercus mongolica,Quercus mongolica
127.145509,35.791631,HUMAN_OBSERVATION,Quercus mongolica,Quercus mongolica
127.457475,35.666591,HUMAN_OBSERVATION,Quercus mongolica,Quercus mongolica
127.145768,35.791816,HUMAN_OBSERVATION,Quercus mongolica,Quercus mongolica
133.326399,44.103597,HUMAN_OBSERVATION,Quercus mongolica,Quercus mongolica
130.923889,48.973611,HUMAN_OBSERVATION,Quercus mongolica,Quercus mongolica
133.23602,48.684952,HUMAN_OBSERVATION,Quercus mongolica,Quercus mongolica
129.385673,50.280621,HUMAN_OBSERVATION,Quercus mongolica,Quercus mongolica
136.6294,49.3277,HUMAN_OBSERVATION,Quercus mongolica,Quercus mongolica
131.9289,43.1736,HUMAN_OBSERVATION,Quercus mongolica,Quercus mongolica
128.4201,38.5152,HUMAN_OBSERVATION,Quercus mongolica,Quercus mongolica
131.9812,43.2303,HUMAN_OBSERVATION,Quercus mongolica,Quercus mongolica
127.52581,35.296109,HUMAN_OBSERVATION,Quercus mongolica,Quercus mongolica
127.476225,35.67219,HUMAN_OBSERVATION,Quercus mongolica,Quercus mongolica
138.3286,36.5606,PRESERVED_SPECIMEN,Quercus mongolica,Quercus mongolica
142.757338,46.909183,HUMAN_OBSERVATION,Quercus mongolica,Quercus mongolica
145.243876,43.385825,PRESERVED_SPECIMEN,Quercus mongolica,Quercus crispula
131.361054,32.820427,PRESERVED_SPECIMEN,Quercus mongolica,Quercus crispula
138.368962,36.415334,PRESERVED_SPECIMEN,Quercus mongolica,Quercus crispula
143.2795,46.5345,HUMAN_OBSERVATION,Quercus mongolica,Quercus crispula
136.835393,36.263048,PRESERVED_SPECIMEN,Quercus mongolica,Quercus crispula
136.835393,36.263048,PRESERVED_SPECIMEN,Quercus mongolica,Quercus crispula
138.404989,36.40448,PRESERVED_SPECIMEN,Quercus mongolica,Quercus crispula
134.425,35.445,HUMAN_OBSERVATION,Quercus mongolica,Quercus crispula
134.425,35.445,HUMAN_OBSERVATION,Quercus mongolica,Quercus crispula
134.425,35.445,HUMAN_OBSERVATION,Quercus mongolica,Quercus crispula
134.425,35.445,HUMAN_OBSERVATION,Quercus mongolica,Quercus crispula
134.51859,35.23621,PRESERVED_SPECIMEN,Quercus mongolica,Quercus crispula
131.173,32.398,HUMAN_OBSERVATION,Quercus mongolica,Quercus crispula
131.173,32.398,HUMAN_OBSERVATION,Quercus mongolica,Quercus crispula
131.173,32.398,HUMAN_OBSERVATION,Quercus mongolica,Quercus crispula
131.173,32.398,HUMAN_OBSERVATION,Quercus mongolica,Quercus crispula
131.173,32.398,HUMAN_OBSERVATION,Quercus mongolica,Quercus crispula
131.173,32.398,HUMAN_OBSERVATION,Quercus mongolica,Quercus crispula
131.173,32.398,HUMAN_OBSERVATION,Quercus mongolica,Quercus crispula
131.173,32.398,HUMAN_OBSERVATION,Quercus mongolica,Quercus crispula
131.173,32.398,HUMAN_OBSERVATION,Quercus mongolica,Quercus crispula
131.173,32.398,HUMAN_OBSERVATION,Quercus mongolica,Quercus crispula
131.173,32.398,HUMAN_OBSERVATION,Quercus mongolica,Quercus crispula
131.173,32.398,HUMAN_OBSERVATION,Quercus mongolica,Quercus crispula
145.28413,43.60329,PRESERVED_SPECIMEN,Quercus mongolica,Quercus crispula
141.764,39.2532,PRESERVED_SPECIMEN,Quercus mongolica,Quercus crispula
141.764,39.2532,PRESERVED_SPECIMEN,Quercus mongolica,Quercus crispula
145.27802,43.60692,PRESERVED_SPECIMEN,Quercus mongolica,Quercus crispula
140.855,39.111,HUMAN_OBSERVATION,Quercus mongolica,Quercus crispula
140.855,39.111,HUMAN_OBSERVATION,Quercus mongolica,Quercus crispula
140.855,39.111,HUMAN_OBSERVATION,Quercus mongolica,Quercus crispula
140.855,39.111,HUMAN_OBSERVATION,Quercus mongolica,Quercus crispula
140.855,39.111,HUMAN_OBSERVATION,Quercus mongolica,Quercus crispula
140.855,39.111,HUMAN_OBSERVATION,Quercus mongolica,Quercus crispula
140.855,39.111,HUMAN_OBSERVATION,Quercus mongolica,Quercus crispula
140.855,39.111,HUMAN_OBSERVATION,Quercus mongolica,Quercus crispula
140.855,39.111,HUMAN_OBSERVATION,Quercus mongolica,Quercus crispula
140.855,39.109,HUMAN_OBSERVATION,Quercus mongolica,Quercus crispula
140.855,39.109,HUMAN_OBSERVATION,Quercus mongolica,Quercus crispula
140.855,39.109,HUMAN_OBSERVATION,Quercus mongolica,Quercus crispula
140.855,39.109,HUMAN_OBSERVATION,Quercus mongolica,Quercus crispula
140.855,39.109,HUMAN_OBSERVATION,Quercus mongolica,Quercus crispula
140.855,39.109,HUMAN_OBSERVATION,Quercus mongolica,Quercus crispula
140.855,39.109,HUMAN_OBSERVATION,Quercus mongolica,Quercus crispula
140.855,39.111,HUMAN_OBSERVATION,Quercus mongolica,Quercus crispula
140.855,39.111,HUMAN_OBSERVATION,Quercus mongolica,Quercus crispula
140.855,39.111,HUMAN_OBSERVATION,Quercus mongolica,Quercus crispula
140.855,39.111,HUMAN_OBSERVATION,Quercus mongolica,Quercus crispula
140.855,39.109,HUMAN_OBSERVATION,Quercus mongolica,Quercus crispula
140.855,39.109,HUMAN_OBSERVATION,Quercus mongolica,Quercus crispula
138.738205,36.284715,PRESERVED_SPECIMEN,Quercus mongolica,Quercus crispula
140.253,40.08,HUMAN_OBSERVATION,Quercus mongolica,Quercus crispula
139.42,36.545,HUMAN_OBSERVATION,Quercus mongolica,Quercus crispula
139.42,36.545,HUMAN_OBSERVATION,Quercus mongolica,Quercus crispula
139.42,36.545,HUMAN_OBSERVATION,Quercus mongolica,Quercus crispula
139.42,36.545,HUMAN_OBSERVATION,Quercus mongolica,Quercus crispula
139.42,36.545,HUMAN_OBSERVATION,Quercus mongolica,Quercus crispula
139.42,36.545,HUMAN_OBSERVATION,Quercus mongolica,Quercus crispula
139.42,36.545,HUMAN_OBSERVATION,Quercus mongolica,Quercus crispula
139.42,36.545,HUMAN_OBSERVATION,Quercus mongolica,Quercus crispula
139.42,36.545,HUMAN_OBSERVATION,Quercus mongolica,Quercus crispula
139.42,36.545,HUMAN_OBSERVATION,Quercus mongolica,Quercus crispula
139.42,36.545,HUMAN_OBSERVATION,Quercus mongolica,Quercus crispula
139.42,36.545,HUMAN_OBSERVATION,Quercus mongolica,Quercus crispula
139.42,36.545,HUMAN_OBSERVATION,Quercus mongolica,Quercus crispula
139.42,36.545,HUMAN_OBSERVATION,Quercus mongolica,Quercus crispula
139.42,36.545,HUMAN_OBSERVATION,Quercus mongolica,Quercus crispula
139.42,36.545,HUMAN_OBSERVATION,Quercus mongolica,Quercus crispula
139.42,36.545,HUMAN_OBSERVATION,Quercus mongolica,Quercus crispula
139.42,36.545,HUMAN_OBSERVATION,Quercus mongolica,Quercus crispula
139.42,36.545,HUMAN_OBSERVATION,Quercus mongolica,Quercus crispula
139.42,36.545,HUMAN_OBSERVATION,Quercus mongolica,Quercus crispula
139.42,36.545,HUMAN_OBSERVATION,Quercus mongolica,Quercus crispula
139.42,36.545,HUMAN_OBSERVATION,Quercus mongolica,Quercus crispula
139.42,36.545,HUMAN_OBSERVATION,Quercus mongolica,Quercus crispula
139.42,36.545,HUMAN_OBSERVATION,Quercus mongolica,Quercus crispula
139.42,36.545,HUMAN_OBSERVATION,Quercus mongolica,Quercus crispula
139.42,36.545,HUMAN_OBSERVATION,Quercus mongolica,Quercus crispula
139.42,36.545,HUMAN_OBSERVATION,Quercus mongolica,Quercus crispula
139.42,36.545,HUMAN_OBSERVATION,Quercus mongolica,Quercus crispula
139.42,36.545,HUMAN_OBSERVATION,Quercus mongolica,Quercus crispula
139.42,36.545,HUMAN_OBSERVATION,Quercus mongolica,Quercus crispula
139.42,36.545,HUMAN_OBSERVATION,Quercus mongolica,Quercus crispula
139.42,36.545,HUMAN_OBSERVATION,Quercus mongolica,Quercus crispula
139.42,36.545,HUMAN_OBSERVATION,Quercus mongolica,Quercus crispula
140.253,40.08,HUMAN_OBSERVATION,Quercus mongolica,Quercus crispula
139.42,36.545,HUMAN_OBSERVATION,Quercus mongolica,Quercus crispula
139.42,36.545,HUMAN_OBSERVATION,Quercus mongolica,Quercus crispula
139.42,36.545,HUMAN_OBSERVATION,Quercus mongolica,Quercus crispula
139.42,36.545,HUMAN_OBSERVATION,Quercus mongolica,Quercus crispula
139.42,36.545,HUMAN_OBSERVATION,Quercus mongolica,Quercus crispula
139.42,36.545,HUMAN_OBSERVATION,Quercus mongolica,Quercus crispula
139.42,36.545,HUMAN_OBSERVATION,Quercus mongolica,Quercus crispula
139.42,36.545,HUMAN_OBSERVATION,Quercus mongolica,Quercus crispula
139.42,36.545,HUMAN_OBSERVATION,Quercus mongolica,Quercus crispula
139.42,36.545,HUMAN_OBSERVATION,Quercus mongolica,Quercus crispula
139.42,36.545,HUMAN_OBSERVATION,Quercus mongolica,Quercus crispula
139.42,36.545,HUMAN_OBSERVATION,Quercus mongolica,Quercus crispula
138.351,36.523,HUMAN_OBSERVATION,Quercus mongolica,Quercus crispula
138.351,36.523,HUMAN_OBSERVATION,Quercus mongolica,Quercus crispula
138.351,36.523,HUMAN_OBSERVATION,Quercus mongolica,Quercus crispula
138.351,36.523,HUMAN_OBSERVATION,Quercus mongolica,Quercus crispula
138.351,36.523,HUMAN_OBSERVATION,Quercus mongolica,Quercus crispula
138.351,36.523,HUMAN_OBSERVATION,Quercus mongolica,Quercus crispula
138.351,36.523,HUMAN_OBSERVATION,Quercus mongolica,Quercus crispula
138.351,36.523,HUMAN_OBSERVATION,Quercus mongolica,Quercus crispula
138.351,36.523,HUMAN_OBSERVATION,Quercus mongolica,Quercus crispula
138.351,36.523,HUMAN_OBSERVATION,Quercus mongolica,Quercus crispula
138.351,36.523,HUMAN_OBSERVATION,Quercus mongolica,Quercus crispula
138.351,36.523,HUMAN_OBSERVATION,Quercus mongolica,Quercus crispula
138.351,36.523,HUMAN_OBSERVATION,Quercus mongolica,Quercus crispula
138.351,36.523,HUMAN_OBSERVATION,Quercus mongolica,Quercus crispula
138.351,36.523,HUMAN_OBSERVATION,Quercus mongolica,Quercus crispula
138.351,36.523,HUMAN_OBSERVATION,Quercus mongolica,Quercus crispula
138.351,36.523,HUMAN_OBSERVATION,Quercus mongolica,Quercus crispula
138.351,36.523,HUMAN_OBSERVATION,Quercus mongolica,Quercus crispula
138.355,36.52,HUMAN_OBSERVATION,Quercus mongolica,Quercus crispula
138.355,36.52,HUMAN_OBSERVATION,Quercus mongolica,Quercus crispula
138.355,36.52,HUMAN_OBSERVATION,Quercus mongolica,Quercus crispula
138.355,36.52,HUMAN_OBSERVATION,Quercus mongolica,Quercus crispula
138.355,36.52,HUMAN_OBSERVATION,Quercus mongolica,Quercus crispula
138.355,36.52,HUMAN_OBSERVATION,Quercus mongolica,Quercus crispula
138.355,36.52,HUMAN_OBSERVATION,Quercus mongolica,Quercus crispula
138.355,36.52,HUMAN_OBSERVATION,Quercus mongolica,Quercus crispula
138.355,36.52,HUMAN_OBSERVATION,Quercus mongolica,Quercus crispula
138.355,36.52,HUMAN_OBSERVATION,Quercus mongolica,Quercus crispula
138.355,36.52,HUMAN_OBSERVATION,Quercus mongolica,Quercus crispula
138.355,36.52,HUMAN_OBSERVATION,Quercus mongolica,Quercus crispula
138.355,36.52,HUMAN_OBSERVATION,Quercus mongolica,Quercus crispula
138.355,36.52,HUMAN_OBSERVATION,Quercus mongolica,Quercus crispula
138.355,36.52,HUMAN_OBSERVATION,Quercus mongolica,Quercus crispula
138.355,36.52,HUMAN_OBSERVATION,Quercus mongolica,Quercus crispula
138.355,36.52,HUMAN_OBSERVATION,Quercus mongolica,Quercus crispula
138.355,36.52,HUMAN_OBSERVATION,Quercus mongolica,Quercus crispula
138.355,36.52,HUMAN_OBSERVATION,Quercus mongolica,Quercus crispula
138.355,36.52,HUMAN_OBSERVATION,Quercus mongolica,Quercus crispula
138.355,36.52,HUMAN_OBSERVATION,Quercus mongolica,Quercus crispula
138.355,36.52,HUMAN_OBSERVATION,Quercus mongolica,Quercus crispula
138.355,36.52,HUMAN_OBSERVATION,Quercus mongolica,Quercus crispula
138.355,36.52,HUMAN_OBSERVATION,Quercus mongolica,Quercus crispula
138.355,36.52,HUMAN_OBSERVATION,Quercus mongolica,Quercus crispula
138.355,36.52,HUMAN_OBSERVATION,Quercus mongolica,Quercus crispula
138.355,36.52,HUMAN_OBSERVATION,Quercus mongolica,Quercus crispula
138.351,36.523,HUMAN_OBSERVATION,Quercus mongolica,Quercus crispula
138.351,36.523,HUMAN_OBSERVATION,Quercus mongolica,Quercus crispula
138.351,36.523,HUMAN_OBSERVATION,Quercus mongolica,Quercus crispula
138.351,36.523,HUMAN_OBSERVATION,Quercus mongolica,Quercus crispula
138.351,36.523,HUMAN_OBSERVATION,Quercus mongolica,Quercus crispula
138.351,36.523,HUMAN_OBSERVATION,Quercus mongolica,Quercus crispula
138.351,36.523,HUMAN_OBSERVATION,Quercus mongolica,Quercus crispula
138.351,36.523,HUMAN_OBSERVATION,Quercus mongolica,Quercus crispula
138.351,36.523,HUMAN_OBSERVATION,Quercus mongolica,Quercus crispula
138.351,36.523,HUMAN_OBSERVATION,Quercus mongolica,Quercus crispula
138.351,36.523,HUMAN_OBSERVATION,Quercus mongolica,Quercus crispula
138.351,36.523,HUMAN_OBSERVATION,Quercus mongolica,Quercus crispula
138.351,36.523,HUMAN_OBSERVATION,Quercus mongolica,Quercus crispula
138.351,36.523,HUMAN_OBSERVATION,Quercus mongolica,Quercus crispula
138.351,36.523,HUMAN_OBSERVATION,Quercus mongolica,Quercus crispula
138.351,36.523,HUMAN_OBSERVATION,Quercus mongolica,Quercus crispula
138.351,36.523,HUMAN_OBSERVATION,Quercus mongolica,Quercus crispula
138.351,36.523,HUMAN_OBSERVATION,Quercus mongolica,Quercus crispula
138.355,36.52,HUMAN_OBSERVATION,Quercus mongolica,Quercus crispula
138.355,36.52,HUMAN_OBSERVATION,Quercus mongolica,Quercus crispula
138.355,36.52,HUMAN_OBSERVATION,Quercus mongolica,Quercus crispula
138.355,36.52,HUMAN_OBSERVATION,Quercus mongolica,Quercus crispula
138.355,36.52,HUMAN_OBSERVATION,Quercus mongolica,Quercus crispula
138.355,36.52,HUMAN_OBSERVATION,Quercus mongolica,Quercus crispula
138.355,36.52,HUMAN_OBSERVATION,Quercus mongolica,Quercus crispula
138.355,36.52,HUMAN_OBSERVATION,Quercus mongolica,Quercus crispula
138.355,36.52,HUMAN_OBSERVATION,Quercus mongolica,Quercus crispula
138.355,36.52,HUMAN_OBSERVATION,Quercus mongolica,Quercus crispula
138.355,36.52,HUMAN_OBSERVATION,Quercus mongolica,Quercus crispula
138.355,36.52,HUMAN_OBSERVATION,Quercus mongolica,Quercus crispula
138.355,36.52,HUMAN_OBSERVATION,Quercus mongolica,Quercus crispula
138.355,36.52,HUMAN_OBSERVATION,Quercus mongolica,Quercus crispula
138.355,36.52,HUMAN_OBSERVATION,Quercus mongolica,Quercus crispula
138.355,36.52,HUMAN_OBSERVATION,Quercus mongolica,Quercus crispula
138.355,36.52,HUMAN_OBSERVATION,Quercus mongolica,Quercus crispula
138.355,36.52,HUMAN_OBSERVATION,Quercus mongolica,Quercus crispula
138.355,36.52,HUMAN_OBSERVATION,Quercus mongolica,Quercus crispula
138.355,36.52,HUMAN_OBSERVATION,Quercus mongolica,Quercus crispula
138.355,36.52,HUMAN_OBSERVATION,Quercus mongolica,Quercus crispula
138.355,36.52,HUMAN_OBSERVATION,Quercus mongolica,Quercus crispula
138.355,36.52,HUMAN_OBSERVATION,Quercus mongolica,Quercus crispula
138.355,36.52,HUMAN_OBSERVATION,Quercus mongolica,Quercus crispula
138.355,36.52,HUMAN_OBSERVATION,Quercus mongolica,Quercus crispula
138.355,36.52,HUMAN_OBSERVATION,Quercus mongolica,Quercus crispula
138.355,36.52,HUMAN_OBSERVATION,Quercus mongolica,Quercus crispula
138.351,36.523,HUMAN_OBSERVATION,Quercus mongolica,Quercus crispula
138.351,36.523,HUMAN_OBSERVATION,Quercus mongolica,Quercus crispula
138.351,36.523,HUMAN_OBSERVATION,Quercus mongolica,Quercus crispula
138.351,36.523,HUMAN_OBSERVATION,Quercus mongolica,Quercus crispula
138.351,36.523,HUMAN_OBSERVATION,Quercus mongolica,Quercus crispula
138.351,36.523,HUMAN_OBSERVATION,Quercus mongolica,Quercus crispula
138.351,36.523,HUMAN_OBSERVATION,Quercus mongolica,Quercus crispula
138.351,36.523,HUMAN_OBSERVATION,Quercus mongolica,Quercus crispula
138.351,36.523,HUMAN_OBSERVATION,Quercus mongolica,Quercus crispula
138.351,36.523,HUMAN_OBSERVATION,Quercus mongolica,Quercus crispula
138.351,36.523,HUMAN_OBSERVATION,Quercus mongolica,Quercus crispula
138.351,36.523,HUMAN_OBSERVATION,Quercus mongolica,Quercus crispula
138.351,36.523,HUMAN_OBSERVATION,Quercus mongolica,Quercus crispula
138.351,36.523,HUMAN_OBSERVATION,Quercus mongolica,Quercus crispula
138.351,36.523,HUMAN_OBSERVATION,Quercus mongolica,Quercus crispula
138.351,36.523,HUMAN_OBSERVATION,Quercus mongolica,Quercus crispula
138.351,36.523,HUMAN_OBSERVATION,Quercus mongolica,Quercus crispula
138.351,36.523,HUMAN_OBSERVATION,Quercus mongolica,Quercus crispula
138.355,36.52,HUMAN_OBSERVATION,Quercus mongolica,Quercus crispula
138.355,36.52,HUMAN_OBSERVATION,Quercus mongolica,Quercus crispula
138.355,36.52,HUMAN_OBSERVATION,Quercus mongolica,Quercus crispula
138.355,36.52,HUMAN_OBSERVATION,Quercus mongolica,Quercus crispula
138.355,36.52,HUMAN_OBSERVATION,Quercus mongolica,Quercus crispula
138.355,36.52,HUMAN_OBSERVATION,Quercus mongolica,Quercus crispula
138.355,36.52,HUMAN_OBSERVATION,Quercus mongolica,Quercus crispula
138.355,36.52,HUMAN_OBSERVATION,Quercus mongolica,Quercus crispula
138.355,36.52,HUMAN_OBSERVATION,Quercus mongolica,Quercus crispula
138.355,36.52,HUMAN_OBSERVATION,Quercus mongolica,Quercus crispula
138.355,36.52,HUMAN_OBSERVATION,Quercus mongolica,Quercus crispula
138.355,36.52,HUMAN_OBSERVATION,Quercus mongolica,Quercus crispula
138.355,36.52,HUMAN_OBSERVATION,Quercus mongolica,Quercus crispula
138.355,36.52,HUMAN_OBSERVATION,Quercus mongolica,Quercus crispula
138.355,36.52,HUMAN_OBSERVATION,Quercus mongolica,Quercus crispula
138.355,36.52,HUMAN_OBSERVATION,Quercus mongolica,Quercus crispula
138.355,36.52,HUMAN_OBSERVATION,Quercus mongolica,Quercus crispula
138.355,36.52,HUMAN_OBSERVATION,Quercus mongolica,Quercus crispula
138.355,36.52,HUMAN_OBSERVATION,Quercus mongolica,Quercus crispula
138.355,36.52,HUMAN_OBSERVATION,Quercus mongolica,Quercus crispula
138.355,36.52,HUMAN_OBSERVATION,Quercus mongolica,Quercus crispula
138.355,36.52,HUMAN_OBSERVATION,Quercus mongolica,Quercus crispula
138.355,36.52,HUMAN_OBSERVATION,Quercus mongolica,Quercus crispula
138.355,36.52,HUMAN_OBSERVATION,Quercus mongolica,Quercus crispula
138.355,36.52,HUMAN_OBSERVATION,Quercus mongolica,Quercus crispula
138.355,36.52,HUMAN_OBSERVATION,Quercus mongolica,Quercus crispula
138.355,36.52,HUMAN_OBSERVATION,Quercus mongolica,Quercus crispula
138.355,36.52,HUMAN_OBSERVATION,Quercus mongolica,Quercus crispula
138.351,36.523,HUMAN_OBSERVATION,Quercus mongolica,Quercus crispula
138.351,36.523,HUMAN_OBSERVATION,Quercus mongolica,Quercus crispula
138.351,36.523,HUMAN_OBSERVATION,Quercus mongolica,Quercus crispula
138.351,36.523,HUMAN_OBSERVATION,Quercus mongolica,Quercus crispula
138.351,36.523,HUMAN_OBSERVATION,Quercus mongolica,Quercus crispula
138.351,36.523,HUMAN_OBSERVATION,Quercus mongolica,Quercus crispula
138.351,36.523,HUMAN_OBSERVATION,Quercus mongolica,Quercus crispula
138.351,36.523,HUMAN_OBSERVATION,Quercus mongolica,Quercus crispula
138.351,36.523,HUMAN_OBSERVATION,Quercus mongolica,Quercus crispula
138.351,36.523,HUMAN_OBSERVATION,Quercus mongolica,Quercus crispula
138.351,36.523,HUMAN_OBSERVATION,Quercus mongolica,Quercus crispula
138.351,36.523,HUMAN_OBSERVATION,Quercus mongolica,Quercus crispula
138.351,36.523,HUMAN_OBSERVATION,Quercus mongolica,Quercus crispula
138.351,36.523,HUMAN_OBSERVATION,Quercus mongolica,Quercus crispula
138.351,36.523,HUMAN_OBSERVATION,Quercus mongolica,Quercus crispula
138.351,36.523,HUMAN_OBSERVATION,Quercus mongolica,Quercus crispula
138.351,36.523,HUMAN_OBSERVATION,Quercus mongolica,Quercus crispula
138.351,36.523,HUMAN_OBSERVATION,Quercus mongolica,Quercus crispula
138.355,36.52,HUMAN_OBSERVATION,Quercus mongolica,Quercus crispula
138.355,36.52,HUMAN_OBSERVATION,Quercus mongolica,Quercus crispula
138.355,36.52,HUMAN_OBSERVATION,Quercus mongolica,Quercus crispula
138.355,36.52,HUMAN_OBSERVATION,Quercus mongolica,Quercus crispula
138.355,36.52,HUMAN_OBSERVATION,Quercus mongolica,Quercus crispula
138.355,36.52,HUMAN_OBSERVATION,Quercus mongolica,Quercus crispula
138.355,36.52,HUMAN_OBSERVATION,Quercus mongolica,Quercus crispula
138.355,36.52,HUMAN_OBSERVATION,Quercus mongolica,Quercus crispula
138.355,36.52,HUMAN_OBSERVATION,Quercus mongolica,Quercus crispula
138.355,36.52,HUMAN_OBSERVATION,Quercus mongolica,Quercus crispula
138.355,36.52,HUMAN_OBSERVATION,Quercus mongolica,Quercus crispula
138.355,36.52,HUMAN_OBSERVATION,Quercus mongolica,Quercus crispula
138.355,36.52,HUMAN_OBSERVATION,Quercus mongolica,Quercus crispula
138.355,36.52,HUMAN_OBSERVATION,Quercus mongolica,Quercus crispula
138.355,36.52,HUMAN_OBSERVATION,Quercus mongolica,Quercus crispula
138.355,36.52,HUMAN_OBSERVATION,Quercus mongolica,Quercus crispula
138.355,36.52,HUMAN_OBSERVATION,Quercus mongolica,Quercus crispula
138.355,36.52,HUMAN_OBSERVATION,Quercus mongolica,Quercus crispula
138.355,36.52,HUMAN_OBSERVATION,Quercus mongolica,Quercus crispula
138.355,36.52,HUMAN_OBSERVATION,Quercus mongolica,Quercus crispula
138.355,36.52,HUMAN_OBSERVATION,Quercus mongolica,Quercus crispula
138.355,36.52,HUMAN_OBSERVATION,Quercus mongolica,Quercus crispula
138.355,36.52,HUMAN_OBSERVATION,Quercus mongolica,Quercus crispula
138.355,36.52,HUMAN_OBSERVATION,Quercus mongolica,Quercus crispula
138.355,36.52,HUMAN_OBSERVATION,Quercus mongolica,Quercus crispula
138.355,36.52,HUMAN_OBSERVATION,Quercus mongolica,Quercus crispula
138.355,36.52,HUMAN_OBSERVATION,Quercus mongolica,Quercus crispula
138.355,36.52,HUMAN_OBSERVATION,Quercus mongolica,Quercus crispula
131.176,32.377,HUMAN_OBSERVATION,Quercus mongolica,Quercus crispula
131.176,32.377,HUMAN_OBSERVATION,Quercus mongolica,Quercus crispula
131.176,32.377,HUMAN_OBSERVATION,Quercus mongolica,Quercus crispula
131.176,32.377,HUMAN_OBSERVATION,Quercus mongolica,Quercus crispula
131.176,32.377,HUMAN_OBSERVATION,Quercus mongolica,Quercus crispula
131.176,32.377,HUMAN_OBSERVATION,Quercus mongolica,Quercus crispula
131.176,32.377,HUMAN_OBSERVATION,Quercus mongolica,Quercus crispula
131.176,32.377,HUMAN_OBSERVATION,Quercus mongolica,Quercus crispula
131.176,32.377,HUMAN_OBSERVATION,Quercus mongolica,Quercus crispula
131.176,32.377,HUMAN_OBSERVATION,Quercus mongolica,Quercus crispula
131.176,32.377,HUMAN_OBSERVATION,Quercus mongolica,Quercus crispula
131.176,32.377,HUMAN_OBSERVATION,Quercus mongolica,Quercus crispula
131.176,32.377,HUMAN_OBSERVATION,Quercus mongolica,Quercus crispula
131.176,32.377,HUMAN_OBSERVATION,Quercus mongolica,Quercus crispula
131.176,32.377,HUMAN_OBSERVATION,Quercus mongolica,Quercus crispula
131.176,32.377,HUMAN_OBSERVATION,Quercus mongolica,Quercus crispula
131.176,32.377,HUMAN_OBSERVATION,Quercus mongolica,Quercus crispula
131.176,32.377,HUMAN_OBSERVATION,Quercus mongolica,Quercus crispula
131.176,32.377,HUMAN_OBSERVATION,Quercus mongolica,Quercus crispula
131.176,32.377,HUMAN_OBSERVATION,Quercus mongolica,Quercus crispula
131.176,32.377,HUMAN_OBSERVATION,Quercus mongolica,Quercus crispula
131.176,32.377,HUMAN_OBSERVATION,Quercus mongolica,Quercus crispula
131.176,32.377,HUMAN_OBSERVATION,Quercus mongolica,Quercus crispula
131.176,32.377,HUMAN_OBSERVATION,Quercus mongolica,Quercus crispula
131.176,32.377,HUMAN_OBSERVATION,Quercus mongolica,Quercus crispula
131.176,32.377,HUMAN_OBSERVATION,Quercus mongolica,Quercus crispula
131.176,32.377,HUMAN_OBSERVATION,Quercus mongolica,Quercus crispula
131.176,32.377,HUMAN_OBSERVATION,Quercus mongolica,Quercus crispula
131.176,32.377,HUMAN_OBSERVATION,Quercus mongolica,Quercus crispula
131.176,32.377,HUMAN_OBSERVATION,Quercus mongolica,Quercus crispula
131.176,32.377,HUMAN_OBSERVATION,Quercus mongolica,Quercus crispula
131.176,32.377,HUMAN_OBSERVATION,Quercus mongolica,Quercus crispula
131.176,32.377,HUMAN_OBSERVATION,Quercus mongolica,Quercus crispula
131.176,32.377,HUMAN_OBSERVATION,Quercus mongolica,Quercus crispula
131.176,32.377,HUMAN_OBSERVATION,Quercus mongolica,Quercus crispula
131.176,32.377,HUMAN_OBSERVATION,Quercus mongolica,Quercus crispula
131.176,32.377,HUMAN_OBSERVATION,Quercus mongolica,Quercus crispula
131.176,32.377,HUMAN_OBSERVATION,Quercus mongolica,Quercus crispula
131.176,32.377,HUMAN_OBSERVATION,Quercus mongolica,Quercus crispula
131.176,32.377,HUMAN_OBSERVATION,Quercus mongolica,Quercus crispula
131.176,32.377,HUMAN_OBSERVATION,Quercus mongolica,Quercus crispula
131.176,32.377,HUMAN_OBSERVATION,Quercus mongolica,Quercus crispula
131.176,32.377,HUMAN_OBSERVATION,Quercus mongolica,Quercus crispula
131.176,32.377,HUMAN_OBSERVATION,Quercus mongolica,Quercus crispula
131.176,32.377,HUMAN_OBSERVATION,Quercus mongolica,Quercus crispula
131.176,32.377,HUMAN_OBSERVATION,Quercus mongolica,Quercus crispula
131.176,32.377,HUMAN_OBSERVATION,Quercus mongolica,Quercus crispula
131.176,32.377,HUMAN_OBSERVATION,Quercus mongolica,Quercus crispula
131.176,32.377,HUMAN_OBSERVATION,Quercus mongolica,Quercus crispula
131.176,32.377,HUMAN_OBSERVATION,Quercus mongolica,Quercus crispula
131.176,32.377,HUMAN_OBSERVATION,Quercus mongolica,Quercus crispula
131.176,32.377,HUMAN_OBSERVATION,Quercus mongolica,Quercus crispula
131.176,32.377,HUMAN_OBSERVATION,Quercus mongolica,Quercus crispula
131.176,32.377,HUMAN_OBSERVATION,Quercus mongolica,Quercus crispula
131.176,32.377,HUMAN_OBSERVATION,Quercus mongolica,Quercus crispula
131.176,32.377,HUMAN_OBSERVATION,Quercus mongolica,Quercus crispula
131.176,32.377,HUMAN_OBSERVATION,Quercus mongolica,Quercus crispula
131.176,32.377,HUMAN_OBSERVATION,Quercus mongolica,Quercus crispula
131.176,32.377,HUMAN_OBSERVATION,Quercus mongolica,Quercus crispula
131.176,32.377,HUMAN_OBSERVATION,Quercus mongolica,Quercus crispula
131.176,32.377,HUMAN_OBSERVATION,Quercus mongolica,Quercus crispula
131.176,32.377,HUMAN_OBSERVATION,Quercus mongolica,Quercus crispula
131.176,32.377,HUMAN_OBSERVATION,Quercus mongolica,Quercus crispula
131.176,32.377,HUMAN_OBSERVATION,Quercus mongolica,Quercus crispula
131.176,32.377,HUMAN_OBSERVATION,Quercus mongolica,Quercus crispula
131.176,32.377,HUMAN_OBSERVATION,Quercus mongolica,Quercus crispula
131.176,32.377,HUMAN_OBSERVATION,Quercus mongolica,Quercus crispula
131.176,32.377,HUMAN_OBSERVATION,Quercus mongolica,Quercus crispula
131.176,32.377,HUMAN_OBSERVATION,Quercus mongolica,Quercus crispula
131.176,32.377,HUMAN_OBSERVATION,Quercus mongolica,Quercus crispula
131.176,32.377,HUMAN_OBSERVATION,Quercus mongolica,Quercus crispula
131.176,32.377,HUMAN_OBSERVATION,Quercus mongolica,Quercus crispula
131.176,32.377,HUMAN_OBSERVATION,Quercus mongolica,Quercus crispula
131.176,32.377,HUMAN_OBSERVATION,Quercus mongolica,Quercus crispula
131.176,32.377,HUMAN_OBSERVATION,Quercus mongolica,Quercus crispula
131.176,32.377,HUMAN_OBSERVATION,Quercus mongolica,Quercus crispula
139.032222,36.824167,PRESERVED_SPECIMEN,Quercus mongolica,Quercus crispula
144.314803,43.073378,PRESERVED_SPECIMEN,Quercus mongolica,Quercus crispula
141.7504,40.0505,PRESERVED_SPECIMEN,Quercus mongolica,Quercus crispula
140.112,40.495,HUMAN_OBSERVATION,Quercus mongolica,Quercus crispula
140.855,39.111,HUMAN_OBSERVATION,Quercus mongolica,Quercus crispula
140.855,39.111,HUMAN_OBSERVATION,Quercus mongolica,Quercus crispula
140.855,39.111,HUMAN_OBSERVATION,Quercus mongolica,Quercus crispula
140.855,39.111,HUMAN_OBSERVATION,Quercus mongolica,Quercus crispula
140.855,39.111,HUMAN_OBSERVATION,Quercus mongolica,Quercus crispula
140.855,39.111,HUMAN_OBSERVATION,Quercus mongolica,Quercus crispula
140.855,39.111,HUMAN_OBSERVATION,Quercus mongolica,Quercus crispula
140.855,39.111,HUMAN_OBSERVATION,Quercus mongolica,Quercus crispula
140.855,39.111,HUMAN_OBSERVATION,Quercus mongolica,Quercus crispula
140.855,39.111,HUMAN_OBSERVATION,Quercus mongolica,Quercus crispula
140.855,39.111,HUMAN_OBSERVATION,Quercus mongolica,Quercus crispula
140.855,39.111,HUMAN_OBSERVATION,Quercus mongolica,Quercus crispula
140.855,39.111,HUMAN_OBSERVATION,Quercus mongolica,Quercus crispula
143.939,43.014,HUMAN_OBSERVATION,Quercus mongolica,Quercus crispula
143.939,43.014,HUMAN_OBSERVATION,Quercus mongolica,Quercus crispula
143.939,43.014,HUMAN_OBSERVATION,Quercus mongolica,Quercus crispula
143.939,43.014,HUMAN_OBSERVATION,Quercus mongolica,Quercus crispula
139.42,36.545,HUMAN_OBSERVATION,Quercus mongolica,Quercus crispula
139.42,36.545,HUMAN_OBSERVATION,Quercus mongolica,Quercus crispula
139.42,36.545,HUMAN_OBSERVATION,Quercus mongolica,Quercus crispula
139.42,36.545,HUMAN_OBSERVATION,Quercus mongolica,Quercus crispula
139.42,36.545,HUMAN_OBSERVATION,Quercus mongolica,Quercus crispula
139.42,36.545,HUMAN_OBSERVATION,Quercus mongolica,Quercus crispula
139.42,36.545,HUMAN_OBSERVATION,Quercus mongolica,Quercus crispula
139.42,36.545,HUMAN_OBSERVATION,Quercus mongolica,Quercus crispula
139.42,36.545,HUMAN_OBSERVATION,Quercus mongolica,Quercus crispula
139.42,36.545,HUMAN_OBSERVATION,Quercus mongolica,Quercus crispula
139.42,36.545,HUMAN_OBSERVATION,Quercus mongolica,Quercus crispula
139.42,36.545,HUMAN_OBSERVATION,Quercus mongolica,Quercus crispula
139.42,36.545,HUMAN_OBSERVATION,Quercus mongolica,Quercus crispula
139.42,36.545,HUMAN_OBSERVATION,Quercus mongolica,Quercus crispula
139.42,36.545,HUMAN_OBSERVATION,Quercus mongolica,Quercus crispula
139.42,36.545,HUMAN_OBSERVATION,Quercus mongolica,Quercus crispula
139.42,36.545,HUMAN_OBSERVATION,Quercus mongolica,Quercus crispula
139.42,36.545,HUMAN_OBSERVATION,Quercus mongolica,Quercus crispula
139.42,36.545,HUMAN_OBSERVATION,Quercus mongolica,Quercus crispula
139.42,36.545,HUMAN_OBSERVATION,Quercus mongolica,Quercus crispula
139.42,36.545,HUMAN_OBSERVATION,Quercus mongolica,Quercus crispula
139.42,36.545,HUMAN_OBSERVATION,Quercus mongolica,Quercus crispula
139.42,36.545,HUMAN_OBSERVATION,Quercus mongolica,Quercus crispula
139.42,36.545,HUMAN_OBSERVATION,Quercus mongolica,Quercus crispula
139.42,36.545,HUMAN_OBSERVATION,Quercus mongolica,Quercus crispula
139.42,36.545,HUMAN_OBSERVATION,Quercus mongolica,Quercus crispula
139.42,36.545,HUMAN_OBSERVATION,Quercus mongolica,Quercus crispula
139.42,36.545,HUMAN_OBSERVATION,Quercus mongolica,Quercus crispula
139.42,36.545,HUMAN_OBSERVATION,Quercus mongolica,Quercus crispula
139.42,36.545,HUMAN_OBSERVATION,Quercus mongolica,Quercus crispula
139.42,36.545,HUMAN_OBSERVATION,Quercus mongolica,Quercus crispula
139.42,36.545,HUMAN_OBSERVATION,Quercus mongolica,Quercus crispula
139.42,36.545,HUMAN_OBSERVATION,Quercus mongolica,Quercus crispula
139.42,36.545,HUMAN_OBSERVATION,Quercus mongolica,Quercus crispula
139.42,36.545,HUMAN_OBSERVATION,Quercus mongolica,Quercus crispula
139.42,36.545,HUMAN_OBSERVATION,Quercus mongolica,Quercus crispula
139.42,36.545,HUMAN_OBSERVATION,Quercus mongolica,Quercus crispula
139.42,36.545,HUMAN_OBSERVATION,Quercus mongolica,Quercus crispula
139.42,36.545,HUMAN_OBSERVATION,Quercus mongolica,Quercus crispula
139.42,36.545,HUMAN_OBSERVATION,Quercus mongolica,Quercus crispula
139.42,36.545,HUMAN_OBSERVATION,Quercus mongolica,Quercus crispula
139.42,36.545,HUMAN_OBSERVATION,Quercus mongolica,Quercus crispula
139.42,36.545,HUMAN_OBSERVATION,Quercus mongolica,Quercus crispula
139.42,36.545,HUMAN_OBSERVATION,Quercus mongolica,Quercus crispula
139.42,36.545,HUMAN_OBSERVATION,Quercus mongolica,Quercus crispula
138.351,36.523,HUMAN_OBSERVATION,Quercus mongolica,Quercus crispula
138.351,36.523,HUMAN_OBSERVATION,Quercus mongolica,Quercus crispula
138.351,36.523,HUMAN_OBSERVATION,Quercus mongolica,Quercus crispula
138.351,36.523,HUMAN_OBSERVATION,Quercus mongolica,Quercus crispula
138.351,36.523,HUMAN_OBSERVATION,Quercus mongolica,Quercus crispula
138.351,36.523,HUMAN_OBSERVATION,Quercus mongolica,Quercus crispula
138.351,36.523,HUMAN_OBSERVATION,Quercus mongolica,Quercus crispula
138.351,36.523,HUMAN_OBSERVATION,Quercus mongolica,Quercus crispula
138.351,36.523,HUMAN_OBSERVATION,Quercus mongolica,Quercus crispula
138.351,36.523,HUMAN_OBSERVATION,Quercus mongolica,Quercus crispula
138.351,36.523,HUMAN_OBSERVATION,Quercus mongolica,Quercus crispula
138.351,36.523,HUMAN_OBSERVATION,Quercus mongolica,Quercus crispula
138.351,36.523,HUMAN_OBSERVATION,Quercus mongolica,Quercus crispula
138.351,36.523,HUMAN_OBSERVATION,Quercus mongolica,Quercus crispula
138.351,36.523,HUMAN_OBSERVATION,Quercus mongolica,Quercus crispula
138.351,36.523,HUMAN_OBSERVATION,Quercus mongolica,Quercus crispula
138.351,36.523,HUMAN_OBSERVATION,Quercus mongolica,Quercus crispula
138.351,36.523,HUMAN_OBSERVATION,Quercus mongolica,Quercus crispula
138.351,36.523,HUMAN_OBSERVATION,Quercus mongolica,Quercus crispula
138.351,36.523,HUMAN_OBSERVATION,Quercus mongolica,Quercus crispula
138.351,36.523,HUMAN_OBSERVATION,Quercus mongolica,Quercus crispula
138.351,36.523,HUMAN_OBSERVATION,Quercus mongolica,Quercus crispula
138.351,36.523,HUMAN_OBSERVATION,Quercus mongolica,Quercus crispula
138.351,36.523,HUMAN_OBSERVATION,Quercus mongolica,Quercus crispula
138.351,36.523,HUMAN_OBSERVATION,Quercus mongolica,Quercus crispula
138.351,36.523,HUMAN_OBSERVATION,Quercus mongolica,Quercus crispula
138.351,36.523,HUMAN_OBSERVATION,Quercus mongolica,Quercus crispula
138.351,36.523,HUMAN_OBSERVATION,Quercus mongolica,Quercus crispula
138.351,36.523,HUMAN_OBSERVATION,Quercus mongolica,Quercus crispula
138.351,36.523,HUMAN_OBSERVATION,Quercus mongolica,Quercus crispula
138.351,36.523,HUMAN_OBSERVATION,Quercus mongolica,Quercus crispula
138.351,36.523,HUMAN_OBSERVATION,Quercus mongolica,Quercus crispula
138.351,36.523,HUMAN_OBSERVATION,Quercus mongolica,Quercus crispula
138.351,36.523,HUMAN_OBSERVATION,Quercus mongolica,Quercus crispula
138.351,36.523,HUMAN_OBSERVATION,Quercus mongolica,Quercus crispula
138.351,36.523,HUMAN_OBSERVATION,Quercus mongolica,Quercus crispula
138.351,36.523,HUMAN_OBSERVATION,Quercus mongolica,Quercus crispula
138.351,36.523,HUMAN_OBSERVATION,Quercus mongolica,Quercus crispula
138.351,36.523,HUMAN_OBSERVATION,Quercus mongolica,Quercus crispula
138.351,36.523,HUMAN_OBSERVATION,Quercus mongolica,Quercus crispula
138.351,36.523,HUMAN_OBSERVATION,Quercus mongolica,Quercus crispula
138.351,36.523,HUMAN_OBSERVATION,Quercus mongolica,Quercus crispula
138.351,36.523,HUMAN_OBSERVATION,Quercus mongolica,Quercus crispula
138.351,36.523,HUMAN_OBSERVATION,Quercus mongolica,Quercus crispula
138.351,36.523,HUMAN_OBSERVATION,Quercus mongolica,Quercus crispula
138.351,36.523,HUMAN_OBSERVATION,Quercus mongolica,Quercus crispula
138.351,36.523,HUMAN_OBSERVATION,Quercus mongolica,Quercus crispula
138.351,36.523,HUMAN_OBSERVATION,Quercus mongolica,Quercus crispula
138.351,36.523,HUMAN_OBSERVATION,Quercus mongolica,Quercus crispula
138.351,36.523,HUMAN_OBSERVATION,Quercus mongolica,Quercus crispula
138.351,36.523,HUMAN_OBSERVATION,Quercus mongolica,Quercus crispula
138.351,36.523,HUMAN_OBSERVATION,Quercus mongolica,Quercus crispula
138.351,36.523,HUMAN_OBSERVATION,Quercus mongolica,Quercus crispula
138.351,36.523,HUMAN_OBSERVATION,Quercus mongolica,Quercus crispula
138.351,36.523,HUMAN_OBSERVATION,Quercus mongolica,Quercus crispula
138.351,36.523,HUMAN_OBSERVATION,Quercus mongolica,Quercus crispula
138.351,36.523,HUMAN_OBSERVATION,Quercus mongolica,Quercus crispula
138.351,36.523,HUMAN_OBSERVATION,Quercus mongolica,Quercus crispula
138.351,36.523,HUMAN_OBSERVATION,Quercus mongolica,Quercus crispula
138.351,36.523,HUMAN_OBSERVATION,Quercus mongolica,Quercus crispula
138.351,36.523,HUMAN_OBSERVATION,Quercus mongolica,Quercus crispula
138.351,36.523,HUMAN_OBSERVATION,Quercus mongolica,Quercus crispula
138.351,36.523,HUMAN_OBSERVATION,Quercus mongolica,Quercus crispula
138.351,36.523,HUMAN_OBSERVATION,Quercus mongolica,Quercus crispula
138.351,36.523,HUMAN_OBSERVATION,Quercus mongolica,Quercus crispula
138.351,36.523,HUMAN_OBSERVATION,Quercus mongolica,Quercus crispula
138.351,36.523,HUMAN_OBSERVATION,Quercus mongolica,Quercus crispula
138.351,36.523,HUMAN_OBSERVATION,Quercus mongolica,Quercus crispula
138.351,36.523,HUMAN_OBSERVATION,Quercus mongolica,Quercus crispula
138.351,36.523,HUMAN_OBSERVATION,Quercus mongolica,Quercus crispula
138.351,36.523,HUMAN_OBSERVATION,Quercus mongolica,Quercus crispula
138.351,36.523,HUMAN_OBSERVATION,Quercus mongolica,Quercus crispula
131.173,32.398,HUMAN_OBSERVATION,Quercus mongolica,Quercus crispula
131.173,32.398,HUMAN_OBSERVATION,Quercus mongolica,Quercus crispula
131.173,32.398,HUMAN_OBSERVATION,Quercus mongolica,Quercus crispula
131.173,32.398,HUMAN_OBSERVATION,Quercus mongolica,Quercus crispula
131.173,32.398,HUMAN_OBSERVATION,Quercus mongolica,Quercus crispula
131.173,32.398,HUMAN_OBSERVATION,Quercus mongolica,Quercus crispula
131.173,32.398,HUMAN_OBSERVATION,Quercus mongolica,Quercus crispula
131.173,32.398,HUMAN_OBSERVATION,Quercus mongolica,Quercus crispula
131.173,32.398,HUMAN_OBSERVATION,Quercus mongolica,Quercus crispula
131.173,32.398,HUMAN_OBSERVATION,Quercus mongolica,Quercus crispula
131.173,32.398,HUMAN_OBSERVATION,Quercus mongolica,Quercus crispula
131.173,32.398,HUMAN_OBSERVATION,Quercus mongolica,Quercus crispula
131.173,32.398,HUMAN_OBSERVATION,Quercus mongolica,Quercus crispula
131.173,32.398,HUMAN_OBSERVATION,Quercus mongolica,Quercus crispula
131.173,32.398,HUMAN_OBSERVATION,Quercus mongolica,Quercus crispula
131.173,32.398,HUMAN_OBSERVATION,Quercus mongolica,Quercus crispula
131.173,32.398,HUMAN_OBSERVATION,Quercus mongolica,Quercus crispula
131.173,32.398,HUMAN_OBSERVATION,Quercus mongolica,Quercus crispula
131.173,32.398,HUMAN_OBSERVATION,Quercus mongolica,Quercus crispula
131.173,32.398,HUMAN_OBSERVATION,Quercus mongolica,Quercus crispula
131.173,32.398,HUMAN_OBSERVATION,Quercus mongolica,Quercus crispula
131.173,32.398,HUMAN_OBSERVATION,Quercus mongolica,Quercus crispula
131.173,32.398,HUMAN_OBSERVATION,Quercus mongolica,Quercus crispula
131.173,32.398,HUMAN_OBSERVATION,Quercus mongolica,Quercus crispula
131.173,32.398,HUMAN_OBSERVATION,Quercus mongolica,Quercus crispula
131.173,32.398,HUMAN_OBSERVATION,Quercus mongolica,Quercus crispula
131.173,32.398,HUMAN_OBSERVATION,Quercus mongolica,Quercus crispula
131.173,32.398,HUMAN_OBSERVATION,Quercus mongolica,Quercus crispula
131.173,32.398,HUMAN_OBSERVATION,Quercus mongolica,Quercus crispula
131.173,32.398,HUMAN_OBSERVATION,Quercus mongolica,Quercus crispula
131.173,32.398,HUMAN_OBSERVATION,Quercus mongolica,Quercus crispula
131.173,32.398,HUMAN_OBSERVATION,Quercus mongolica,Quercus crispula
131.173,32.398,HUMAN_OBSERVATION,Quercus mongolica,Quercus crispula
131.173,32.398,HUMAN_OBSERVATION,Quercus mongolica,Quercus crispula
131.173,32.398,HUMAN_OBSERVATION,Quercus mongolica,Quercus crispula
131.173,32.398,HUMAN_OBSERVATION,Quercus mongolica,Quercus crispula
131.173,32.398,HUMAN_OBSERVATION,Quercus mongolica,Quercus crispula
131.173,32.398,HUMAN_OBSERVATION,Quercus mongolica,Quercus crispula
131.173,32.398,HUMAN_OBSERVATION,Quercus mongolica,Quercus crispula
131.173,32.398,HUMAN_OBSERVATION,Quercus mongolica,Quercus crispula
131.173,32.398,HUMAN_OBSERVATION,Quercus mongolica,Quercus crispula
131.173,32.398,HUMAN_OBSERVATION,Quercus mongolica,Quercus crispula
131.173,32.398,HUMAN_OBSERVATION,Quercus mongolica,Quercus crispula
131.173,32.398,HUMAN_OBSERVATION,Quercus mongolica,Quercus crispula
131.173,32.398,HUMAN_OBSERVATION,Quercus mongolica,Quercus crispula
131.173,32.398,HUMAN_OBSERVATION,Quercus mongolica,Quercus crispula
131.173,32.398,HUMAN_OBSERVATION,Quercus mongolica,Quercus crispula
131.173,32.398,HUMAN_OBSERVATION,Quercus mongolica,Quercus crispula
140.8777698,39.3820612,PRESERVED_SPECIMEN,Quercus mongolica,Quercus crispula
140.8777706,39.3653962,PRESERVED_SPECIMEN,Quercus mongolica,Quercus crispula
140.902768,39.3737289,PRESERVED_SPECIMEN,Quercus mongolica,Quercus crispula
144.661,43.361,HUMAN_OBSERVATION,Quercus mongolica,Quercus crispula
144.661,43.361,HUMAN_OBSERVATION,Quercus mongolica,Quercus crispula
144.661,43.361,HUMAN_OBSERVATION,Quercus mongolica,Quercus crispula
144.661,43.361,HUMAN_OBSERVATION,Quercus mongolica,Quercus crispula
144.661,43.361,HUMAN_OBSERVATION,Quercus mongolica,Quercus crispula
144.661,43.361,HUMAN_OBSERVATION,Quercus mongolica,Quercus crispula
144.661,43.361,HUMAN_OBSERVATION,Quercus mongolica,Quercus crispula
144.661,43.361,HUMAN_OBSERVATION,Quercus mongolica,Quercus crispula
144.661,43.361,HUMAN_OBSERVATION,Quercus mongolica,Quercus crispula
144.661,43.361,HUMAN_OBSERVATION,Quercus mongolica,Quercus crispula
144.661,43.361,HUMAN_OBSERVATION,Quercus mongolica,Quercus crispula
144.661,43.361,HUMAN_OBSERVATION,Quercus mongolica,Quercus crispula
144.661,43.361,HUMAN_OBSERVATION,Quercus mongolica,Quercus crispula
144.661,43.361,HUMAN_OBSERVATION,Quercus mongolica,Quercus crispula
144.661,43.361,HUMAN_OBSERVATION,Quercus mongolica,Quercus crispula
144.661,43.361,HUMAN_OBSERVATION,Quercus mongolica,Quercus crispula
144.661,43.361,HUMAN_OBSERVATION,Quercus mongolica,Quercus crispula
144.661,43.361,HUMAN_OBSERVATION,Quercus mongolica,Quercus crispula
144.661,43.361,HUMAN_OBSERVATION,Quercus mongolica,Quercus crispula
144.661,43.361,HUMAN_OBSERVATION,Quercus mongolica,Quercus crispula
144.661,43.361,HUMAN_OBSERVATION,Quercus mongolica,Quercus crispula
144.661,43.361,HUMAN_OBSERVATION,Quercus mongolica,Quercus crispula
144.661,43.361,HUMAN_OBSERVATION,Quercus mongolica,Quercus crispula
144.661,43.361,HUMAN_OBSERVATION,Quercus mongolica,Quercus crispula
144.661,43.361,HUMAN_OBSERVATION,Quercus mongolica,Quercus crispula
144.661,43.361,HUMAN_OBSERVATION,Quercus mongolica,Quercus crispula
144.661,43.361,HUMAN_OBSERVATION,Quercus mongolica,Quercus crispula
141.01875,40.1875,PRESERVED_SPECIMEN,Quercus mongolica,Quercus crispula
138.897222,36.474722,PRESERVED_SPECIMEN,Quercus mongolica,Quercus crispula
138.893333,36.473889,PRESERVED_SPECIMEN,Quercus mongolica,Quercus crispula
139.158056,36.7575,PRESERVED_SPECIMEN,Quercus mongolica,Quercus crispula
139.146944,36.687222,PRESERVED_SPECIMEN,Quercus mongolica,Quercus crispula
138.903056,36.475,PRESERVED_SPECIMEN,Quercus mongolica,Quercus crispula
140.112,40.495,HUMAN_OBSERVATION,Quercus mongolica,Quercus crispula
140.855,39.111,HUMAN_OBSERVATION,Quercus mongolica,Quercus crispula
140.855,39.111,HUMAN_OBSERVATION,Quercus mongolica,Quercus crispula
140.855,39.111,HUMAN_OBSERVATION,Quercus mongolica,Quercus crispula
140.855,39.111,HUMAN_OBSERVATION,Quercus mongolica,Quercus crispula
140.855,39.111,HUMAN_OBSERVATION,Quercus mongolica,Quercus crispula
140.855,39.111,HUMAN_OBSERVATION,Quercus mongolica,Quercus crispula
140.855,39.111,HUMAN_OBSERVATION,Quercus mongolica,Quercus crispula
140.855,39.111,HUMAN_OBSERVATION,Quercus mongolica,Quercus crispula
140.855,39.111,HUMAN_OBSERVATION,Quercus mongolica,Quercus crispula
140.855,39.111,HUMAN_OBSERVATION,Quercus mongolica,Quercus crispula
140.855,39.111,HUMAN_OBSERVATION,Quercus mongolica,Quercus crispula
140.855,39.111,HUMAN_OBSERVATION,Quercus mongolica,Quercus crispula
140.855,39.111,HUMAN_OBSERVATION,Quercus mongolica,Quercus crispula
139.42,36.545,HUMAN_OBSERVATION,Quercus mongolica,Quercus crispula
139.42,36.545,HUMAN_OBSERVATION,Quercus mongolica,Quercus crispula
139.42,36.545,HUMAN_OBSERVATION,Quercus mongolica,Quercus crispula
139.42,36.545,HUMAN_OBSERVATION,Quercus mongolica,Quercus crispula
139.42,36.545,HUMAN_OBSERVATION,Quercus mongolica,Quercus crispula
139.42,36.545,HUMAN_OBSERVATION,Quercus mongolica,Quercus crispula
139.42,36.545,HUMAN_OBSERVATION,Quercus mongolica,Quercus crispula
139.42,36.545,HUMAN_OBSERVATION,Quercus mongolica,Quercus crispula
139.42,36.545,HUMAN_OBSERVATION,Quercus mongolica,Quercus crispula
139.42,36.545,HUMAN_OBSERVATION,Quercus mongolica,Quercus crispula
139.42,36.545,HUMAN_OBSERVATION,Quercus mongolica,Quercus crispula
139.42,36.545,HUMAN_OBSERVATION,Quercus mongolica,Quercus crispula
139.42,36.545,HUMAN_OBSERVATION,Quercus mongolica,Quercus crispula
139.42,36.545,HUMAN_OBSERVATION,Quercus mongolica,Quercus crispula
139.42,36.545,HUMAN_OBSERVATION,Quercus mongolica,Quercus crispula
139.42,36.545,HUMAN_OBSERVATION,Quercus mongolica,Quercus crispula
139.42,36.545,HUMAN_OBSERVATION,Quercus mongolica,Quercus crispula
139.42,36.545,HUMAN_OBSERVATION,Quercus mongolica,Quercus crispula
139.42,36.545,HUMAN_OBSERVATION,Quercus mongolica,Quercus crispula
139.42,36.545,HUMAN_OBSERVATION,Quercus mongolica,Quercus crispula
139.42,36.545,HUMAN_OBSERVATION,Quercus mongolica,Quercus crispula
139.42,36.545,HUMAN_OBSERVATION,Quercus mongolica,Quercus crispula
139.42,36.545,HUMAN_OBSERVATION,Quercus mongolica,Quercus crispula
139.42,36.545,HUMAN_OBSERVATION,Quercus mongolica,Quercus crispula
139.42,36.545,HUMAN_OBSERVATION,Quercus mongolica,Quercus crispula
139.42,36.545,HUMAN_OBSERVATION,Quercus mongolica,Quercus crispula
139.42,36.545,HUMAN_OBSERVATION,Quercus mongolica,Quercus crispula
139.42,36.545,HUMAN_OBSERVATION,Quercus mongolica,Quercus crispula
139.42,36.545,HUMAN_OBSERVATION,Quercus mongolica,Quercus crispula
139.42,36.545,HUMAN_OBSERVATION,Quercus mongolica,Quercus crispula
139.42,36.545,HUMAN_OBSERVATION,Quercus mongolica,Quercus crispula
139.42,36.545,HUMAN_OBSERVATION,Quercus mongolica,Quercus crispula
139.42,36.545,HUMAN_OBSERVATION,Quercus mongolica,Quercus crispula
139.42,36.545,HUMAN_OBSERVATION,Quercus mongolica,Quercus crispula
139.42,36.545,HUMAN_OBSERVATION,Quercus mongolica,Quercus crispula
139.42,36.545,HUMAN_OBSERVATION,Quercus mongolica,Quercus crispula
139.42,36.545,HUMAN_OBSERVATION,Quercus mongolica,Quercus crispula
139.42,36.545,HUMAN_OBSERVATION,Quercus mongolica,Quercus crispula
139.42,36.545,HUMAN_OBSERVATION,Quercus mongolica,Quercus crispula
139.42,36.545,HUMAN_OBSERVATION,Quercus mongolica,Quercus crispula
139.42,36.545,HUMAN_OBSERVATION,Quercus mongolica,Quercus crispula
139.42,36.545,HUMAN_OBSERVATION,Quercus mongolica,Quercus crispula
139.42,36.545,HUMAN_OBSERVATION,Quercus mongolica,Quercus crispula
139.42,36.545,HUMAN_OBSERVATION,Quercus mongolica,Quercus crispula
139.42,36.545,HUMAN_OBSERVATION,Quercus mongolica,Quercus crispula
139.42,36.545,HUMAN_OBSERVATION,Quercus mongolica,Quercus crispula
138.351,36.523,HUMAN_OBSERVATION,Quercus mongolica,Quercus crispula
138.351,36.523,HUMAN_OBSERVATION,Quercus mongolica,Quercus crispula
138.351,36.523,HUMAN_OBSERVATION,Quercus mongolica,Quercus crispula
138.351,36.523,HUMAN_OBSERVATION,Quercus mongolica,Quercus crispula
138.351,36.523,HUMAN_OBSERVATION,Quercus mongolica,Quercus crispula
138.351,36.523,HUMAN_OBSERVATION,Quercus mongolica,Quercus crispula
138.351,36.523,HUMAN_OBSERVATION,Quercus mongolica,Quercus crispula
138.351,36.523,HUMAN_OBSERVATION,Quercus mongolica,Quercus crispula
138.351,36.523,HUMAN_OBSERVATION,Quercus mongolica,Quercus crispula
138.351,36.523,HUMAN_OBSERVATION,Quercus mongolica,Quercus crispula
138.351,36.523,HUMAN_OBSERVATION,Quercus mongolica,Quercus crispula
138.351,36.523,HUMAN_OBSERVATION,Quercus mongolica,Quercus crispula
138.351,36.523,HUMAN_OBSERVATION,Quercus mongolica,Quercus crispula
138.351,36.523,HUMAN_OBSERVATION,Quercus mongolica,Quercus crispula
138.351,36.523,HUMAN_OBSERVATION,Quercus mongolica,Quercus crispula
138.351,36.523,HUMAN_OBSERVATION,Quercus mongolica,Quercus crispula
138.351,36.523,HUMAN_OBSERVATION,Quercus mongolica,Quercus crispula
138.351,36.523,HUMAN_OBSERVATION,Quercus mongolica,Quercus crispula
138.351,36.523,HUMAN_OBSERVATION,Quercus mongolica,Quercus crispula
138.351,36.523,HUMAN_OBSERVATION,Quercus mongolica,Quercus crispula
138.351,36.523,HUMAN_OBSERVATION,Quercus mongolica,Quercus crispula
138.351,36.523,HUMAN_OBSERVATION,Quercus mongolica,Quercus crispula
138.351,36.523,HUMAN_OBSERVATION,Quercus mongolica,Quercus crispula
138.351,36.523,HUMAN_OBSERVATION,Quercus mongolica,Quercus crispula
138.351,36.523,HUMAN_OBSERVATION,Quercus mongolica,Quercus crispula
138.351,36.523,HUMAN_OBSERVATION,Quercus mongolica,Quercus crispula
138.351,36.523,HUMAN_OBSERVATION,Quercus mongolica,Quercus crispula
138.351,36.523,HUMAN_OBSERVATION,Quercus mongolica,Quercus crispula
138.351,36.523,HUMAN_OBSERVATION,Quercus mongolica,Quercus crispula
138.351,36.523,HUMAN_OBSERVATION,Quercus mongolica,Quercus crispula
138.351,36.523,HUMAN_OBSERVATION,Quercus mongolica,Quercus crispula
138.351,36.523,HUMAN_OBSERVATION,Quercus mongolica,Quercus crispula
138.351,36.523,HUMAN_OBSERVATION,Quercus mongolica,Quercus crispula
138.351,36.523,HUMAN_OBSERVATION,Quercus mongolica,Quercus crispula
138.351,36.523,HUMAN_OBSERVATION,Quercus mongolica,Quercus crispula
138.351,36.523,HUMAN_OBSERVATION,Quercus mongolica,Quercus crispula
138.351,36.523,HUMAN_OBSERVATION,Quercus mongolica,Quercus crispula
138.351,36.523,HUMAN_OBSERVATION,Quercus mongolica,Quercus crispula
138.351,36.523,HUMAN_OBSERVATION,Quercus mongolica,Quercus crispula
138.351,36.523,HUMAN_OBSERVATION,Quercus mongolica,Quercus crispula
138.351,36.523,HUMAN_OBSERVATION,Quercus mongolica,Quercus crispula
138.351,36.523,HUMAN_OBSERVATION,Quercus mongolica,Quercus crispula
138.351,36.523,HUMAN_OBSERVATION,Quercus mongolica,Quercus crispula
138.351,36.523,HUMAN_OBSERVATION,Quercus mongolica,Quercus crispula
138.351,36.523,HUMAN_OBSERVATION,Quercus mongolica,Quercus crispula
138.351,36.523,HUMAN_OBSERVATION,Quercus mongolica,Quercus crispula
138.351,36.523,HUMAN_OBSERVATION,Quercus mongolica,Quercus crispula
138.351,36.523,HUMAN_OBSERVATION,Quercus mongolica,Quercus crispula
138.351,36.523,HUMAN_OBSERVATION,Quercus mongolica,Quercus crispula
138.351,36.523,HUMAN_OBSERVATION,Quercus mongolica,Quercus crispula
138.351,36.523,HUMAN_OBSERVATION,Quercus mongolica,Quercus crispula
138.351,36.523,HUMAN_OBSERVATION,Quercus mongolica,Quercus crispula
138.351,36.523,HUMAN_OBSERVATION,Quercus mongolica,Quercus crispula
138.351,36.523,HUMAN_OBSERVATION,Quercus mongolica,Quercus crispula
138.351,36.523,HUMAN_OBSERVATION,Quercus mongolica,Quercus crispula
138.351,36.523,HUMAN_OBSERVATION,Quercus mongolica,Quercus crispula
138.351,36.523,HUMAN_OBSERVATION,Quercus mongolica,Quercus crispula
138.351,36.523,HUMAN_OBSERVATION,Quercus mongolica,Quercus crispula
138.351,36.523,HUMAN_OBSERVATION,Quercus mongolica,Quercus crispula
138.351,36.523,HUMAN_OBSERVATION,Quercus mongolica,Quercus crispula
138.351,36.523,HUMAN_OBSERVATION,Quercus mongolica,Quercus crispula
138.351,36.523,HUMAN_OBSERVATION,Quercus mongolica,Quercus crispula
138.351,36.523,HUMAN_OBSERVATION,Quercus mongolica,Quercus crispula
140.7593,39.2918,PRESERVED_SPECIMEN,Quercus mongolica,Quercus crispula
141.9679,39.8799,PRESERVED_SPECIMEN,Quercus mongolica,Quercus crispula
139.153076,35.415759,PRESERVED_SPECIMEN,Quercus mongolica,Quercus crispula
140.855,39.111,HUMAN_OBSERVATION,Quercus mongolica,Quercus crispula
140.855,39.111,HUMAN_OBSERVATION,Quercus mongolica,Quercus crispula
140.855,39.111,HUMAN_OBSERVATION,Quercus mongolica,Quercus crispula
140.855,39.111,HUMAN_OBSERVATION,Quercus mongolica,Quercus crispula
140.855,39.111,HUMAN_OBSERVATION,Quercus mongolica,Quercus crispula
140.855,39.111,HUMAN_OBSERVATION,Quercus mongolica,Quercus crispula
140.855,39.111,HUMAN_OBSERVATION,Quercus mongolica,Quercus crispula
140.855,39.111,HUMAN_OBSERVATION,Quercus mongolica,Quercus crispula
140.855,39.111,HUMAN_OBSERVATION,Quercus mongolica,Quercus crispula
140.855,39.111,HUMAN_OBSERVATION,Quercus mongolica,Quercus crispula
140.855,39.111,HUMAN_OBSERVATION,Quercus mongolica,Quercus crispula
140.855,39.111,HUMAN_OBSERVATION,Quercus mongolica,Quercus crispula
140.855,39.111,HUMAN_OBSERVATION,Quercus mongolica,Quercus crispula
140.855,39.111,HUMAN_OBSERVATION,Quercus mongolica,Quercus crispula
139.165575,35.432424,PRESERVED_SPECIMEN,Quercus mongolica,Quercus crispula
139.22807,35.440758,PRESERVED_SPECIMEN,Quercus mongolica,Quercus crispula
139.715,37.296667,PRESERVED_SPECIMEN,Quercus mongolica,Quercus crispula
141.9679,39.8799,PRESERVED_SPECIMEN,Quercus mongolica,Quercus crispula
141.9679,39.8799,PRESERVED_SPECIMEN,Quercus mongolica,Quercus crispula
139.06559,35.265776,PRESERVED_SPECIMEN,Quercus mongolica,Quercus crispula
139.156111,36.518889,PRESERVED_SPECIMEN,Quercus mongolica,Quercus crispula
142.668117,47.080533,HUMAN_OBSERVATION,Quercus mongolica,Quercus crispula
141.664,42.858,HUMAN_OBSERVATION,Quercus mongolica,Quercus crispula
141.664,42.858,HUMAN_OBSERVATION,Quercus mongolica,Quercus crispula
141.664,42.858,HUMAN_OBSERVATION,Quercus mongolica,Quercus crispula
141.664,42.858,HUMAN_OBSERVATION,Quercus mongolica,Quercus crispula
141.664,42.858,HUMAN_OBSERVATION,Quercus mongolica,Quercus crispula
141.664,42.858,HUMAN_OBSERVATION,Quercus mongolica,Quercus crispula
141.664,42.858,HUMAN_OBSERVATION,Quercus mongolica,Quercus crispula
141.664,42.858,HUMAN_OBSERVATION,Quercus mongolica,Quercus crispula
141.664,42.858,HUMAN_OBSERVATION,Quercus mongolica,Quercus crispula
141.664,42.858,HUMAN_OBSERVATION,Quercus mongolica,Quercus crispula
141.664,42.858,HUMAN_OBSERVATION,Quercus mongolica,Quercus crispula
141.664,42.858,HUMAN_OBSERVATION,Quercus mongolica,Quercus crispula
141.664,42.858,HUMAN_OBSERVATION,Quercus mongolica,Quercus crispula
141.664,42.858,HUMAN_OBSERVATION,Quercus mongolica,Quercus crispula
141.664,42.858,HUMAN_OBSERVATION,Quercus mongolica,Quercus crispula
141.664,42.858,HUMAN_OBSERVATION,Quercus mongolica,Quercus crispula
141.664,42.858,HUMAN_OBSERVATION,Quercus mongolica,Quercus crispula
141.664,42.858,HUMAN_OBSERVATION,Quercus mongolica,Quercus crispula
141.664,42.858,HUMAN_OBSERVATION,Quercus mongolica,Quercus crispula
141.664,42.858,HUMAN_OBSERVATION,Quercus mongolica,Quercus crispula
141.664,42.858,HUMAN_OBSERVATION,Quercus mongolica,Quercus crispula
141.664,42.858,HUMAN_OBSERVATION,Quercus mongolica,Quercus crispula
141.664,42.858,HUMAN_OBSERVATION,Quercus mongolica,Quercus crispula
141.664,42.858,HUMAN_OBSERVATION,Quercus mongolica,Quercus crispula
141.664,42.858,HUMAN_OBSERVATION,Quercus mongolica,Quercus crispula
141.664,42.858,HUMAN_OBSERVATION,Quercus mongolica,Quercus crispula
141.664,42.858,HUMAN_OBSERVATION,Quercus mongolica,Quercus crispula
141.664,42.858,HUMAN_OBSERVATION,Quercus mongolica,Quercus crispula
141.664,42.858,HUMAN_OBSERVATION,Quercus mongolica,Quercus crispula
141.664,42.858,HUMAN_OBSERVATION,Quercus mongolica,Quercus crispula
141.664,42.858,HUMAN_OBSERVATION,Quercus mongolica,Quercus crispula
141.664,42.858,HUMAN_OBSERVATION,Quercus mongolica,Quercus crispula
141.664,42.858,HUMAN_OBSERVATION,Quercus mongolica,Quercus crispula
141.664,42.858,HUMAN_OBSERVATION,Quercus mongolica,Quercus crispula
141.664,42.858,HUMAN_OBSERVATION,Quercus mongolica,Quercus crispula
141.664,42.858,HUMAN_OBSERVATION,Quercus mongolica,Quercus crispula
141.664,42.858,HUMAN_OBSERVATION,Quercus mongolica,Quercus crispula
139.153076,35.424091,PRESERVED_SPECIMEN,Quercus mongolica,Quercus crispula
136.095,34.188,HUMAN_OBSERVATION,Quercus mongolica,Quercus crispula
136.095,34.188,HUMAN_OBSERVATION,Quercus mongolica,Quercus crispula
139.42,36.545,HUMAN_OBSERVATION,Quercus mongolica,Quercus crispula
139.42,36.545,HUMAN_OBSERVATION,Quercus mongolica,Quercus crispula
139.42,36.545,HUMAN_OBSERVATION,Quercus mongolica,Quercus crispula
139.42,36.545,HUMAN_OBSERVATION,Quercus mongolica,Quercus crispula
139.42,36.545,HUMAN_OBSERVATION,Quercus mongolica,Quercus crispula
139.42,36.545,HUMAN_OBSERVATION,Quercus mongolica,Quercus crispula
139.42,36.545,HUMAN_OBSERVATION,Quercus mongolica,Quercus crispula
139.42,36.545,HUMAN_OBSERVATION,Quercus mongolica,Quercus crispula
139.42,36.545,HUMAN_OBSERVATION,Quercus mongolica,Quercus crispula
139.42,36.545,HUMAN_OBSERVATION,Quercus mongolica,Quercus crispula
139.42,36.545,HUMAN_OBSERVATION,Quercus mongolica,Quercus crispula
139.42,36.545,HUMAN_OBSERVATION,Quercus mongolica,Quercus crispula
139.42,36.545,HUMAN_OBSERVATION,Quercus mongolica,Quercus crispula
139.42,36.545,HUMAN_OBSERVATION,Quercus mongolica,Quercus crispula
139.42,36.545,HUMAN_OBSERVATION,Quercus mongolica,Quercus crispula
139.42,36.545,HUMAN_OBSERVATION,Quercus mongolica,Quercus crispula
139.42,36.545,HUMAN_OBSERVATION,Quercus mongolica,Quercus crispula
139.42,36.545,HUMAN_OBSERVATION,Quercus mongolica,Quercus crispula
139.42,36.545,HUMAN_OBSERVATION,Quercus mongolica,Quercus crispula
139.42,36.545,HUMAN_OBSERVATION,Quercus mongolica,Quercus crispula
139.42,36.545,HUMAN_OBSERVATION,Quercus mongolica,Quercus crispula
139.42,36.545,HUMAN_OBSERVATION,Quercus mongolica,Quercus crispula
139.42,36.545,HUMAN_OBSERVATION,Quercus mongolica,Quercus crispula
139.42,36.545,HUMAN_OBSERVATION,Quercus mongolica,Quercus crispula
139.42,36.545,HUMAN_OBSERVATION,Quercus mongolica,Quercus crispula
139.42,36.545,HUMAN_OBSERVATION,Quercus mongolica,Quercus crispula
139.42,36.545,HUMAN_OBSERVATION,Quercus mongolica,Quercus crispula
139.42,36.545,HUMAN_OBSERVATION,Quercus mongolica,Quercus crispula
139.42,36.545,HUMAN_OBSERVATION,Quercus mongolica,Quercus crispula
139.42,36.545,HUMAN_OBSERVATION,Quercus mongolica,Quercus crispula
139.42,36.545,HUMAN_OBSERVATION,Quercus mongolica,Quercus crispula
139.42,36.545,HUMAN_OBSERVATION,Quercus mongolica,Quercus crispula
139.42,36.545,HUMAN_OBSERVATION,Quercus mongolica,Quercus crispula
139.42,36.545,HUMAN_OBSERVATION,Quercus mongolica,Quercus crispula
139.42,36.545,HUMAN_OBSERVATION,Quercus mongolica,Quercus crispula
136.095,34.188,HUMAN_OBSERVATION,Quercus mongolica,Quercus crispula
139.42,36.545,HUMAN_OBSERVATION,Quercus mongolica,Quercus crispula
139.42,36.545,HUMAN_OBSERVATION,Quercus mongolica,Quercus crispula
139.42,36.545,HUMAN_OBSERVATION,Quercus mongolica,Quercus crispula
139.42,36.545,HUMAN_OBSERVATION,Quercus mongolica,Quercus crispula
139.42,36.545,HUMAN_OBSERVATION,Quercus mongolica,Quercus crispula
139.42,36.545,HUMAN_OBSERVATION,Quercus mongolica,Quercus crispula
139.42,36.545,HUMAN_OBSERVATION,Quercus mongolica,Quercus crispula
139.42,36.545,HUMAN_OBSERVATION,Quercus mongolica,Quercus crispula
139.42,36.545,HUMAN_OBSERVATION,Quercus mongolica,Quercus crispula
139.42,36.545,HUMAN_OBSERVATION,Quercus mongolica,Quercus crispula
139.42,36.545,HUMAN_OBSERVATION,Quercus mongolica,Quercus crispula
138.351,36.523,HUMAN_OBSERVATION,Quercus mongolica,Quercus crispula
138.351,36.523,HUMAN_OBSERVATION,Quercus mongolica,Quercus crispula
138.351,36.523,HUMAN_OBSERVATION,Quercus mongolica,Quercus crispula
138.351,36.523,HUMAN_OBSERVATION,Quercus mongolica,Quercus crispula
138.351,36.523,HUMAN_OBSERVATION,Quercus mongolica,Quercus crispula
138.351,36.523,HUMAN_OBSERVATION,Quercus mongolica,Quercus crispula
138.351,36.523,HUMAN_OBSERVATION,Quercus mongolica,Quercus crispula
138.351,36.523,HUMAN_OBSERVATION,Quercus mongolica,Quercus crispula
138.351,36.523,HUMAN_OBSERVATION,Quercus mongolica,Quercus crispula
138.351,36.523,HUMAN_OBSERVATION,Quercus mongolica,Quercus crispula
138.351,36.523,HUMAN_OBSERVATION,Quercus mongolica,Quercus crispula
138.351,36.523,HUMAN_OBSERVATION,Quercus mongolica,Quercus crispula
138.351,36.523,HUMAN_OBSERVATION,Quercus mongolica,Quercus crispula
138.351,36.523,HUMAN_OBSERVATION,Quercus mongolica,Quercus crispula
138.351,36.523,HUMAN_OBSERVATION,Quercus mongolica,Quercus crispula
138.351,36.523,HUMAN_OBSERVATION,Quercus mongolica,Quercus crispula
138.351,36.523,HUMAN_OBSERVATION,Quercus mongolica,Quercus crispula
138.351,36.523,HUMAN_OBSERVATION,Quercus mongolica,Quercus crispula
138.351,36.523,HUMAN_OBSERVATION,Quercus mongolica,Quercus crispula
138.351,36.523,HUMAN_OBSERVATION,Quercus mongolica,Quercus crispula
138.351,36.523,HUMAN_OBSERVATION,Quercus mongolica,Quercus crispula
138.351,36.523,HUMAN_OBSERVATION,Quercus mongolica,Quercus crispula
138.351,36.523,HUMAN_OBSERVATION,Quercus mongolica,Quercus crispula
138.351,36.523,HUMAN_OBSERVATION,Quercus mongolica,Quercus crispula
138.351,36.523,HUMAN_OBSERVATION,Quercus mongolica,Quercus crispula
138.351,36.523,HUMAN_OBSERVATION,Quercus mongolica,Quercus crispula
138.351,36.523,HUMAN_OBSERVATION,Quercus mongolica,Quercus crispula
138.351,36.523,HUMAN_OBSERVATION,Quercus mongolica,Quercus crispula
138.351,36.523,HUMAN_OBSERVATION,Quercus mongolica,Quercus crispula
138.351,36.523,HUMAN_OBSERVATION,Quercus mongolica,Quercus crispula
138.351,36.523,HUMAN_OBSERVATION,Quercus mongolica,Quercus crispula
138.351,36.523,HUMAN_OBSERVATION,Quercus mongolica,Quercus crispula
138.351,36.523,HUMAN_OBSERVATION,Quercus mongolica,Quercus crispula
138.351,36.523,HUMAN_OBSERVATION,Quercus mongolica,Quercus crispula
138.351,36.523,HUMAN_OBSERVATION,Quercus mongolica,Quercus crispula
138.351,36.523,HUMAN_OBSERVATION,Quercus mongolica,Quercus crispula
138.351,36.523,HUMAN_OBSERVATION,Quercus mongolica,Quercus crispula
138.351,36.523,HUMAN_OBSERVATION,Quercus mongolica,Quercus crispula
138.351,36.523,HUMAN_OBSERVATION,Quercus mongolica,Quercus crispula
138.351,36.523,HUMAN_OBSERVATION,Quercus mongolica,Quercus crispula
138.351,36.523,HUMAN_OBSERVATION,Quercus mongolica,Quercus crispula
138.351,36.523,HUMAN_OBSERVATION,Quercus mongolica,Quercus crispula
138.351,36.523,HUMAN_OBSERVATION,Quercus mongolica,Quercus crispula
138.351,36.523,HUMAN_OBSERVATION,Quercus mongolica,Quercus crispula
138.351,36.523,HUMAN_OBSERVATION,Quercus mongolica,Quercus crispula
138.351,36.523,HUMAN_OBSERVATION,Quercus mongolica,Quercus crispula
138.351,36.523,HUMAN_OBSERVATION,Quercus mongolica,Quercus crispula
138.351,36.523,HUMAN_OBSERVATION,Quercus mongolica,Quercus crispula
138.351,36.523,HUMAN_OBSERVATION,Quercus mongolica,Quercus crispula
138.351,36.523,HUMAN_OBSERVATION,Quercus mongolica,Quercus crispula
138.351,36.523,HUMAN_OBSERVATION,Quercus mongolica,Quercus crispula
138.351,36.523,HUMAN_OBSERVATION,Quercus mongolica,Quercus crispula
138.351,36.523,HUMAN_OBSERVATION,Quercus mongolica,Quercus crispula
138.351,36.523,HUMAN_OBSERVATION,Quercus mongolica,Quercus crispula
138.351,36.523,HUMAN_OBSERVATION,Quercus mongolica,Quercus crispula
138.351,36.523,HUMAN_OBSERVATION,Quercus mongolica,Quercus crispula
138.351,36.523,HUMAN_OBSERVATION,Quercus mongolica,Quercus crispula
138.351,36.523,HUMAN_OBSERVATION,Quercus mongolica,Quercus crispula
138.351,36.523,HUMAN_OBSERVATION,Quercus mongolica,Quercus crispula
138.351,36.523,HUMAN_OBSERVATION,Quercus mongolica,Quercus crispula
138.351,36.523,HUMAN_OBSERVATION,Quercus mongolica,Quercus crispula
138.351,36.523,HUMAN_OBSERVATION,Quercus mongolica,Quercus crispula
138.351,36.523,HUMAN_OBSERVATION,Quercus mongolica,Quercus crispula
138.351,36.523,HUMAN_OBSERVATION,Quercus mongolica,Quercus crispula
138.351,36.523,HUMAN_OBSERVATION,Quercus mongolica,Quercus crispula
141.3641,39.2377,PRESERVED_SPECIMEN,Quercus mongolica,Quercus crispula
139.053092,35.249112,PRESERVED_SPECIMEN,Quercus mongolica,Quercus crispula
136.40228,35.16438,PRESERVED_SPECIMEN,Quercus mongolica,Quercus crispula
139.028095,35.257443,PRESERVED_SPECIMEN,Quercus mongolica,Quercus crispula
139.003099,35.232445,PRESERVED_SPECIMEN,Quercus mongolica,Quercus crispula
139.028095,35.257443,PRESERVED_SPECIMEN,Quercus mongolica,Quercus crispula
141.348723,39.275537,PRESERVED_SPECIMEN,Quercus mongolica,Quercus crispula
138.940599,35.399088,PRESERVED_SPECIMEN,Quercus mongolica,Quercus crispula
138.915602,35.40742,PRESERVED_SPECIMEN,Quercus mongolica,Quercus crispula
140.7027827,39.4320501,PRESERVED_SPECIMEN,Quercus mongolica,Quercus crispula
141.0285,39.8387,PRESERVED_SPECIMEN,Quercus mongolica,Quercus crispula
141.0312,39.8385,PRESERVED_SPECIMEN,Quercus mongolica,Quercus crispula
141.0285,39.8387,PRESERVED_SPECIMEN,Quercus mongolica,Quercus crispula
141.0312,39.8385,PRESERVED_SPECIMEN,Quercus mongolica,Quercus crispula
139.128078,35.42409,PRESERVED_SPECIMEN,Quercus mongolica,Quercus crispula
139.190573,35.440757,PRESERVED_SPECIMEN,Quercus mongolica,Quercus crispula
139.028094,35.299103,PRESERVED_SPECIMEN,Quercus mongolica,Quercus crispula
139.160556,36.522222,PRESERVED_SPECIMEN,Quercus mongolica,Quercus crispula
139.0031,35.190783,PRESERVED_SPECIMEN,Quercus mongolica,Quercus crispula
137.6816,35.2131,PRESERVED_SPECIMEN,Quercus mongolica,Quercus crispula
141.347485,39.285626,PRESERVED_SPECIMEN,Quercus mongolica,Quercus crispula
139.153076,35.449088,PRESERVED_SPECIMEN,Quercus mongolica,Quercus crispula
139.053092,35.232447,PRESERVED_SPECIMEN,Quercus mongolica,Quercus crispula
141.63125,39.770833,PRESERVED_SPECIMEN,Quercus mongolica,Quercus crispula
141.65625,39.770833,PRESERVED_SPECIMEN,Quercus mongolica,Quercus crispula
140.855,39.111,HUMAN_OBSERVATION,Quercus mongolica,Quercus crispula
140.855,39.111,HUMAN_OBSERVATION,Quercus mongolica,Quercus crispula
140.855,39.111,HUMAN_OBSERVATION,Quercus mongolica,Quercus crispula
140.855,39.111,HUMAN_OBSERVATION,Quercus mongolica,Quercus crispula
140.855,39.111,HUMAN_OBSERVATION,Quercus mongolica,Quercus crispula
140.855,39.111,HUMAN_OBSERVATION,Quercus mongolica,Quercus crispula
140.855,39.111,HUMAN_OBSERVATION,Quercus mongolica,Quercus crispula
140.855,39.111,HUMAN_OBSERVATION,Quercus mongolica,Quercus crispula
140.855,39.111,HUMAN_OBSERVATION,Quercus mongolica,Quercus crispula
140.855,39.111,HUMAN_OBSERVATION,Quercus mongolica,Quercus crispula
140.855,39.111,HUMAN_OBSERVATION,Quercus mongolica,Quercus crispula
140.855,39.109,HUMAN_OBSERVATION,Quercus mongolica,Quercus crispula
140.855,39.109,HUMAN_OBSERVATION,Quercus mongolica,Quercus crispula
140.855,39.109,HUMAN_OBSERVATION,Quercus mongolica,Quercus crispula
140.855,39.109,HUMAN_OBSERVATION,Quercus mongolica,Quercus crispula
140.855,39.109,HUMAN_OBSERVATION,Quercus mongolica,Quercus crispula
140.855,39.109,HUMAN_OBSERVATION,Quercus mongolica,Quercus crispula
140.855,39.109,HUMAN_OBSERVATION,Quercus mongolica,Quercus crispula
140.855,39.109,HUMAN_OBSERVATION,Quercus mongolica,Quercus crispula
139.42,36.545,HUMAN_OBSERVATION,Quercus mongolica,Quercus crispula
139.42,36.545,HUMAN_OBSERVATION,Quercus mongolica,Quercus crispula
139.42,36.545,HUMAN_OBSERVATION,Quercus mongolica,Quercus crispula
139.42,36.545,HUMAN_OBSERVATION,Quercus mongolica,Quercus crispula
139.42,36.545,HUMAN_OBSERVATION,Quercus mongolica,Quercus crispula
139.42,36.545,HUMAN_OBSERVATION,Quercus mongolica,Quercus crispula
139.42,36.545,HUMAN_OBSERVATION,Quercus mongolica,Quercus crispula
139.42,36.545,HUMAN_OBSERVATION,Quercus mongolica,Quercus crispula
139.42,36.545,HUMAN_OBSERVATION,Quercus mongolica,Quercus crispula
139.42,36.545,HUMAN_OBSERVATION,Quercus mongolica,Quercus crispula
139.42,36.545,HUMAN_OBSERVATION,Quercus mongolica,Quercus crispula
139.42,36.545,HUMAN_OBSERVATION,Quercus mongolica,Quercus crispula
139.42,36.545,HUMAN_OBSERVATION,Quercus mongolica,Quercus crispula
139.42,36.545,HUMAN_OBSERVATION,Quercus mongolica,Quercus crispula
139.42,36.545,HUMAN_OBSERVATION,Quercus mongolica,Quercus crispula
139.42,36.545,HUMAN_OBSERVATION,Quercus mongolica,Quercus crispula
139.42,36.545,HUMAN_OBSERVATION,Quercus mongolica,Quercus crispula
139.42,36.545,HUMAN_OBSERVATION,Quercus mongolica,Quercus crispula
139.42,36.545,HUMAN_OBSERVATION,Quercus mongolica,Quercus crispula
139.42,36.545,HUMAN_OBSERVATION,Quercus mongolica,Quercus crispula
139.42,36.545,HUMAN_OBSERVATION,Quercus mongolica,Quercus crispula
139.42,36.545,HUMAN_OBSERVATION,Quercus mongolica,Quercus crispula
139.42,36.545,HUMAN_OBSERVATION,Quercus mongolica,Quercus crispula
139.42,36.545,HUMAN_OBSERVATION,Quercus mongolica,Quercus crispula
139.42,36.545,HUMAN_OBSERVATION,Quercus mongolica,Quercus crispula
139.42,36.545,HUMAN_OBSERVATION,Quercus mongolica,Quercus crispula
139.42,36.545,HUMAN_OBSERVATION,Quercus mongolica,Quercus crispula
139.42,36.545,HUMAN_OBSERVATION,Quercus mongolica,Quercus crispula
139.42,36.545,HUMAN_OBSERVATION,Quercus mongolica,Quercus crispula
139.42,36.545,HUMAN_OBSERVATION,Quercus mongolica,Quercus crispula
139.42,36.545,HUMAN_OBSERVATION,Quercus mongolica,Quercus crispula
139.42,36.545,HUMAN_OBSERVATION,Quercus mongolica,Quercus crispula
139.42,36.545,HUMAN_OBSERVATION,Quercus mongolica,Quercus crispula
139.42,36.545,HUMAN_OBSERVATION,Quercus mongolica,Quercus crispula
139.42,36.545,HUMAN_OBSERVATION,Quercus mongolica,Quercus crispula
140.855,39.111,HUMAN_OBSERVATION,Quercus mongolica,Quercus crispula
140.855,39.111,HUMAN_OBSERVATION,Quercus mongolica,Quercus crispula
140.855,39.111,HUMAN_OBSERVATION,Quercus mongolica,Quercus crispula
140.855,39.109,HUMAN_OBSERVATION,Quercus mongolica,Quercus crispula
139.42,36.545,HUMAN_OBSERVATION,Quercus mongolica,Quercus crispula
139.42,36.545,HUMAN_OBSERVATION,Quercus mongolica,Quercus crispula
139.42,36.545,HUMAN_OBSERVATION,Quercus mongolica,Quercus crispula
139.42,36.545,HUMAN_OBSERVATION,Quercus mongolica,Quercus crispula
139.42,36.545,HUMAN_OBSERVATION,Quercus mongolica,Quercus crispula
139.42,36.545,HUMAN_OBSERVATION,Quercus mongolica,Quercus crispula
139.42,36.545,HUMAN_OBSERVATION,Quercus mongolica,Quercus crispula
139.42,36.545,HUMAN_OBSERVATION,Quercus mongolica,Quercus crispula
139.42,36.545,HUMAN_OBSERVATION,Quercus mongolica,Quercus crispula
139.42,36.545,HUMAN_OBSERVATION,Quercus mongolica,Quercus crispula
139.42,36.545,HUMAN_OBSERVATION,Quercus mongolica,Quercus crispula
139.065585,35.482416,PRESERVED_SPECIMEN,Quercus mongolica,Quercus crispula
138.351,36.523,HUMAN_OBSERVATION,Quercus mongolica,Quercus crispula
138.351,36.523,HUMAN_OBSERVATION,Quercus mongolica,Quercus crispula
138.351,36.523,HUMAN_OBSERVATION,Quercus mongolica,Quercus crispula
138.351,36.523,HUMAN_OBSERVATION,Quercus mongolica,Quercus crispula
138.351,36.523,HUMAN_OBSERVATION,Quercus mongolica,Quercus crispula
138.351,36.523,HUMAN_OBSERVATION,Quercus mongolica,Quercus crispula
138.351,36.523,HUMAN_OBSERVATION,Quercus mongolica,Quercus crispula
138.351,36.523,HUMAN_OBSERVATION,Quercus mongolica,Quercus crispula
138.351,36.523,HUMAN_OBSERVATION,Quercus mongolica,Quercus crispula
138.351,36.523,HUMAN_OBSERVATION,Quercus mongolica,Quercus crispula
138.351,36.523,HUMAN_OBSERVATION,Quercus mongolica,Quercus crispula
138.351,36.523,HUMAN_OBSERVATION,Quercus mongolica,Quercus crispula
138.351,36.523,HUMAN_OBSERVATION,Quercus mongolica,Quercus crispula
138.351,36.523,HUMAN_OBSERVATION,Quercus mongolica,Quercus crispula
138.351,36.523,HUMAN_OBSERVATION,Quercus mongolica,Quercus crispula
138.351,36.523,HUMAN_OBSERVATION,Quercus mongolica,Quercus crispula
138.351,36.523,HUMAN_OBSERVATION,Quercus mongolica,Quercus crispula
138.351,36.523,HUMAN_OBSERVATION,Quercus mongolica,Quercus crispula
138.351,36.523,HUMAN_OBSERVATION,Quercus mongolica,Quercus crispula
138.351,36.523,HUMAN_OBSERVATION,Quercus mongolica,Quercus crispula
138.351,36.523,HUMAN_OBSERVATION,Quercus mongolica,Quercus crispula
138.351,36.523,HUMAN_OBSERVATION,Quercus mongolica,Quercus crispula
138.351,36.523,HUMAN_OBSERVATION,Quercus mongolica,Quercus crispula
138.351,36.523,HUMAN_OBSERVATION,Quercus mongolica,Quercus crispula
138.351,36.523,HUMAN_OBSERVATION,Quercus mongolica,Quercus crispula
138.351,36.523,HUMAN_OBSERVATION,Quercus mongolica,Quercus crispula
138.351,36.523,HUMAN_OBSERVATION,Quercus mongolica,Quercus crispula
131.910251,43.028927,HUMAN_OBSERVATION,Acer pseudosieboldianum,Acer pseudosieboldianum
131.903823,43.029116,HUMAN_OBSERVATION,Acer pseudosieboldianum,Acer pseudosieboldianum
132.085311,43.269922,HUMAN_OBSERVATION,Acer pseudosieboldianum,Acer pseudosieboldianum
127.406013,35.756203,HUMAN_OBSERVATION,Acer pseudosieboldianum,Acer pseudosieboldianum
131.956716,43.417821000000004,HUMAN_OBSERVATION,Acer pseudosieboldianum,Acer pseudosieboldianum
131.854128,43.056375,HUMAN_OBSERVATION,Acer pseudosieboldianum,Acer pseudosieboldianum
126.991096,37.551174,HUMAN_OBSERVATION,Acer pseudosieboldianum,Acer pseudosieboldianum
131.992097,43.222012,HUMAN_OBSERVATION,Acer pseudosieboldianum,Acer pseudosieboldianum
131.99209,43.222202,HUMAN_OBSERVATION,Acer pseudosieboldianum,Acer pseudosieboldianum
128.817064,37.853565,HUMAN_OBSERVATION,Acer pseudosieboldianum,Acer pseudosieboldianum
127.142372,38.179867,HUMAN_OBSERVATION,Acer pseudosieboldianum,Acer pseudosieboldianum
128.762786,37.868518,HUMAN_OBSERVATION,Acer pseudosieboldianum,Acer pseudosieboldianum
127.275641,37.974428,HUMAN_OBSERVATION,Acer pseudosieboldianum,Acer pseudosieboldianum
127.275691,37.974275,HUMAN_OBSERVATION,Acer pseudosieboldianum,Acer pseudosieboldianum
126.483383,33.337988,HUMAN_OBSERVATION,Acer pseudosieboldianum,Acer pseudosieboldianum
131.642107,43.364027,HUMAN_OBSERVATION,Acer pseudosieboldianum,Acer pseudosieboldianum
125.410775,41.324322,HUMAN_OBSERVATION,Acer pseudosieboldianum,Acer pseudosieboldianum
125.410832,41.324285,HUMAN_OBSERVATION,Acer pseudosieboldianum,Acer pseudosieboldianum
125.4152,41.322763,HUMAN_OBSERVATION,Acer pseudosieboldianum,Acer pseudosieboldianum
128.753366,37.706707,HUMAN_OBSERVATION,Acer pseudosieboldianum,Acer pseudosieboldianum
128.673502,37.611958,HUMAN_OBSERVATION,Acer pseudosieboldianum,Acer pseudosieboldianum
131.991253,43.212246,HUMAN_OBSERVATION,Acer pseudosieboldianum,Acer pseudosieboldianum
131.993484,43.221378,HUMAN_OBSERVATION,Acer pseudosieboldianum,Acer pseudosieboldianum
128.671458,37.611173,HUMAN_OBSERVATION,Acer pseudosieboldianum,Acer pseudosieboldianum
125.410912,41.324338,HUMAN_OBSERVATION,Acer pseudosieboldianum,Acer pseudosieboldianum
123.905558,41.894138,HUMAN_OBSERVATION,Acer pseudosieboldianum,Acer pseudosieboldianum
125.416588,41.32095,HUMAN_OBSERVATION,Acer pseudosieboldianum,Acer pseudosieboldianum
131.994172,43.221487,HUMAN_OBSERVATION,Acer pseudosieboldianum,Acer pseudosieboldianum
131.881322,43.029133,HUMAN_OBSERVATION,Acer pseudosieboldianum,Acer pseudosieboldianum
128.671023,37.609473,HUMAN_OBSERVATION,Acer pseudosieboldianum,Acer pseudosieboldianum
131.875631,42.958728,HUMAN_OBSERVATION,Acer pseudosieboldianum,Acer pseudosieboldianum
127.200877,37.480487,HUMAN_OBSERVATION,Acer pseudosieboldianum,Acer pseudosieboldianum
128.877505,37.769086,HUMAN_OBSERVATION,Acer pseudosieboldianum,Acer pseudosieboldianum
126.505972,33.358167,HUMAN_OBSERVATION,Acer pseudosieboldianum,Acer pseudosieboldianum
131.729295,42.93243,HUMAN_OBSERVATION,Acer pseudosieboldianum,Acer pseudosieboldianum
126.65245,33.354478,HUMAN_OBSERVATION,Acer pseudosieboldianum,Acer pseudosieboldianum
128.599075,37.773833,HUMAN_OBSERVATION,Acer pseudosieboldianum,Acer pseudosieboldianum
131.887472,42.972192,HUMAN_OBSERVATION,Acer pseudosieboldianum,Acer pseudosieboldianum
131.557427,43.099886,HUMAN_OBSERVATION,Acer pseudosieboldianum,Acer pseudosieboldianum
128.656576,34.831025,HUMAN_OBSERVATION,Acer pseudosieboldianum,Acer pseudosieboldianum
131.896403,42.965265,HUMAN_OBSERVATION,Acer pseudosieboldianum,Acer pseudosieboldianum
126.503315,33.392859,HUMAN_OBSERVATION,Acer pseudosieboldianum,Acer pseudosieboldianum
132.061031,43.21688,HUMAN_OBSERVATION,Acer pseudosieboldianum,Acer pseudosieboldianum
132.117819,43.219744,HUMAN_OBSERVATION,Acer pseudosieboldianum,Acer pseudosieboldianum
131.840517,42.969516,HUMAN_OBSERVATION,Acer pseudosieboldianum,Acer pseudosieboldianum
131.849475,42.972523,HUMAN_OBSERVATION,Acer pseudosieboldianum,Acer pseudosieboldianum
131.833198,42.941968,HUMAN_OBSERVATION,Acer pseudosieboldianum,Acer pseudosieboldianum
131.79106,43.013282,HUMAN_OBSERVATION,Acer pseudosieboldianum,Acer pseudosieboldianum
131.912373,43.16336,HUMAN_OBSERVATION,Acer pseudosieboldianum,Acer pseudosieboldianum
131.213401,42.579717,HUMAN_OBSERVATION,Acer pseudosieboldianum,Acer pseudosieboldianum
126.618505,33.419347,HUMAN_OBSERVATION,Acer pseudosieboldianum,Acer pseudosieboldianum
132.409871,42.951525,HUMAN_OBSERVATION,Acer pseudosieboldianum,Acer pseudosieboldianum
128.664844,34.743649,HUMAN_OBSERVATION,Acer pseudosieboldianum,Acer pseudosieboldianum
127.264103,39.046565,HUMAN_OBSERVATION,Acer pseudosieboldianum,Acer pseudosieboldianum
127.249057,39.05656,HUMAN_OBSERVATION,Acer pseudosieboldianum,Acer pseudosieboldianum
127.249325,39.059841,HUMAN_OBSERVATION,Acer pseudosieboldianum,Acer pseudosieboldianum
132.399969,42.932139,HUMAN_OBSERVATION,Acer pseudosieboldianum,Acer pseudosieboldianum
131.993255,43.212915,HUMAN_OBSERVATION,Acer pseudosieboldianum,Acer pseudosieboldianum
124.20878,41.074588,HUMAN_OBSERVATION,Acer pseudosieboldianum,Acer pseudosieboldianum
127.17307,37.750539,HUMAN_OBSERVATION,Acer pseudosieboldianum,Acer pseudosieboldianum
127.290845,37.976326,HUMAN_OBSERVATION,Acer pseudosieboldianum,Acer pseudosieboldianum
127.298189,37.974704,HUMAN_OBSERVATION,Acer pseudosieboldianum,Acer pseudosieboldianum
127.292806,37.974339,HUMAN_OBSERVATION,Acer pseudosieboldianum,Acer pseudosieboldianum
127.292067,37.974902,HUMAN_OBSERVATION,Acer pseudosieboldianum,Acer pseudosieboldianum
127.292911,37.974244,HUMAN_OBSERVATION,Acer pseudosieboldianum,Acer pseudosieboldianum
127.297945,37.974683,HUMAN_OBSERVATION,Acer pseudosieboldianum,Acer pseudosieboldianum
132.074906,43.210992,HUMAN_OBSERVATION,Acer pseudosieboldianum,Acer pseudosieboldianum
132.195617,43.223831,HUMAN_OBSERVATION,Acer pseudosieboldianum,Acer pseudosieboldianum
124.630516,41.072567,HUMAN_OBSERVATION,Acer pseudosieboldianum,Acer pseudosieboldianum
126.98307,37.658897,HUMAN_OBSERVATION,Acer pseudosieboldianum,Acer pseudosieboldianum
131.214721,42.585405,HUMAN_OBSERVATION,Acer pseudosieboldianum,Acer pseudosieboldianum
127.169,37.758492,HUMAN_OBSERVATION,Acer pseudosieboldianum,Acer pseudosieboldianum
128.473113,38.192322,HUMAN_OBSERVATION,Acer pseudosieboldianum,Acer pseudosieboldianum
128.594488,37.731613,HUMAN_OBSERVATION,Acer pseudosieboldianum,Acer pseudosieboldianum
126.98168,37.521963,HUMAN_OBSERVATION,Acer pseudosieboldianum,Acer pseudosieboldianum
128.666958,34.741012,HUMAN_OBSERVATION,Acer pseudosieboldianum,Acer pseudosieboldianum
126.46353,33.357037,HUMAN_OBSERVATION,Acer pseudosieboldianum,Acer pseudosieboldianum
128.666843,34.741373,HUMAN_OBSERVATION,Acer pseudosieboldianum,Acer pseudosieboldianum
126.983255,37.658964,HUMAN_OBSERVATION,Acer pseudosieboldianum,Acer pseudosieboldianum
131.889678,43.014861,HUMAN_OBSERVATION,Acer pseudosieboldianum,Acer pseudosieboldianum
131.928222,43.176036,HUMAN_OBSERVATION,Acer pseudosieboldianum,Acer pseudosieboldianum
131.927842,43.175094,HUMAN_OBSERVATION,Acer pseudosieboldianum,Acer pseudosieboldianum
131.8898,43.01485,HUMAN_OBSERVATION,Acer pseudosieboldianum,Acer pseudosieboldianum
132.775483,43.155972,HUMAN_OBSERVATION,Acer pseudosieboldianum,Acer pseudosieboldianum
132.777647,43.151703,HUMAN_OBSERVATION,Acer pseudosieboldianum,Acer pseudosieboldianum
130.838782,37.492735,HUMAN_OBSERVATION,Acer pseudosieboldianum,Acer pseudosieboldianum
130.879509,37.515758,HUMAN_OBSERVATION,Acer pseudosieboldianum,Acer pseudosieboldianum
130.831725,37.505634,HUMAN_OBSERVATION,Acer pseudosieboldianum,Acer pseudosieboldianum
130.838463,37.493147,HUMAN_OBSERVATION,Acer pseudosieboldianum,Acer pseudosieboldianum
130.86056,37.498444,HUMAN_OBSERVATION,Acer pseudosieboldianum,Acer pseudosieboldianum
130.877036,37.518979,HUMAN_OBSERVATION,Acer pseudosieboldianum,Acer pseudosieboldianum
130.877036,37.518979,HUMAN_OBSERVATION,Acer pseudosieboldianum,Acer pseudosieboldianum
130.860929,37.4984,HUMAN_OBSERVATION,Acer pseudosieboldianum,Acer pseudosieboldianum
130.828185,37.493275,HUMAN_OBSERVATION,Acer pseudosieboldianum,Acer pseudosieboldianum
130.857025,37.523205,HUMAN_OBSERVATION,Acer pseudosieboldianum,Acer pseudosieboldianum
130.859449,37.498671,HUMAN_OBSERVATION,Acer pseudosieboldianum,Acer pseudosieboldianum
130.885229,37.510425,HUMAN_OBSERVATION,Acer pseudosieboldianum,Acer pseudosieboldianum
130.828672,37.489727,HUMAN_OBSERVATION,Acer pseudosieboldianum,Acer pseudosieboldianum
130.831779,37.49074,HUMAN_OBSERVATION,Acer pseudosieboldianum,Acer pseudosieboldianum
130.831779,37.49074,HUMAN_OBSERVATION,Acer pseudosieboldianum,Acer pseudosieboldianum
130.828672,37.489727,HUMAN_OBSERVATION,Acer pseudosieboldianum,Acer pseudosieboldianum
130.885229,37.510425,HUMAN_OBSERVATION,Acer pseudosieboldianum,Acer pseudosieboldianum
130.859743,37.498429,HUMAN_OBSERVATION,Acer pseudosieboldianum,Acer pseudosieboldianum
130.859743,37.498429,HUMAN_OBSERVATION,Acer pseudosieboldianum,Acer pseudosieboldianum
130.884264,37.520559,HUMAN_OBSERVATION,Acer pseudosieboldianum,Acer pseudosieboldianum
130.884264,37.520559,HUMAN_OBSERVATION,Acer pseudosieboldianum,Acer pseudosieboldianum
130.838782,37.492735,HUMAN_OBSERVATION,Acer pseudosieboldianum,Acer pseudosieboldianum
130.884564,37.521888,HUMAN_OBSERVATION,Acer pseudosieboldianum,Acer pseudosieboldianum
130.8661,37.497145,HUMAN_OBSERVATION,Acer pseudosieboldianum,Acer pseudosieboldianum
130.884732,37.521255,HUMAN_OBSERVATION,Acer pseudosieboldianum,Acer pseudosieboldianum
130.82939,37.490776,HUMAN_OBSERVATION,Acer pseudosieboldianum,Acer pseudosieboldianum
130.861201,37.498654,HUMAN_OBSERVATION,Acer pseudosieboldianum,Acer pseudosieboldianum
130.857025,37.523205,HUMAN_OBSERVATION,Acer pseudosieboldianum,Acer pseudosieboldianum
130.857025,37.523205,HUMAN_OBSERVATION,Acer pseudosieboldianum,Acer pseudosieboldianum
130.862894,37.498645,HUMAN_OBSERVATION,Acer pseudosieboldianum,Acer pseudosieboldianum
130.862894,37.498645,HUMAN_OBSERVATION,Acer pseudosieboldianum,Acer pseudosieboldianum
130.831779,37.49074,HUMAN_OBSERVATION,Acer pseudosieboldianum,Acer pseudosieboldianum
130.843357,37.517436,HUMAN_OBSERVATION,Acer pseudosieboldianum,Acer pseudosieboldianum
130.879509,37.515758,HUMAN_OBSERVATION,Acer pseudosieboldianum,Acer pseudosieboldianum
130.877036,37.518979,HUMAN_OBSERVATION,Acer pseudosieboldianum,Acer pseudosieboldianum
130.877036,37.518979,HUMAN_OBSERVATION,Acer pseudosieboldianum,Acer pseudosieboldianum
130.857104,37.522908,HUMAN_OBSERVATION,Acer pseudosieboldianum,Acer pseudosieboldianum
130.857104,37.522908,HUMAN_OBSERVATION,Acer pseudosieboldianum,Acer pseudosieboldianum
130.838463,37.493147,HUMAN_OBSERVATION,Acer pseudosieboldianum,Acer pseudosieboldianum
130.82827,37.493437,HUMAN_OBSERVATION,Acer pseudosieboldianum,Acer pseudosieboldianum
130.838462,37.504075,HUMAN_OBSERVATION,Acer pseudosieboldianum,Acer pseudosieboldianum
130.831725,37.505634,HUMAN_OBSERVATION,Acer pseudosieboldianum,Acer pseudosieboldianum
128.107964,42.388799,HUMAN_OBSERVATION,Acer pseudosieboldianum,Acer pseudosieboldianum
127.036511,37.544406,HUMAN_OBSERVATION,Acer pseudosieboldianum,Acer pseudosieboldianum
127.335801,36.196831,HUMAN_OBSERVATION,Acer pseudosieboldianum,Acer pseudosieboldianum
127.167671,37.754026,HUMAN_OBSERVATION,Acer pseudosieboldianum,Acer pseudosieboldianum
127.269389,36.49546,HUMAN_OBSERVATION,Acer pseudosieboldianum,Acer pseudosieboldianum
126.572693,33.377948,HUMAN_OBSERVATION,Acer pseudosieboldianum,Acer pseudosieboldianum
126.569628,33.371617,HUMAN_OBSERVATION,Acer pseudosieboldianum,Acer pseudosieboldianum
131.982836,43.222666,HUMAN_OBSERVATION,Acer pseudosieboldianum,Acer pseudosieboldianum
131.49086,43.180559,HUMAN_OBSERVATION,Acer pseudosieboldianum,Acer pseudosieboldianum
131.488931,43.180795,HUMAN_OBSERVATION,Acer pseudosieboldianum,Acer pseudosieboldianum
131.489014,43.182732,HUMAN_OBSERVATION,Acer pseudosieboldianum,Acer pseudosieboldianum
125.421695,34.680878,HUMAN_OBSERVATION,Acer pseudosieboldianum,Acer pseudosieboldianum
128.293687,37.59498,HUMAN_OBSERVATION,Acer pseudosieboldianum,Acer pseudosieboldianum
128.146754,37.457078,HUMAN_OBSERVATION,Acer pseudosieboldianum,Acer pseudosieboldianum
131.979905,43.217553,HUMAN_OBSERVATION,Acer pseudosieboldianum,Acer pseudosieboldianum
131.206663,42.583358,HUMAN_OBSERVATION,Acer pseudosieboldianum,Acer pseudosieboldianum
131.993271,43.223953,HUMAN_OBSERVATION,Acer pseudosieboldianum,Acer pseudosieboldianum
126.979624,37.521764,HUMAN_OBSERVATION,Acer pseudosieboldianum,Acer pseudosieboldianum
126.981431,37.521458,HUMAN_OBSERVATION,Acer pseudosieboldianum,Acer pseudosieboldianum
131.933594,43.020039,HUMAN_OBSERVATION,Acer pseudosieboldianum,Acer pseudosieboldianum
131.999924,43.148678,HUMAN_OBSERVATION,Acer pseudosieboldianum,Acer pseudosieboldianum
131.987937,43.224754,HUMAN_OBSERVATION,Acer pseudosieboldianum,Acer pseudosieboldianum
131.946564,43.181256,HUMAN_OBSERVATION,Acer pseudosieboldianum,Acer pseudosieboldianum
132.897353,42.792978,HUMAN_OBSERVATION,Acer pseudosieboldianum,Acer pseudosieboldianum
128.011903,37.341105,HUMAN_OBSERVATION,Acer pseudosieboldianum,Acer pseudosieboldianum
128.624564,37.35279,HUMAN_OBSERVATION,Acer pseudosieboldianum,Acer pseudosieboldianum
128.624564,37.35279,HUMAN_OBSERVATION,Acer pseudosieboldianum,Acer pseudosieboldianum
131.560075,43.095653,HUMAN_OBSERVATION,Acer pseudosieboldianum,Acer pseudosieboldianum
132.056961,43.255917,HUMAN_OBSERVATION,Acer pseudosieboldianum,Acer pseudosieboldianum
132.055603,43.256103,HUMAN_OBSERVATION,Acer pseudosieboldianum,Acer pseudosieboldianum
134.171389,43.038056,HUMAN_OBSERVATION,Acer pseudosieboldianum,Acer pseudosieboldianum
131.954233,43.397559,HUMAN_OBSERVATION,Acer pseudosieboldianum,Acer pseudosieboldianum
132.08838,43.26787,HUMAN_OBSERVATION,Acer pseudosieboldianum,Acer pseudosieboldianum
131.910457,43.168869,HUMAN_OBSERVATION,Acer pseudosieboldianum,Acer pseudosieboldianum
132.056,43.215725,HUMAN_OBSERVATION,Acer pseudosieboldianum,Acer pseudosieboldianum
131.946822,43.088664,HUMAN_OBSERVATION,Acer pseudosieboldianum,Acer pseudosieboldianum
132.055267,43.256563,HUMAN_OBSERVATION,Acer pseudosieboldianum,Acer pseudosieboldianum
131.993158,43.221977,HUMAN_OBSERVATION,Acer pseudosieboldianum,Acer pseudosieboldianum
131.888563,43.047572,HUMAN_OBSERVATION,Acer pseudosieboldianum,Acer pseudosieboldianum
132.786294,43.120581,HUMAN_OBSERVATION,Acer pseudosieboldianum,Acer pseudosieboldianum
131.948595,43.391863,HUMAN_OBSERVATION,Acer pseudosieboldianum,Acer pseudosieboldianum
131.883125,42.967737,HUMAN_OBSERVATION,Acer pseudosieboldianum,Acer pseudosieboldianum
132.883133,43.180164,HUMAN_OBSERVATION,Acer pseudosieboldianum,Acer pseudosieboldianum
131.89708,43.047222,HUMAN_OBSERVATION,Acer pseudosieboldianum,Acer pseudosieboldianum
127.25969,36.882608,HUMAN_OBSERVATION,Acer pseudosieboldianum,Acer pseudosieboldianum
131.832539,42.945634,HUMAN_OBSERVATION,Acer pseudosieboldianum,Acer pseudosieboldianum
128.502837,38.170777,HUMAN_OBSERVATION,Acer pseudosieboldianum,Acer pseudosieboldianum
131.910675,43.1776,HUMAN_OBSERVATION,Acer pseudosieboldianum,Acer pseudosieboldianum
131.958358,43.400518,HUMAN_OBSERVATION,Acer pseudosieboldianum,Acer pseudosieboldianum
132.327697,43.647392,HUMAN_OBSERVATION,Acer pseudosieboldianum,Acer pseudosieboldianum
126.438141,33.352021,HUMAN_OBSERVATION,Acer pseudosieboldianum,Acer pseudosieboldianum
126.450442,33.374653,HUMAN_OBSERVATION,Acer pseudosieboldianum,Acer pseudosieboldianum
128.388717,38.153856,HUMAN_OBSERVATION,Acer pseudosieboldianum,Acer pseudosieboldianum
127.167802,37.758174,HUMAN_OBSERVATION,Acer pseudosieboldianum,Acer pseudosieboldianum
128.473237,38.191638,HUMAN_OBSERVATION,Acer pseudosieboldianum,Acer pseudosieboldianum
126.44954,33.383221,HUMAN_OBSERVATION,Acer pseudosieboldianum,Acer pseudosieboldianum
128.376312,38.165042,HUMAN_OBSERVATION,Acer pseudosieboldianum,Acer pseudosieboldianum
131.880919,43.050572,HUMAN_OBSERVATION,Acer pseudosieboldianum,Acer pseudosieboldianum
131.991944,43.223973,HUMAN_OBSERVATION,Acer pseudosieboldianum,Acer pseudosieboldianum
131.927764,43.175117,HUMAN_OBSERVATION,Acer pseudosieboldianum,Acer pseudosieboldianum
131.933456,43.17685,HUMAN_OBSERVATION,Acer pseudosieboldianum,Acer pseudosieboldianum
128.080318,35.796568,HUMAN_OBSERVATION,Acer pseudosieboldianum,Acer pseudosieboldianum
132.803208,43.198372,HUMAN_OBSERVATION,Acer pseudosieboldianum,Acer pseudosieboldianum
127.174405,37.467156,HUMAN_OBSERVATION,Acer pseudosieboldianum,Acer pseudosieboldianum
127.17437,37.467022,HUMAN_OBSERVATION,Acer pseudosieboldianum,Acer pseudosieboldianum
127.176626,37.472116,HUMAN_OBSERVATION,Acer pseudosieboldianum,Acer pseudosieboldianum
127.176033,37.470153,HUMAN_OBSERVATION,Acer pseudosieboldianum,Acer pseudosieboldianum
127.174369,37.467064,HUMAN_OBSERVATION,Acer pseudosieboldianum,Acer pseudosieboldianum
127.180496,37.468116,HUMAN_OBSERVATION,Acer pseudosieboldianum,Acer pseudosieboldianum
131.937531,43.179317,HUMAN_OBSERVATION,Acer pseudosieboldianum,Acer pseudosieboldianum
125.296805,43.85242,HUMAN_OBSERVATION,Acer pseudosieboldianum,Acer pseudosieboldianum
132.789795,43.11975,HUMAN_OBSERVATION,Acer pseudosieboldianum,Acer pseudosieboldianum
125.29425,43.85352,HUMAN_OBSERVATION,Acer pseudosieboldianum,Acer pseudosieboldianum
131.881028,43.050533,HUMAN_OBSERVATION,Acer pseudosieboldianum,Acer pseudosieboldianum
125.117225,41.016748,HUMAN_OBSERVATION,Acer pseudosieboldianum,Acer pseudosieboldianum
128.786028,35.995197,HUMAN_OBSERVATION,Acer pseudosieboldianum,Acer pseudosieboldianum
127.843855,37.770755,HUMAN_OBSERVATION,Acer pseudosieboldianum,Acer pseudosieboldianum
128.109528,42.398325,HUMAN_OBSERVATION,Acer pseudosieboldianum,Acer pseudosieboldianum
131.927921,43.175545,HUMAN_OBSERVATION,Acer pseudosieboldianum,Acer pseudosieboldianum
131.927831,43.175783,HUMAN_OBSERVATION,Acer pseudosieboldianum,Acer pseudosieboldianum
128.519834,35.708954,HUMAN_OBSERVATION,Acer pseudosieboldianum,Acer pseudosieboldianum
127.766306,35.682299,HUMAN_OBSERVATION,Acer pseudosieboldianum,Acer pseudosieboldianum
131.896397,43.026278,HUMAN_OBSERVATION,Acer pseudosieboldianum,Acer pseudosieboldianum
132.573533,43.096303,HUMAN_OBSERVATION,Acer pseudosieboldianum,Acer pseudosieboldianum
131.97989,43.271266,HUMAN_OBSERVATION,Acer pseudosieboldianum,Acer pseudosieboldianum
131.833136,42.94372,HUMAN_OBSERVATION,Acer pseudosieboldianum,Acer pseudosieboldianum
128.116319,42.399383,HUMAN_OBSERVATION,Acer pseudosieboldianum,Acer pseudosieboldianum
127.010561,36.658001,HUMAN_OBSERVATION,Acer pseudosieboldianum,Acer pseudosieboldianum
127.317796,36.614809,HUMAN_OBSERVATION,Acer pseudosieboldianum,Acer pseudosieboldianum
131.891032,43.124182,HUMAN_OBSERVATION,Acer pseudosieboldianum,Acer pseudosieboldianum
127.259026,37.680323,HUMAN_OBSERVATION,Acer pseudosieboldianum,Acer pseudosieboldianum
130.294923,42.276101,HUMAN_OBSERVATION,Acer pseudosieboldianum,Acer pseudosieboldianum
126.958825,37.615814,HUMAN_OBSERVATION,Acer pseudosieboldianum,Acer pseudosieboldianum
126.840494,37.691837,HUMAN_OBSERVATION,Acer pseudosieboldianum,Acer pseudosieboldianum
127.583939,36.071989,HUMAN_OBSERVATION,Acer pseudosieboldianum,Acer pseudosieboldianum
128.20584,36.48473,HUMAN_OBSERVATION,Acer pseudosieboldianum,Acer pseudosieboldianum
129.021518,35.311374,HUMAN_OBSERVATION,Acer pseudosieboldianum,Acer pseudosieboldianum
127.58153,36.08154,HUMAN_OBSERVATION,Acer pseudosieboldianum,Acer pseudosieboldianum
127.573355,36.072256,HUMAN_OBSERVATION,Acer pseudosieboldianum,Acer pseudosieboldianum
129.061641,35.240613,HUMAN_OBSERVATION,Acer pseudosieboldianum,Acer pseudosieboldianum
127.585927,36.075928,HUMAN_OBSERVATION,Acer pseudosieboldianum,Acer pseudosieboldianum
129.024418,35.312884,HUMAN_OBSERVATION,Acer pseudosieboldianum,Acer pseudosieboldianum
128.19303,36.48109,HUMAN_OBSERVATION,Acer pseudosieboldianum,Acer pseudosieboldianum
127.01180600000001,34.405964,HUMAN_OBSERVATION,Acer pseudosieboldianum,Acer pseudosieboldianum
127.013337,34.410086,HUMAN_OBSERVATION,Acer pseudosieboldianum,Acer pseudosieboldianum
128.21128,36.48286,HUMAN_OBSERVATION,Acer pseudosieboldianum,Acer pseudosieboldianum
127.003063,34.410832,HUMAN_OBSERVATION,Acer pseudosieboldianum,Acer pseudosieboldianum
128.192417,36.481134,HUMAN_OBSERVATION,Acer pseudosieboldianum,Acer pseudosieboldianum
127.582966,36.071572,HUMAN_OBSERVATION,Acer pseudosieboldianum,Acer pseudosieboldianum
127.585927,36.075928,HUMAN_OBSERVATION,Acer pseudosieboldianum,Acer pseudosieboldianum
128.21128,36.48286,HUMAN_OBSERVATION,Acer pseudosieboldianum,Acer pseudosieboldianum
128.21082,36.48306,HUMAN_OBSERVATION,Acer pseudosieboldianum,Acer pseudosieboldianum
128.21162,36.48291,HUMAN_OBSERVATION,Acer pseudosieboldianum,Acer pseudosieboldianum
128.21151,36.48281,HUMAN_OBSERVATION,Acer pseudosieboldianum,Acer pseudosieboldianum
129.030874,35.313052,HUMAN_OBSERVATION,Acer pseudosieboldianum,Acer pseudosieboldianum
129.060771,35.23563,HUMAN_OBSERVATION,Acer pseudosieboldianum,Acer pseudosieboldianum
127.58065,36.080105,HUMAN_OBSERVATION,Acer pseudosieboldianum,Acer pseudosieboldianum
128.21162,36.48291,HUMAN_OBSERVATION,Acer pseudosieboldianum,Acer pseudosieboldianum
127.58153,36.08154,HUMAN_OBSERVATION,Acer pseudosieboldianum,Acer pseudosieboldianum
131.91434,43.189548,HUMAN_OBSERVATION,Acer pseudosieboldianum,Acer pseudosieboldianum
126.622042,36.666705,HUMAN_OBSERVATION,Acer pseudosieboldianum,Acer pseudosieboldianum
126.622042,36.666705,HUMAN_OBSERVATION,Acer pseudosieboldianum,Acer pseudosieboldianum
126.635467,36.717905,HUMAN_OBSERVATION,Acer pseudosieboldianum,Acer pseudosieboldianum
126.635467,36.717905,HUMAN_OBSERVATION,Acer pseudosieboldianum,Acer pseudosieboldianum
126.635467,36.717905,HUMAN_OBSERVATION,Acer pseudosieboldianum,Acer pseudosieboldianum
126.635467,36.717905,HUMAN_OBSERVATION,Acer pseudosieboldianum,Acer pseudosieboldianum
126.635467,36.717905,HUMAN_OBSERVATION,Acer pseudosieboldianum,Acer pseudosieboldianum
126.635467,36.717905,HUMAN_OBSERVATION,Acer pseudosieboldianum,Acer pseudosieboldianum
126.635458,36.717938,HUMAN_OBSERVATION,Acer pseudosieboldianum,Acer pseudosieboldianum
126.633407,36.665468,HUMAN_OBSERVATION,Acer pseudosieboldianum,Acer pseudosieboldianum
128.146946,37.456867,HUMAN_OBSERVATION,Acer pseudosieboldianum,Acer pseudosieboldianum
127.083738,37.944061,HUMAN_OBSERVATION,Acer pseudosieboldianum,Acer pseudosieboldianum
127.083674,37.944666,HUMAN_OBSERVATION,Acer pseudosieboldianum,Acer pseudosieboldianum
128.146288,37.45661,HUMAN_OBSERVATION,Acer pseudosieboldianum,Acer pseudosieboldianum
131.910201,43.155834,HUMAN_OBSERVATION,Acer pseudosieboldianum,Acer pseudosieboldianum
131.976844,43.209194,HUMAN_OBSERVATION,Acer pseudosieboldianum,Acer pseudosieboldianum
132.059102,43.251465,HUMAN_OBSERVATION,Acer pseudosieboldianum,Acer pseudosieboldianum
131.958314,43.413992,HUMAN_OBSERVATION,Acer pseudosieboldianum,Acer pseudosieboldianum
131.642206,43.363762,HUMAN_OBSERVATION,Acer pseudosieboldianum,Acer pseudosieboldianum
131.64226,43.36512,HUMAN_OBSERVATION,Acer pseudosieboldianum,Acer pseudosieboldianum
131.991759,43.22298,HUMAN_OBSERVATION,Acer pseudosieboldianum,Acer pseudosieboldianum
131.904678,43.028477,HUMAN_OBSERVATION,Acer pseudosieboldianum,Acer pseudosieboldianum
131.977886,43.218556,HUMAN_OBSERVATION,Acer pseudosieboldianum,Acer pseudosieboldianum
131.641576,43.367473,HUMAN_OBSERVATION,Acer pseudosieboldianum,Acer pseudosieboldianum
131.97777,43.21878,HUMAN_OBSERVATION,Acer pseudosieboldianum,Acer pseudosieboldianum
131.64215,43.36477,HUMAN_OBSERVATION,Acer pseudosieboldianum,Acer pseudosieboldianum
131.9919,43.2239,HUMAN_OBSERVATION,Acer pseudosieboldianum,Acer pseudosieboldianum
132.01,43.2185,HUMAN_OBSERVATION,Acer pseudosieboldianum,Acer pseudosieboldianum
132.01,43.2185,HUMAN_OBSERVATION,Acer pseudosieboldianum,Acer pseudosieboldianum
131.903286,43.03067,HUMAN_OBSERVATION,Acer pseudosieboldianum,Acer pseudosieboldianum
127.804428,35.71494,HUMAN_OBSERVATION,Acer pseudosieboldianum,Acer pseudosieboldianum
131.889587,42.967541,HUMAN_OBSERVATION,Acer pseudosieboldianum,Acer pseudosieboldianum
131.883163,42.970253,HUMAN_OBSERVATION,Acer pseudosieboldianum,Acer pseudosieboldianum
131.897598,43.056877,HUMAN_OBSERVATION,Acer pseudosieboldianum,Acer pseudosieboldianum
131.889,43.0304,HUMAN_OBSERVATION,Acer pseudosieboldianum,Acer pseudosieboldianum
127.033233,37.542413,HUMAN_OBSERVATION,Acer pseudosieboldianum,Acer pseudosieboldianum
128.558269,37.786361,HUMAN_OBSERVATION,Acer pseudosieboldianum,Acer pseudosieboldianum
127.493642,37.677631,HUMAN_OBSERVATION,Acer pseudosieboldianum,Acer pseudosieboldianum
131.914004,43.002734,HUMAN_OBSERVATION,Acer pseudosieboldianum,Acer pseudosieboldianum
131.973179,43.2273,HUMAN_OBSERVATION,Acer pseudosieboldianum,Acer pseudosieboldianum
132.867889,43.185192,HUMAN_OBSERVATION,Acer pseudosieboldianum,Acer pseudosieboldianum
131.552168,43.365715,HUMAN_OBSERVATION,Acer pseudosieboldianum,Acer pseudosieboldianum
131.188215,42.989367,HUMAN_OBSERVATION,Acer pseudosieboldianum,Acer pseudosieboldianum
131.557607,43.353294,HUMAN_OBSERVATION,Acer pseudosieboldianum,Acer pseudosieboldianum
131.185988,42.978207,HUMAN_OBSERVATION,Acer pseudosieboldianum,Acer pseudosieboldianum
131.183253,42.982114,HUMAN_OBSERVATION,Acer pseudosieboldianum,Acer pseudosieboldianum
131.308536,43.277184,HUMAN_OBSERVATION,Acer pseudosieboldianum,Acer pseudosieboldianum
131.348812,43.316705,HUMAN_OBSERVATION,Acer pseudosieboldianum,Acer pseudosieboldianum
131.354367,43.231921,HUMAN_OBSERVATION,Acer pseudosieboldianum,Acer pseudosieboldianum
131.329142,43.324299,HUMAN_OBSERVATION,Acer pseudosieboldianum,Acer pseudosieboldianum
131.311238,43.273639,HUMAN_OBSERVATION,Acer pseudosieboldianum,Acer pseudosieboldianum
131.537772,43.392344,HUMAN_OBSERVATION,Acer pseudosieboldianum,Acer pseudosieboldianum
131.095905,42.891654,HUMAN_OBSERVATION,Acer pseudosieboldianum,Acer pseudosieboldianum
131.137836,42.990015,HUMAN_OBSERVATION,Acer pseudosieboldianum,Acer pseudosieboldianum
131.108841,42.900322,HUMAN_OBSERVATION,Acer pseudosieboldianum,Acer pseudosieboldianum
131.138255,43.017986,HUMAN_OBSERVATION,Acer pseudosieboldianum,Acer pseudosieboldianum
128.347028,36.812194,PRESERVED_SPECIMEN,Acer pseudosieboldianum,Acer pseudosieboldianum
126.6183,36.7136,HUMAN_OBSERVATION,Acer pseudosieboldianum,Acer pseudosieboldianum
131.329167,43.324167,PRESERVED_SPECIMEN,Acer pseudosieboldianum,Acer pseudosieboldianum
131.131684,42.973521,HUMAN_OBSERVATION,Acer pseudosieboldianum,Acer pseudosieboldianum
131.987621,43.221324,HUMAN_OBSERVATION,Acer pseudosieboldianum,Acer pseudosieboldianum
131.489535,43.180395,HUMAN_OBSERVATION,Acer pseudosieboldianum,Acer pseudosieboldianum
132.145216,43.214178,HUMAN_OBSERVATION,Acer pseudosieboldianum,Acer pseudosieboldianum
131.737643,42.912684,HUMAN_OBSERVATION,Acer pseudosieboldianum,Acer pseudosieboldianum
131.737757,42.912424,HUMAN_OBSERVATION,Acer pseudosieboldianum,Acer pseudosieboldianum
127.151314,37.752483,HUMAN_OBSERVATION,Acer pseudosieboldianum,Acer pseudosieboldianum
131.642106,43.364994,HUMAN_OBSERVATION,Acer pseudosieboldianum,Acer pseudosieboldianum
131.642211,43.363997,HUMAN_OBSERVATION,Acer pseudosieboldianum,Acer pseudosieboldianum
131.642181,43.365167,HUMAN_OBSERVATION,Acer pseudosieboldianum,Acer pseudosieboldianum
132.78305,43.10962,HUMAN_OBSERVATION,Acer pseudosieboldianum,Acer pseudosieboldianum
129.051225,37.181236,HUMAN_OBSERVATION,Acer pseudosieboldianum,Acer pseudosieboldianum
125.419418,34.676201,HUMAN_OBSERVATION,Acer pseudosieboldianum,Acer pseudosieboldianum
131.206397,42.58702,HUMAN_OBSERVATION,Acer pseudosieboldianum,Acer pseudosieboldianum
131.833853,43.567044,HUMAN_OBSERVATION,Acer pseudosieboldianum,Acer pseudosieboldianum
126.642653,36.465992,PRESERVED_SPECIMEN,Acer pseudosieboldianum,Acer pseudosieboldianum
126.667567,36.452939,PRESERVED_SPECIMEN,Acer pseudosieboldianum,Acer pseudosieboldianum
132.788497,43.101101,HUMAN_OBSERVATION,Acer pseudosieboldianum,Acer pseudosieboldianum
127.028831,37.543422,HUMAN_OBSERVATION,Acer pseudosieboldianum,Acer pseudosieboldianum
126.992806,37.5828,HUMAN_OBSERVATION,Acer pseudosieboldianum,Acer pseudosieboldianum
126.530253,33.375266,HUMAN_OBSERVATION,Acer pseudosieboldianum,Acer pseudosieboldianum
126.529986,33.374808,HUMAN_OBSERVATION,Acer pseudosieboldianum,Acer pseudosieboldianum
126.903078,35.500688,HUMAN_OBSERVATION,Acer pseudosieboldianum,Acer pseudosieboldianum
129.000431,37.457478,HUMAN_OBSERVATION,Acer pseudosieboldianum,Acer pseudosieboldianum
131.982791,43.222759,HUMAN_OBSERVATION,Acer pseudosieboldianum,Acer pseudosieboldianum
131.177933,42.605144,HUMAN_OBSERVATION,Acer pseudosieboldianum,Acer pseudosieboldianum
124.668077,41.041911,HUMAN_OBSERVATION,Acer pseudosieboldianum,Acer pseudosieboldianum
132.731378,43.403252,HUMAN_OBSERVATION,Acer pseudosieboldianum,Acer pseudosieboldianum
131.949826,43.185162,HUMAN_OBSERVATION,Acer pseudosieboldianum,Acer pseudosieboldianum
128.292944,37.592389,HUMAN_OBSERVATION,Acer pseudosieboldianum,Acer pseudosieboldianum
133.005814,43.008858,HUMAN_OBSERVATION,Acer pseudosieboldianum,Acer pseudosieboldianum
126.994644,37.581739,HUMAN_OBSERVATION,Acer pseudosieboldianum,Acer pseudosieboldianum
131.3681,43.2399,HUMAN_OBSERVATION,Acer pseudosieboldianum,Acer pseudosieboldianum
127.087041,37.394309,HUMAN_OBSERVATION,Acer pseudosieboldianum,Acer pseudosieboldianum
125.231398,41.125168,HUMAN_OBSERVATION,Acer pseudosieboldianum,Acer pseudosieboldianum
125.419139,41.329172,HUMAN_OBSERVATION,Acer pseudosieboldianum,Acer pseudosieboldianum
124.668077,41.041911,HUMAN_OBSERVATION,Acer pseudosieboldianum,Acer pseudosieboldianum
127.497773,35.253905,HUMAN_OBSERVATION,Acer pseudosieboldianum,Acer pseudosieboldianum
127.49979,35.256847,HUMAN_OBSERVATION,Acer pseudosieboldianum,Acer pseudosieboldianum
127.504127,35.26109,HUMAN_OBSERVATION,Acer pseudosieboldianum,Acer pseudosieboldianum
127.791049,35.812329,HUMAN_OBSERVATION,Acer pseudosieboldianum,Acer pseudosieboldianum
126.955308,37.455586,HUMAN_OBSERVATION,Acer pseudosieboldianum,Acer pseudosieboldianum
127.492918,35.249661,HUMAN_OBSERVATION,Acer pseudosieboldianum,Acer pseudosieboldianum
127.493608,35.251155,HUMAN_OBSERVATION,Acer pseudosieboldianum,Acer pseudosieboldianum
127.493673,35.251234,HUMAN_OBSERVATION,Acer pseudosieboldianum,Acer pseudosieboldianum
127.502008,35.263306,HUMAN_OBSERVATION,Acer pseudosieboldianum,Acer pseudosieboldianum
127.491044,35.246247,HUMAN_OBSERVATION,Acer pseudosieboldianum,Acer pseudosieboldianum
127.492925,35.249668,HUMAN_OBSERVATION,Acer pseudosieboldianum,Acer pseudosieboldianum
127.492968,35.249701,HUMAN_OBSERVATION,Acer pseudosieboldianum,Acer pseudosieboldianum
127.491279,35.246629,HUMAN_OBSERVATION,Acer pseudosieboldianum,Acer pseudosieboldianum
131.9001,43.023503,HUMAN_OBSERVATION,Acer pseudosieboldianum,Acer pseudosieboldianum
126.993646,37.555072,HUMAN_OBSERVATION,Acer pseudosieboldianum,Acer pseudosieboldianum
131.951947,43.185954,HUMAN_OBSERVATION,Acer pseudosieboldianum,Acer pseudosieboldianum
128.767571,36.508904,PRESERVED_SPECIMEN,Acer pseudosieboldianum,Acer pseudosieboldianum
128.7692,37.82306,HUMAN_OBSERVATION,Acer pseudosieboldianum,Acer pseudosieboldianum
128.0619,37.85306,HUMAN_OBSERVATION,Acer pseudosieboldianum,Acer pseudosieboldianum
127.489403,38.190292,PRESERVED_SPECIMEN,Acer pseudosieboldianum,Acer pseudosieboldianum
128.661032,36.646317,PRESERVED_SPECIMEN,Acer pseudosieboldianum,Acer pseudosieboldianum
128.507639,35.712694,HUMAN_OBSERVATION,Acer pseudosieboldianum,Acer pseudosieboldianum
128.507639,35.712694,HUMAN_OBSERVATION,Acer pseudosieboldianum,Acer pseudosieboldianum
128.507639,35.712694,HUMAN_OBSERVATION,Acer pseudosieboldianum,Acer pseudosieboldianum
127.198188,37.473667,HUMAN_OBSERVATION,Acer pseudosieboldianum,Acer pseudosieboldianum
127.198237,37.473812,HUMAN_OBSERVATION,Acer pseudosieboldianum,Acer pseudosieboldianum
128.8589,37.76306,HUMAN_OBSERVATION,Acer pseudosieboldianum,Acer pseudosieboldianum
127.1281,35.85335,HUMAN_OBSERVATION,Acer pseudosieboldianum,Acer pseudosieboldianum
128.9208,37.74861,HUMAN_OBSERVATION,Acer pseudosieboldianum,Acer pseudosieboldianum
126.5783,35.62194,HUMAN_OBSERVATION,Acer pseudosieboldianum,Acer pseudosieboldianum
127.6899,35.94641,HUMAN_OBSERVATION,Acer pseudosieboldianum,Acer pseudosieboldianum
128.1237,35.90346,HUMAN_OBSERVATION,Acer pseudosieboldianum,Acer pseudosieboldianum
126.9073,35.51016,HUMAN_OBSERVATION,Acer pseudosieboldianum,Acer pseudosieboldianum
126.8774,35.52547,HUMAN_OBSERVATION,Acer pseudosieboldianum,Acer pseudosieboldianum
133.123596,42.85408,HUMAN_OBSERVATION,Acer pseudosieboldianum,Acer pseudosieboldianum
131.134567,42.6269,HUMAN_OBSERVATION,Acer pseudosieboldianum,Acer pseudosieboldianum
131.134817,42.626817,HUMAN_OBSERVATION,Acer pseudosieboldianum,Acer pseudosieboldianum
131.134697,42.626883,HUMAN_OBSERVATION,Acer pseudosieboldianum,Acer pseudosieboldianum
128.386276,37.674389,HUMAN_OBSERVATION,Acer pseudosieboldianum,Acer pseudosieboldianum
128.393875,37.684093,HUMAN_OBSERVATION,Acer pseudosieboldianum,Acer pseudosieboldianum
127.479774,38.194073,HUMAN_OBSERVATION,Acer pseudosieboldianum,Acer pseudosieboldianum
128.995804,37.169689,HUMAN_OBSERVATION,Acer pseudosieboldianum,Acer pseudosieboldianum
128.395615,37.700005,HUMAN_OBSERVATION,Acer pseudosieboldianum,Acer pseudosieboldianum
128.393967,37.704983,HUMAN_OBSERVATION,Acer pseudosieboldianum,Acer pseudosieboldianum
129.011047,37.148811,HUMAN_OBSERVATION,Acer pseudosieboldianum,Acer pseudosieboldianum
128.397293,37.700726,HUMAN_OBSERVATION,Acer pseudosieboldianum,Acer pseudosieboldianum
128.394667,37.700233,HUMAN_OBSERVATION,Acer pseudosieboldianum,Acer pseudosieboldianum
128.396561,37.701832,HUMAN_OBSERVATION,Acer pseudosieboldianum,Acer pseudosieboldianum
129.026794,37.156368,HUMAN_OBSERVATION,Acer pseudosieboldianum,Acer pseudosieboldianum
128.391754,37.691879,HUMAN_OBSERVATION,Acer pseudosieboldianum,Acer pseudosieboldianum
128.391022,37.685574,HUMAN_OBSERVATION,Acer pseudosieboldianum,Acer pseudosieboldianum
128.385956,37.691299,PRESERVED_SPECIMEN,Acer pseudosieboldianum,Acer pseudosieboldianum
127.176192,37.407532,HUMAN_OBSERVATION,Acer pseudosieboldianum,Acer pseudosieboldianum
127.059747,37.419938,HUMAN_OBSERVATION,Acer pseudosieboldianum,Acer pseudosieboldianum
127.175598,37.471674,HUMAN_OBSERVATION,Acer pseudosieboldianum,Acer pseudosieboldianum
127.169236,37.469101,HUMAN_OBSERVATION,Acer pseudosieboldianum,Acer pseudosieboldianum
127.172998,37.471485,HUMAN_OBSERVATION,Acer pseudosieboldianum,Acer pseudosieboldianum
127.173459,37.47193,HUMAN_OBSERVATION,Acer pseudosieboldianum,Acer pseudosieboldianum
127.070005,37.401923,HUMAN_OBSERVATION,Acer pseudosieboldianum,Acer pseudosieboldianum
127.061334,37.42784,HUMAN_OBSERVATION,Acer pseudosieboldianum,Acer pseudosieboldianum
127.181445,37.463565,HUMAN_OBSERVATION,Acer pseudosieboldianum,Acer pseudosieboldianum
127.182208,37.467902,HUMAN_OBSERVATION,Acer pseudosieboldianum,Acer pseudosieboldianum
127.072108,37.422708,HUMAN_OBSERVATION,Acer pseudosieboldianum,Acer pseudosieboldianum
127.040398,37.398349,HUMAN_OBSERVATION,Acer pseudosieboldianum,Acer pseudosieboldianum
127.097677,37.45514,HUMAN_OBSERVATION,Acer pseudosieboldianum,Acer pseudosieboldianum
128.773131,37.702584,PRESERVED_SPECIMEN,Acer pseudosieboldianum,Acer pseudosieboldianum
127.52,35.29608,HUMAN_OBSERVATION,Acer pseudosieboldianum,Acer pseudosieboldianum
127.4236,35.89819,HUMAN_OBSERVATION,Acer pseudosieboldianum,Acer pseudosieboldianum
128.7478,37.70806,HUMAN_OBSERVATION,Acer pseudosieboldianum,Acer pseudosieboldianum
128.9759,36.1631,HUMAN_OBSERVATION,Acer pseudosieboldianum,Acer pseudosieboldianum
128.5922,34.71172,HUMAN_OBSERVATION,Acer pseudosieboldianum,Acer pseudosieboldianum
127.518471,38.198799,HUMAN_OBSERVATION,Acer pseudosieboldianum,Acer pseudosieboldianum
127.097457,37.440668,HUMAN_OBSERVATION,Acer pseudosieboldianum,Acer pseudosieboldianum
128.866827,37.583727,PRESERVED_SPECIMEN,Acer pseudosieboldianum,Acer pseudosieboldianum
126.571097,35.622311,HUMAN_OBSERVATION,Acer pseudosieboldianum,Acer pseudosieboldianum
126.611165,35.617763,HUMAN_OBSERVATION,Acer pseudosieboldianum,Acer pseudosieboldianum
128.9829,35.56814,HUMAN_OBSERVATION,Acer pseudosieboldianum,Acer pseudosieboldianum
125.4172,34.67786,HUMAN_OBSERVATION,Acer pseudosieboldianum,Acer pseudosieboldianum
126.6152,36.70382,HUMAN_OBSERVATION,Acer pseudosieboldianum,Acer pseudosieboldianum
125.4181,34.67756,HUMAN_OBSERVATION,Acer pseudosieboldianum,Acer pseudosieboldianum
127.6427,35.34679,HUMAN_OBSERVATION,Acer pseudosieboldianum,Acer pseudosieboldianum
126.637333,33.417385,HUMAN_OBSERVATION,Acer pseudosieboldianum,Acer pseudosieboldianum
127.733822,35.319528,HUMAN_OBSERVATION,Acer pseudosieboldianum,Acer pseudosieboldianum
126.506017,33.358063,HUMAN_OBSERVATION,Acer pseudosieboldianum,Acer pseudosieboldianum
131.832531,42.945276,HUMAN_OBSERVATION,Acer pseudosieboldianum,Acer pseudosieboldianum
132.910597,42.8009,HUMAN_OBSERVATION,Acer pseudosieboldianum,Acer pseudosieboldianum
131.492828,43.177637,HUMAN_OBSERVATION,Acer pseudosieboldianum,Acer pseudosieboldianum
129.010834,37.14859,HUMAN_OBSERVATION,Acer pseudosieboldianum,Acer pseudosieboldianum
128.395462,37.699322,HUMAN_OBSERVATION,Acer pseudosieboldianum,Acer pseudosieboldianum
129.007126,37.170429,HUMAN_OBSERVATION,Acer pseudosieboldianum,Acer pseudosieboldianum
128.396179,37.700676,HUMAN_OBSERVATION,Acer pseudosieboldianum,Acer pseudosieboldianum
128.394562,37.685017,HUMAN_OBSERVATION,Acer pseudosieboldianum,Acer pseudosieboldianum
129.010712,37.148735,HUMAN_OBSERVATION,Acer pseudosieboldianum,Acer pseudosieboldianum
129.011047,37.148869,HUMAN_OBSERVATION,Acer pseudosieboldianum,Acer pseudosieboldianum
127.516472,38.19894,HUMAN_OBSERVATION,Acer pseudosieboldianum,Acer pseudosieboldianum
129.009689,37.150414,HUMAN_OBSERVATION,Acer pseudosieboldianum,Acer pseudosieboldianum
126.478892,33.343316,HUMAN_OBSERVATION,Acer pseudosieboldianum,Acer pseudosieboldianum
128.1214,38.17745,HUMAN_OBSERVATION,Acer pseudosieboldianum,Acer pseudosieboldianum
128.2305,38.01631,HUMAN_OBSERVATION,Acer pseudosieboldianum,Acer pseudosieboldianum
128.4963,35.18521,HUMAN_OBSERVATION,Acer pseudosieboldianum,Acer pseudosieboldianum
127.7665,35.8601,HUMAN_OBSERVATION,Acer pseudosieboldianum,Acer pseudosieboldianum
131.836446,42.960271,HUMAN_OBSERVATION,Acer pseudosieboldianum,Acer pseudosieboldianum
130.869469,37.515329,HUMAN_OBSERVATION,Acer pseudosieboldianum,Acer pseudosieboldianum
131.99236,43.22056,PRESERVED_SPECIMEN,Acer pseudosieboldianum,Acer pseudosieboldianum
131.99296,43.22218,PRESERVED_SPECIMEN,Acer pseudosieboldianum,Acer pseudosieboldianum
131.9912,43.2163,HUMAN_OBSERVATION,Acer pseudosieboldianum,Acer pseudosieboldianum
127.5333,35.59826,HUMAN_OBSERVATION,Acer pseudosieboldianum,Acer pseudosieboldianum
126.9037,35.50125,HUMAN_OBSERVATION,Acer pseudosieboldianum,Acer pseudosieboldianum
128.5901,35.27456,HUMAN_OBSERVATION,Acer pseudosieboldianum,Acer pseudosieboldianum
127.5328,35.59868,HUMAN_OBSERVATION,Acer pseudosieboldianum,Acer pseudosieboldianum
128.1339,38.16683,HUMAN_OBSERVATION,Acer pseudosieboldianum,Acer pseudosieboldianum
131.211301,42.583575,HUMAN_OBSERVATION,Acer pseudosieboldianum,Acer pseudosieboldianum
132.027643,43.203642,HUMAN_OBSERVATION,Acer pseudosieboldianum,Acer pseudosieboldianum
131.920039,43.190311,HUMAN_OBSERVATION,Acer pseudosieboldianum,Acer pseudosieboldianum
131.921683,43.1907,HUMAN_OBSERVATION,Acer pseudosieboldianum,Acer pseudosieboldianum
127.482346,38.190998,PRESERVED_SPECIMEN,Acer pseudosieboldianum,Acer pseudosieboldianum
131.20782,42.574493,HUMAN_OBSERVATION,Acer pseudosieboldianum,Acer pseudosieboldianum
128.464632,37.865302,HUMAN_OBSERVATION,Acer pseudosieboldianum,Acer pseudosieboldianum
127.16039,37.38474,HUMAN_OBSERVATION,Acer pseudosieboldianum,Acer pseudosieboldianum
127.060638,37.420505,HUMAN_OBSERVATION,Acer pseudosieboldianum,Acer pseudosieboldianum
127.18188,37.470269,HUMAN_OBSERVATION,Acer pseudosieboldianum,Acer pseudosieboldianum
127.18161,37.463489,HUMAN_OBSERVATION,Acer pseudosieboldianum,Acer pseudosieboldianum
127.171318,37.470056,HUMAN_OBSERVATION,Acer pseudosieboldianum,Acer pseudosieboldianum
127.069085,37.401518,HUMAN_OBSERVATION,Acer pseudosieboldianum,Acer pseudosieboldianum
131.82677,43.062062,HUMAN_OBSERVATION,Acer pseudosieboldianum,Acer pseudosieboldianum
131.489574,43.179634,HUMAN_OBSERVATION,Acer pseudosieboldianum,Acer pseudosieboldianum
128.183307,37.319897,PRESERVED_SPECIMEN,Acer pseudosieboldianum,Acer pseudosieboldianum
126.449847,33.365002,HUMAN_OBSERVATION,Acer pseudosieboldianum,Acer pseudosieboldianum
126.453028,33.36336,HUMAN_OBSERVATION,Acer pseudosieboldianum,Acer pseudosieboldianum
128.1283,38.17469,HUMAN_OBSERVATION,Acer pseudosieboldianum,Acer pseudosieboldianum
127.3916,35.62235,HUMAN_OBSERVATION,Acer pseudosieboldianum,Acer pseudosieboldianum
128.5119,38.01126,HUMAN_OBSERVATION,Acer pseudosieboldianum,Acer pseudosieboldianum
127.5411,35.60194,HUMAN_OBSERVATION,Acer pseudosieboldianum,Acer pseudosieboldianum
127.1042,35.69695,HUMAN_OBSERVATION,Acer pseudosieboldianum,Acer pseudosieboldianum
127.148162,37.381575,HUMAN_OBSERVATION,Acer pseudosieboldianum,Acer pseudosieboldianum
127.064935,37.40054,HUMAN_OBSERVATION,Acer pseudosieboldianum,Acer pseudosieboldianum
127.063688,37.401788,HUMAN_OBSERVATION,Acer pseudosieboldianum,Acer pseudosieboldianum
131.889022,42.967192,HUMAN_OBSERVATION,Acer pseudosieboldianum,Acer pseudosieboldianum
131.79338,43.00821,HUMAN_OBSERVATION,Acer pseudosieboldianum,Acer pseudosieboldianum
131.805571,42.992729,HUMAN_OBSERVATION,Acer pseudosieboldianum,Acer pseudosieboldianum
127.589,35.35475,HUMAN_OBSERVATION,Acer pseudosieboldianum,Acer pseudosieboldianum
127.5837,35.36426,HUMAN_OBSERVATION,Acer pseudosieboldianum,Acer pseudosieboldianum
127.5882,35.34092,HUMAN_OBSERVATION,Acer pseudosieboldianum,Acer pseudosieboldianum
127.5869,35.3566,HUMAN_OBSERVATION,Acer pseudosieboldianum,Acer pseudosieboldianum
127.587,35.35668,HUMAN_OBSERVATION,Acer pseudosieboldianum,Acer pseudosieboldianum
127.5872,35.35665,HUMAN_OBSERVATION,Acer pseudosieboldianum,Acer pseudosieboldianum
127.1114,35.49867,HUMAN_OBSERVATION,Acer pseudosieboldianum,Acer pseudosieboldianum
126.6456,35.66722,HUMAN_OBSERVATION,Acer pseudosieboldianum,Acer pseudosieboldianum
128.256255,37.60256,HUMAN_OBSERVATION,Acer pseudosieboldianum,Acer pseudosieboldianum
129.335556,36.565278,HUMAN_OBSERVATION,Acer pseudosieboldianum,Acer pseudosieboldianum
132.156855,43.697177,HUMAN_OBSERVATION,Acer pseudosieboldianum,Acer pseudosieboldianum
127.434556,35.532972,PRESERVED_SPECIMEN,Acer pseudosieboldianum,Acer pseudosieboldianum
128.3475,36.858056,PRESERVED_SPECIMEN,Acer pseudosieboldianum,Acer pseudosieboldianum
127.039703,37.399313,HUMAN_OBSERVATION,Acer pseudosieboldianum,Acer pseudosieboldianum
127.812558,35.915295,HUMAN_OBSERVATION,Acer pseudosieboldianum,Acer pseudosieboldianum
127.025071,35.564604,HUMAN_OBSERVATION,Acer pseudosieboldianum,Acer pseudosieboldianum
128.363056,37.863611,HUMAN_OBSERVATION,Acer pseudosieboldianum,Acer pseudosieboldianum
127.109298,35.729126,HUMAN_OBSERVATION,Acer pseudosieboldianum,Acer pseudosieboldianum
127.178611,37.658889,HUMAN_OBSERVATION,Acer pseudosieboldianum,Acer pseudosieboldianum
131.89156,43.125924,HUMAN_OBSERVATION,Acer pseudosieboldianum,Acer pseudosieboldianum
131.994398,43.22308,HUMAN_OBSERVATION,Acer pseudosieboldianum,Acer pseudosieboldianum
131.994195,43.223303,HUMAN_OBSERVATION,Acer pseudosieboldianum,Acer pseudosieboldianum
131.992849,43.22331,HUMAN_OBSERVATION,Acer pseudosieboldianum,Acer pseudosieboldianum
131.944343,43.148121,HUMAN_OBSERVATION,Acer pseudosieboldianum,Acer pseudosieboldianum
131.99818,43.224634,HUMAN_OBSERVATION,Acer pseudosieboldianum,Acer pseudosieboldianum
132.877116,42.757808,HUMAN_OBSERVATION,Acer pseudosieboldianum,Acer pseudosieboldianum
132.817108,43.172447,HUMAN_OBSERVATION,Acer pseudosieboldianum,Acer pseudosieboldianum
131.9552,43.2179,HUMAN_OBSERVATION,Acer pseudosieboldianum,Acer pseudosieboldianum
128.342333,36.8535,PRESERVED_SPECIMEN,Acer pseudosieboldianum,Acer pseudosieboldianum
127.143662,37.403919,HUMAN_OBSERVATION,Acer pseudosieboldianum,Acer pseudosieboldianum
128.208056,37.030278,HUMAN_OBSERVATION,Acer pseudosieboldianum,Acer pseudosieboldianum
127.523452,35.296671,HUMAN_OBSERVATION,Acer pseudosieboldianum,Acer pseudosieboldianum
127.523561,35.296734,HUMAN_OBSERVATION,Acer pseudosieboldianum,Acer pseudosieboldianum
127.471439,35.659535,HUMAN_OBSERVATION,Acer pseudosieboldianum,Acer pseudosieboldianum
126.63478,33.417415,HUMAN_OBSERVATION,Acer pseudosieboldianum,Acer pseudosieboldianum
126.459926,33.332313,HUMAN_OBSERVATION,Acer pseudosieboldianum,Acer pseudosieboldianum
127.811817,35.913839,HUMAN_OBSERVATION,Acer pseudosieboldianum,Acer pseudosieboldianum
126.463919,33.358794,HUMAN_OBSERVATION,Acer pseudosieboldianum,Acer pseudosieboldianum
127.709632,35.835286,HUMAN_OBSERVATION,Acer pseudosieboldianum,Acer pseudosieboldianum
127.697482,35.839644,HUMAN_OBSERVATION,Acer pseudosieboldianum,Acer pseudosieboldianum
126.99155,37.55072,HUMAN_OBSERVATION,Acer pseudosieboldianum,Acer pseudosieboldianum
126.915833,35.485278,HUMAN_OBSERVATION,Acer pseudosieboldianum,Acer pseudosieboldianum
127.253605,37.672159,HUMAN_OBSERVATION,Acer pseudosieboldianum,Acer pseudosieboldianum
131.992295,43.2212,HUMAN_OBSERVATION,Acer pseudosieboldianum,Acer pseudosieboldianum
132.156891,43.205566,HUMAN_OBSERVATION,Acer pseudosieboldianum,Acer pseudosieboldianum
132.012069,43.210908,HUMAN_OBSERVATION,Acer pseudosieboldianum,Acer pseudosieboldianum
131.869187,43.00745,HUMAN_OBSERVATION,Acer pseudosieboldianum,Acer pseudosieboldianum
131.981909,43.230964,HUMAN_OBSERVATION,Acer pseudosieboldianum,Acer pseudosieboldianum
131.994507,43.222917,HUMAN_OBSERVATION,Acer pseudosieboldianum,Acer pseudosieboldianum
128.343778,36.857,PRESERVED_SPECIMEN,Acer pseudosieboldianum,Acer pseudosieboldianum
128.338139,36.858917,PRESERVED_SPECIMEN,Acer pseudosieboldianum,Acer pseudosieboldianum
131.975556,43.091111,HUMAN_OBSERVATION,Acer pseudosieboldianum,Acer pseudosieboldianum
127.143806,37.404617,HUMAN_OBSERVATION,Acer pseudosieboldianum,Acer pseudosieboldianum
127.143647,37.404639,HUMAN_OBSERVATION,Acer pseudosieboldianum,Acer pseudosieboldianum
127.570439,35.63806,HUMAN_OBSERVATION,Acer pseudosieboldianum,Acer pseudosieboldianum
127.709468,35.835317,HUMAN_OBSERVATION,Acer pseudosieboldianum,Acer pseudosieboldianum
127.714501,35.864595,HUMAN_OBSERVATION,Acer pseudosieboldianum,Acer pseudosieboldianum
128.145959,37.456569,HUMAN_OBSERVATION,Acer pseudosieboldianum,Acer pseudosieboldianum
132.157115,43.20562,HUMAN_OBSERVATION,Acer pseudosieboldianum,Acer pseudosieboldianum
131.9552,43.2179,HUMAN_OBSERVATION,Acer pseudosieboldianum,Acer pseudosieboldianum
131.197281,42.594469,HUMAN_OBSERVATION,Acer pseudosieboldianum,Acer pseudosieboldianum
131.989029,43.218656,HUMAN_OBSERVATION,Acer pseudosieboldianum,Acer pseudosieboldianum
131.207243,42.576881,HUMAN_OBSERVATION,Acer pseudosieboldianum,Acer pseudosieboldianum
131.989029,43.218656,HUMAN_OBSERVATION,Acer pseudosieboldianum,Acer pseudosieboldianum
131.197281,42.594469,HUMAN_OBSERVATION,Acer pseudosieboldianum,Acer pseudosieboldianum
131.207243,42.576881,HUMAN_OBSERVATION,Acer pseudosieboldianum,Acer pseudosieboldianum
133.558396,43.059486,HUMAN_OBSERVATION,Acer pseudosieboldianum,Acer pseudosieboldianum
131.642579,43.363029,HUMAN_OBSERVATION,Acer pseudosieboldianum,Acer pseudosieboldianum
133.555829,43.057698,HUMAN_OBSERVATION,Acer pseudosieboldianum,Acer pseudosieboldianum
131.214516,42.579564,HUMAN_OBSERVATION,Acer pseudosieboldianum,Acer pseudosieboldianum
129.156156,36.396905,HUMAN_OBSERVATION,Acer pseudosieboldianum,Acer pseudosieboldianum
130.8874,37.49789,HUMAN_OBSERVATION,Acer pseudosieboldianum,Acer pseudosieboldianum
132.236444,43.619317,HUMAN_OBSERVATION,Acer pseudosieboldianum,Acer pseudosieboldianum
132.42902,43.6539,HUMAN_OBSERVATION,Acer pseudosieboldianum,Acer pseudosieboldianum
132.240224,43.611045,HUMAN_OBSERVATION,Acer pseudosieboldianum,Acer pseudosieboldianum
132.429444,43.653517,HUMAN_OBSERVATION,Acer pseudosieboldianum,Acer pseudosieboldianum
132.246488,43.610427,HUMAN_OBSERVATION,Acer pseudosieboldianum,Acer pseudosieboldianum
131.882946,42.969388,HUMAN_OBSERVATION,Acer pseudosieboldianum,Acer pseudosieboldianum
132.795108,43.123418,HUMAN_OBSERVATION,Acer pseudosieboldianum,Acer pseudosieboldianum
132.790522,43.119406,HUMAN_OBSERVATION,Acer pseudosieboldianum,Acer pseudosieboldianum
132.243972,43.621587,HUMAN_OBSERVATION,Acer pseudosieboldianum,Acer pseudosieboldianum
132.253114,43.616713,HUMAN_OBSERVATION,Acer pseudosieboldianum,Acer pseudosieboldianum
132.241517,43.611072,HUMAN_OBSERVATION,Acer pseudosieboldianum,Acer pseudosieboldianum
131.898538,43.113789,HUMAN_OBSERVATION,Acer pseudosieboldianum,Acer pseudosieboldianum
132.797612,43.229925,HUMAN_OBSERVATION,Acer pseudosieboldianum,Acer pseudosieboldianum
132.789378,43.117989,HUMAN_OBSERVATION,Acer pseudosieboldianum,Acer pseudosieboldianum
132.812283,43.220218,HUMAN_OBSERVATION,Acer pseudosieboldianum,Acer pseudosieboldianum
131.730693,42.931122,HUMAN_OBSERVATION,Acer pseudosieboldianum,Acer pseudosieboldianum
132.797697,43.229393,HUMAN_OBSERVATION,Acer pseudosieboldianum,Acer pseudosieboldianum
131.896012,43.046989,HUMAN_OBSERVATION,Acer pseudosieboldianum,Acer pseudosieboldianum
131.897205,42.965075,HUMAN_OBSERVATION,Acer pseudosieboldianum,Acer pseudosieboldianum
131.893097,43.04855,HUMAN_OBSERVATION,Acer pseudosieboldianum,Acer pseudosieboldianum
131.983047,43.217019,HUMAN_OBSERVATION,Acer pseudosieboldianum,Acer pseudosieboldianum
131.892808,43.048572,HUMAN_OBSERVATION,Acer pseudosieboldianum,Acer pseudosieboldianum
132.775828,43.134874,HUMAN_OBSERVATION,Acer pseudosieboldianum,Acer pseudosieboldianum
131.897298,42.96541,HUMAN_OBSERVATION,Acer pseudosieboldianum,Acer pseudosieboldianum
132.803193,43.198545,HUMAN_OBSERVATION,Acer pseudosieboldianum,Acer pseudosieboldianum
132.790945,43.119457,HUMAN_OBSERVATION,Acer pseudosieboldianum,Acer pseudosieboldianum
132.788025,43.114109,HUMAN_OBSERVATION,Acer pseudosieboldianum,Acer pseudosieboldianum
132.791082,43.119629,HUMAN_OBSERVATION,Acer pseudosieboldianum,Acer pseudosieboldianum
131.982167,43.216396,HUMAN_OBSERVATION,Acer pseudosieboldianum,Acer pseudosieboldianum
132.761361,43.121236,HUMAN_OBSERVATION,Acer pseudosieboldianum,Acer pseudosieboldianum
128.02068,36.701271,PRESERVED_SPECIMEN,Acer pseudosieboldianum,Acer pseudosieboldianum
128.02068,36.701271,PRESERVED_SPECIMEN,Acer pseudosieboldianum,Acer pseudosieboldianum
126.631569,35.68658,HUMAN_OBSERVATION,Acer pseudosieboldianum,Acer pseudosieboldianum
127.801483,37.850698,HUMAN_OBSERVATION,Acer pseudosieboldianum,Acer pseudosieboldianum
131.884003,43.050339,HUMAN_OBSERVATION,Acer pseudosieboldianum,Acer pseudosieboldianum
127.958996,35.735228,HUMAN_OBSERVATION,Acer pseudosieboldianum,Acer pseudosieboldianum
132.704654,43.153715,HUMAN_OBSERVATION,Acer pseudosieboldianum,Acer pseudosieboldianum
126.971428,35.488861,HUMAN_OBSERVATION,Acer pseudosieboldianum,Acer pseudosieboldianum
130.8853,37.49218,HUMAN_OBSERVATION,Acer pseudosieboldianum,Acer pseudosieboldianum
124.3433,41.581567,HUMAN_OBSERVATION,Acer pseudosieboldianum,Acer pseudosieboldianum
128.522235,35.262163,HUMAN_OBSERVATION,Acer pseudosieboldianum,Acer pseudosieboldianum
128.490647,34.772077,HUMAN_OBSERVATION,Acer pseudosieboldianum,Acer pseudosieboldianum
128.233611,38.002778,HUMAN_OBSERVATION,Acer pseudosieboldianum,Acer pseudosieboldianum
128.819444,37.611111,HUMAN_OBSERVATION,Acer pseudosieboldianum,Acer pseudosieboldianum
128.308333,37.88,HUMAN_OBSERVATION,Acer pseudosieboldianum,Acer pseudosieboldianum
128.428333,37.1075,HUMAN_OBSERVATION,Acer pseudosieboldianum,Acer pseudosieboldianum
128.65,37.481111,HUMAN_OBSERVATION,Acer pseudosieboldianum,Acer pseudosieboldianum
127.275,38.341667,HUMAN_OBSERVATION,Acer pseudosieboldianum,Acer pseudosieboldianum
128.708056,37.478056,HUMAN_OBSERVATION,Acer pseudosieboldianum,Acer pseudosieboldianum
127.192953,37.478339,HUMAN_OBSERVATION,Acer pseudosieboldianum,Acer pseudosieboldianum
127.755133,36.107067,PRESERVED_SPECIMEN,Acer pseudosieboldianum,Acer pseudosieboldianum
127.755133,36.107067,PRESERVED_SPECIMEN,Acer pseudosieboldianum,Acer pseudosieboldianum
127.755133,36.107067,PRESERVED_SPECIMEN,Acer pseudosieboldianum,Acer pseudosieboldianum
127.755133,36.107067,PRESERVED_SPECIMEN,Acer pseudosieboldianum,Acer pseudosieboldianum
127.423491,35.89873,HUMAN_OBSERVATION,Acer pseudosieboldianum,Acer pseudosieboldianum
128.655027,34.830259,HUMAN_OBSERVATION,Acer pseudosieboldianum,Acer pseudosieboldianum
128.285619,37.601999,HUMAN_OBSERVATION,Acer pseudosieboldianum,Acer pseudosieboldianum
131.9246,43.1544,HUMAN_OBSERVATION,Acer pseudosieboldianum,Acer pseudosieboldianum
131.9378,43.1495,HUMAN_OBSERVATION,Acer pseudosieboldianum,Acer pseudosieboldianum
128.44351,38.47398,HUMAN_OBSERVATION,Acer pseudosieboldianum,Acer pseudosieboldianum
132.162277,43.653283,HUMAN_OBSERVATION,Acer pseudosieboldianum,Acer pseudosieboldianum
126.979552,37.523089,HUMAN_OBSERVATION,Acer pseudosieboldianum,Acer pseudosieboldianum
128.694262,35.57878,HUMAN_OBSERVATION,Acer pseudosieboldianum,Acer pseudosieboldianum
131.503244,43.111282,HUMAN_OBSERVATION,Acer pseudosieboldianum,Acer pseudosieboldianum
131.721237,42.95723,HUMAN_OBSERVATION,Acer pseudosieboldianum,Acer pseudosieboldianum
127.04644,37.418167,HUMAN_OBSERVATION,Acer pseudosieboldianum,Acer pseudosieboldianum
127.055672,37.422797,HUMAN_OBSERVATION,Acer pseudosieboldianum,Acer pseudosieboldianum
128.919006,36.788069,HUMAN_OBSERVATION,Acer pseudosieboldianum,Acer pseudosieboldianum
132.469783,43.649794,HUMAN_OBSERVATION,Acer pseudosieboldianum,Acer pseudosieboldianum
132.16355,43.705017,HUMAN_OBSERVATION,Acer pseudosieboldianum,Acer pseudosieboldianum
132.166934,43.707411,HUMAN_OBSERVATION,Acer pseudosieboldianum,Acer pseudosieboldianum
133.170897,42.712262,HUMAN_OBSERVATION,Acer pseudosieboldianum,Acer pseudosieboldianum
127.061133,37.42043,HUMAN_OBSERVATION,Acer pseudosieboldianum,Acer pseudosieboldianum
127.065164,37.417195,HUMAN_OBSERVATION,Acer pseudosieboldianum,Acer pseudosieboldianum
128.661697,38.008097,HUMAN_OBSERVATION,Acer pseudosieboldianum,Acer pseudosieboldianum
127.053642,37.419914,HUMAN_OBSERVATION,Acer pseudosieboldianum,Acer pseudosieboldianum
128.709858,37.994142,HUMAN_OBSERVATION,Acer pseudosieboldianum,Acer pseudosieboldianum
132.049109,43.28156,HUMAN_OBSERVATION,Acer pseudosieboldianum,Acer pseudosieboldianum
128.472428,38.226228,HUMAN_OBSERVATION,Acer pseudosieboldianum,Acer pseudosieboldianum
127.400744,35.844513,HUMAN_OBSERVATION,Acer pseudosieboldianum,Acer pseudosieboldianum
127.398611,35.846667,HUMAN_OBSERVATION,Acer pseudosieboldianum,Acer pseudosieboldianum
131.947979,43.08911,HUMAN_OBSERVATION,Acer pseudosieboldianum,Acer pseudosieboldianum
131.932726,43.162623,HUMAN_OBSERVATION,Acer pseudosieboldianum,Acer pseudosieboldianum
131.93828,43.120233,HUMAN_OBSERVATION,Acer pseudosieboldianum,Acer pseudosieboldianum
131.996973,43.209027,HUMAN_OBSERVATION,Acer pseudosieboldianum,Acer pseudosieboldianum
131.863608,42.975913,HUMAN_OBSERVATION,Acer pseudosieboldianum,Acer pseudosieboldianum
133.345428,43.059151,HUMAN_OBSERVATION,Acer pseudosieboldianum,Acer pseudosieboldianum
127.200932,35.705587,HUMAN_OBSERVATION,Acer pseudosieboldianum,Acer pseudosieboldianum
127.46183,35.660275,HUMAN_OBSERVATION,Acer pseudosieboldianum,Acer pseudosieboldianum
128.513333,37.157222,HUMAN_OBSERVATION,Acer pseudosieboldianum,Acer pseudosieboldianum
128.906389,36.264444,HUMAN_OBSERVATION,Acer pseudosieboldianum,Acer pseudosieboldianum
129.122222,36.343056,HUMAN_OBSERVATION,Acer pseudosieboldianum,Acer pseudosieboldianum
126.826217,35.49365,HUMAN_OBSERVATION,Acer pseudosieboldianum,Acer pseudosieboldianum
127.812222,36.595278,HUMAN_OBSERVATION,Acer pseudosieboldianum,Acer pseudosieboldianum
129.106389,35.650833,HUMAN_OBSERVATION,Acer pseudosieboldianum,Acer pseudosieboldianum
129.087306,35.654333,PRESERVED_SPECIMEN,Acer pseudosieboldianum,Acer pseudosieboldianum
131.991129,43.221053,HUMAN_OBSERVATION,Acer pseudosieboldianum,Acer pseudosieboldianum
128.515717,35.719532,PRESERVED_SPECIMEN,Acer pseudosieboldianum,Acer pseudosieboldianum
126.557223,33.370225,HUMAN_OBSERVATION,Acer pseudosieboldianum,Acer pseudosieboldianum
127.521857,35.301595,HUMAN_OBSERVATION,Acer pseudosieboldianum,Acer pseudosieboldianum
132.725179,43.401047,HUMAN_OBSERVATION,Acer pseudosieboldianum,Acer pseudosieboldianum
130.914034,42.596661,HUMAN_OBSERVATION,Acer pseudosieboldianum,Acer pseudosieboldianum
131.89721,43.014713,HUMAN_OBSERVATION,Acer pseudosieboldianum,Acer pseudosieboldianum
128.014389,35.498833,PRESERVED_SPECIMEN,Acer pseudosieboldianum,Acer pseudosieboldianum
127.899536,42.327659,HUMAN_OBSERVATION,Acer pseudosieboldianum,Acer pseudosieboldianum
131.909266,43.026511,HUMAN_OBSERVATION,Acer pseudosieboldianum,Acer pseudosieboldianum
128.029444,36.1025,PRESERVED_SPECIMEN,Acer pseudosieboldianum,Acer pseudosieboldianum
128.029444,36.1025,PRESERVED_SPECIMEN,Acer pseudosieboldianum,Acer pseudosieboldianum
128.029444,36.1025,PRESERVED_SPECIMEN,Acer pseudosieboldianum,Acer pseudosieboldianum
128.029444,36.1025,PRESERVED_SPECIMEN,Acer pseudosieboldianum,Acer pseudosieboldianum
128.029444,36.1025,PRESERVED_SPECIMEN,Acer pseudosieboldianum,Acer pseudosieboldianum
128.029444,36.1025,PRESERVED_SPECIMEN,Acer pseudosieboldianum,Acer pseudosieboldianum
128.029444,36.1025,PRESERVED_SPECIMEN,Acer pseudosieboldianum,Acer pseudosieboldianum
128.029444,36.1025,PRESERVED_SPECIMEN,Acer pseudosieboldianum,Acer pseudosieboldianum
128.029444,36.1025,PRESERVED_SPECIMEN,Acer pseudosieboldianum,Acer pseudosieboldianum
128.029444,36.1025,PRESERVED_SPECIMEN,Acer pseudosieboldianum,Acer pseudosieboldianum
128.029444,36.1025,PRESERVED_SPECIMEN,Acer pseudosieboldianum,Acer pseudosieboldianum
128.029444,36.1025,PRESERVED_SPECIMEN,Acer pseudosieboldianum,Acer pseudosieboldianum
128.029444,36.1025,PRESERVED_SPECIMEN,Acer pseudosieboldianum,Acer pseudosieboldianum
128.029444,36.1025,PRESERVED_SPECIMEN,Acer pseudosieboldianum,Acer pseudosieboldianum
128.029444,36.1025,PRESERVED_SPECIMEN,Acer pseudosieboldianum,Acer pseudosieboldianum
128.029444,36.1025,PRESERVED_SPECIMEN,Acer pseudosieboldianum,Acer pseudosieboldianum
128.029444,36.1025,PRESERVED_SPECIMEN,Acer pseudosieboldianum,Acer pseudosieboldianum
128.029444,36.1025,PRESERVED_SPECIMEN,Acer pseudosieboldianum,Acer pseudosieboldianum
128.029444,36.1025,PRESERVED_SPECIMEN,Acer pseudosieboldianum,Acer pseudosieboldianum
128.029444,36.1025,PRESERVED_SPECIMEN,Acer pseudosieboldianum,Acer pseudosieboldianum
128.029444,36.1025,PRESERVED_SPECIMEN,Acer pseudosieboldianum,Acer pseudosieboldianum
128.029444,36.1025,PRESERVED_SPECIMEN,Acer pseudosieboldianum,Acer pseudosieboldianum
128.029444,36.1025,PRESERVED_SPECIMEN,Acer pseudosieboldianum,Acer pseudosieboldianum
128.029444,36.1025,PRESERVED_SPECIMEN,Acer pseudosieboldianum,Acer pseudosieboldianum
128.029444,36.1025,PRESERVED_SPECIMEN,Acer pseudosieboldianum,Acer pseudosieboldianum
128.029444,36.1025,PRESERVED_SPECIMEN,Acer pseudosieboldianum,Acer pseudosieboldianum
128.029444,36.1025,PRESERVED_SPECIMEN,Acer pseudosieboldianum,Acer pseudosieboldianum
128.029444,36.1025,PRESERVED_SPECIMEN,Acer pseudosieboldianum,Acer pseudosieboldianum
128.029444,36.1025,PRESERVED_SPECIMEN,Acer pseudosieboldianum,Acer pseudosieboldianum
128.029444,36.1025,PRESERVED_SPECIMEN,Acer pseudosieboldianum,Acer pseudosieboldianum
128.029444,36.1025,PRESERVED_SPECIMEN,Acer pseudosieboldianum,Acer pseudosieboldianum
128.029444,36.1025,PRESERVED_SPECIMEN,Acer pseudosieboldianum,Acer pseudosieboldianum
128.029444,36.1025,PRESERVED_SPECIMEN,Acer pseudosieboldianum,Acer pseudosieboldianum
128.029444,36.1025,PRESERVED_SPECIMEN,Acer pseudosieboldianum,Acer pseudosieboldianum
128.029444,36.1025,PRESERVED_SPECIMEN,Acer pseudosieboldianum,Acer pseudosieboldianum
128.029,36.1025,PRESERVED_SPECIMEN,Acer pseudosieboldianum,Acer pseudosieboldianum
128.029,36.1025,PRESERVED_SPECIMEN,Acer pseudosieboldianum,Acer pseudosieboldianum
128.0294,36.1025,PRESERVED_SPECIMEN,Acer pseudosieboldianum,Acer pseudosieboldianum
128.0294,36.1025,PRESERVED_SPECIMEN,Acer pseudosieboldianum,Acer pseudosieboldianum
128.0294,36.1025,PRESERVED_SPECIMEN,Acer pseudosieboldianum,Acer pseudosieboldianum
128.0294,36.1025,PRESERVED_SPECIMEN,Acer pseudosieboldianum,Acer pseudosieboldianum
128.0294,36.1025,PRESERVED_SPECIMEN,Acer pseudosieboldianum,Acer pseudosieboldianum
128.0294,36.1025,PRESERVED_SPECIMEN,Acer pseudosieboldianum,Acer pseudosieboldianum
128.0294,36.1025,PRESERVED_SPECIMEN,Acer pseudosieboldianum,Acer pseudosieboldianum
128.0294,36.1025,PRESERVED_SPECIMEN,Acer pseudosieboldianum,Acer pseudosieboldianum
128.0294,36.1025,PRESERVED_SPECIMEN,Acer pseudosieboldianum,Acer pseudosieboldianum
128.0294,36.1025,PRESERVED_SPECIMEN,Acer pseudosieboldianum,Acer pseudosieboldianum
128.0294,36.1025,PRESERVED_SPECIMEN,Acer pseudosieboldianum,Acer pseudosieboldianum
128.0294,36.1025,PRESERVED_SPECIMEN,Acer pseudosieboldianum,Acer pseudosieboldianum
128.0294,36.1025,PRESERVED_SPECIMEN,Acer pseudosieboldianum,Acer pseudosieboldianum
128.0294,36.1025,PRESERVED_SPECIMEN,Acer pseudosieboldianum,Acer pseudosieboldianum
128.0294,36.1025,PRESERVED_SPECIMEN,Acer pseudosieboldianum,Acer pseudosieboldianum
128.0294,36.1025,PRESERVED_SPECIMEN,Acer pseudosieboldianum,Acer pseudosieboldianum
128.0294,36.1025,PRESERVED_SPECIMEN,Acer pseudosieboldianum,Acer pseudosieboldianum
128.0294,36.1025,PRESERVED_SPECIMEN,Acer pseudosieboldianum,Acer pseudosieboldianum
128.0294,36.1025,PRESERVED_SPECIMEN,Acer pseudosieboldianum,Acer pseudosieboldianum
128.0294,36.1025,PRESERVED_SPECIMEN,Acer pseudosieboldianum,Acer pseudosieboldianum
128.0294,36.1025,PRESERVED_SPECIMEN,Acer pseudosieboldianum,Acer pseudosieboldianum
128.0294,36.1025,PRESERVED_SPECIMEN,Acer pseudosieboldianum,Acer pseudosieboldianum
128.0294,36.1025,PRESERVED_SPECIMEN,Acer pseudosieboldianum,Acer pseudosieboldianum
128.0294,36.1025,PRESERVED_SPECIMEN,Acer pseudosieboldianum,Acer pseudosieboldianum
128.0294,36.1025,PRESERVED_SPECIMEN,Acer pseudosieboldianum,Acer pseudosieboldianum
128.0294,36.1025,PRESERVED_SPECIMEN,Acer pseudosieboldianum,Acer pseudosieboldianum
128.0294,36.1025,PRESERVED_SPECIMEN,Acer pseudosieboldianum,Acer pseudosieboldianum
128.0294,36.1025,PRESERVED_SPECIMEN,Acer pseudosieboldianum,Acer pseudosieboldianum
128.0294,36.1025,PRESERVED_SPECIMEN,Acer pseudosieboldianum,Acer pseudosieboldianum
128.0294,36.1025,PRESERVED_SPECIMEN,Acer pseudosieboldianum,Acer pseudosieboldianum
128.0294,36.1025,PRESERVED_SPECIMEN,Acer pseudosieboldianum,Acer pseudosieboldianum
128.0294,36.1025,PRESERVED_SPECIMEN,Acer pseudosieboldianum,Acer pseudosieboldianum
128.0294,36.1025,PRESERVED_SPECIMEN,Acer pseudosieboldianum,Acer pseudosieboldianum
128.0294,36.1025,PRESERVED_SPECIMEN,Acer pseudosieboldianum,Acer pseudosieboldianum
128.0294,36.1025,PRESERVED_SPECIMEN,Acer pseudosieboldianum,Acer pseudosieboldianum
127.960362,37.210703,HUMAN_OBSERVATION,Acer pseudosieboldianum,Acer pseudosieboldianum
127.959442,37.211364,HUMAN_OBSERVATION,Acer pseudosieboldianum,Acer pseudosieboldianum
128.474816,38.140185,HUMAN_OBSERVATION,Acer pseudosieboldianum,Acer pseudosieboldianum
127.515278,35.302222,HUMAN_OBSERVATION,Acer pseudosieboldianum,Acer pseudosieboldianum
132.156855,43.697177,HUMAN_OBSERVATION,Acer pseudosieboldianum,Acer pseudosieboldianum
132.156855,43.697177,HUMAN_OBSERVATION,Acer pseudosieboldianum,Acer pseudosieboldianum
133.024042,43.026886,HUMAN_OBSERVATION,Acer pseudosieboldianum,Acer pseudosieboldianum
132.758672,43.140958,HUMAN_OBSERVATION,Acer pseudosieboldianum,Acer pseudosieboldianum
132.932228,48.790324,HUMAN_OBSERVATION,Acer pseudosieboldianum,Acer pseudosieboldianum
126.952715,37.625743,HUMAN_OBSERVATION,Acer pseudosieboldianum,Acer pseudosieboldianum
126.94947,37.629213,HUMAN_OBSERVATION,Acer pseudosieboldianum,Acer pseudosieboldianum
127.036944,37.5475,HUMAN_OBSERVATION,Acer pseudosieboldianum,Acer pseudosieboldianum
128.474204,35.19802,HUMAN_OBSERVATION,Acer pseudosieboldianum,Acer pseudosieboldianum
128.668056,37.591944,HUMAN_OBSERVATION,Acer pseudosieboldianum,Acer pseudosieboldianum
128.282778,38.126667,HUMAN_OBSERVATION,Acer pseudosieboldianum,Acer pseudosieboldianum
126.410275,35.387506,HUMAN_OBSERVATION,Acer pseudosieboldianum,Acer pseudosieboldianum
127.27725,35.207528,HUMAN_OBSERVATION,Acer pseudosieboldianum,Acer pseudosieboldianum
127.692444,36.406639,HUMAN_OBSERVATION,Acer pseudosieboldianum,Acer pseudosieboldianum
128.021058,34.74025,HUMAN_OBSERVATION,Acer pseudosieboldianum,Acer pseudosieboldianum
126.5575,35.187778,HUMAN_OBSERVATION,Acer pseudosieboldianum,Acer pseudosieboldianum
126.564722,34.349361,HUMAN_OBSERVATION,Acer pseudosieboldianum,Acer pseudosieboldianum
128.778367,37.213025,HUMAN_OBSERVATION,Acer pseudosieboldianum,Acer pseudosieboldianum
128.526394,37.380556,HUMAN_OBSERVATION,Acer pseudosieboldianum,Acer pseudosieboldianum
128.513389,37.946556,HUMAN_OBSERVATION,Acer pseudosieboldianum,Acer pseudosieboldianum
129.048611,36.515806,HUMAN_OBSERVATION,Acer pseudosieboldianum,Acer pseudosieboldianum
128.189269,34.69905,HUMAN_OBSERVATION,Acer pseudosieboldianum,Acer pseudosieboldianum
128.425278,35.196389,HUMAN_OBSERVATION,Acer pseudosieboldianum,Acer pseudosieboldianum
129.216861,36.669833,HUMAN_OBSERVATION,Acer pseudosieboldianum,Acer pseudosieboldianum
128.273833,38.040556,HUMAN_OBSERVATION,Acer pseudosieboldianum,Acer pseudosieboldianum
127.151306,38.128167,HUMAN_OBSERVATION,Acer pseudosieboldianum,Acer pseudosieboldianum
127.532611,36.464778,HUMAN_OBSERVATION,Acer pseudosieboldianum,Acer pseudosieboldianum
129.131803,35.314311,HUMAN_OBSERVATION,Acer pseudosieboldianum,Acer pseudosieboldianum
126.609444,35.271111,HUMAN_OBSERVATION,Acer pseudosieboldianum,Acer pseudosieboldianum
128.403972,38.472167,HUMAN_OBSERVATION,Acer pseudosieboldianum,Acer pseudosieboldianum
128.068881,38.063239,HUMAN_OBSERVATION,Acer pseudosieboldianum,Acer pseudosieboldianum
129.045944,37.417964,HUMAN_OBSERVATION,Acer pseudosieboldianum,Acer pseudosieboldianum
128.7605,37.517333,HUMAN_OBSERVATION,Acer pseudosieboldianum,Acer pseudosieboldianum
128.603611,37.647444,HUMAN_OBSERVATION,Acer pseudosieboldianum,Acer pseudosieboldianum
128.541461,37.535106,HUMAN_OBSERVATION,Acer pseudosieboldianum,Acer pseudosieboldianum
129.053556,36.270833,HUMAN_OBSERVATION,Acer pseudosieboldianum,Acer pseudosieboldianum
127.702333,35.188889,HUMAN_OBSERVATION,Acer pseudosieboldianum,Acer pseudosieboldianum
126.614167,35.284167,HUMAN_OBSERVATION,Acer pseudosieboldianum,Acer pseudosieboldianum
128.259667,38.166167,HUMAN_OBSERVATION,Acer pseudosieboldianum,Acer pseudosieboldianum
128.554806,38.254,HUMAN_OBSERVATION,Acer pseudosieboldianum,Acer pseudosieboldianum
129.092083,37.078806,HUMAN_OBSERVATION,Acer pseudosieboldianum,Acer pseudosieboldianum
128.647667,37.617917,HUMAN_OBSERVATION,Acer pseudosieboldianum,Acer pseudosieboldianum
128.788389,37.608528,HUMAN_OBSERVATION,Acer pseudosieboldianum,Acer pseudosieboldianum
128.918522,35.276694,HUMAN_OBSERVATION,Acer pseudosieboldianum,Acer pseudosieboldianum
128.172322,38.041164,HUMAN_OBSERVATION,Acer pseudosieboldianum,Acer pseudosieboldianum
127.286186,37.690418,HUMAN_OBSERVATION,Acer pseudosieboldianum,Acer pseudosieboldianum
127.285995,37.680161,HUMAN_OBSERVATION,Acer pseudosieboldianum,Acer pseudosieboldianum
127.290932,37.691055,HUMAN_OBSERVATION,Acer pseudosieboldianum,Acer pseudosieboldianum
127.263817,37.688324,HUMAN_OBSERVATION,Acer pseudosieboldianum,Acer pseudosieboldianum
127.256157,37.674145,HUMAN_OBSERVATION,Acer pseudosieboldianum,Acer pseudosieboldianum
127.249992,37.685852,HUMAN_OBSERVATION,Acer pseudosieboldianum,Acer pseudosieboldianum
129.418222,35.891758,HUMAN_OBSERVATION,Acer pseudosieboldianum,Acer pseudosieboldianum
128.144667,37.82175,HUMAN_OBSERVATION,Acer pseudosieboldianum,Acer pseudosieboldianum
128.840194,37.025944,HUMAN_OBSERVATION,Acer pseudosieboldianum,Acer pseudosieboldianum
127.372806,38.196778,HUMAN_OBSERVATION,Acer pseudosieboldianum,Acer pseudosieboldianum
129.050833,37.058278,HUMAN_OBSERVATION,Acer pseudosieboldianum,Acer pseudosieboldianum
127.148556,35.170028,HUMAN_OBSERVATION,Acer pseudosieboldianum,Acer pseudosieboldianum
128.348417,38.216528,HUMAN_OBSERVATION,Acer pseudosieboldianum,Acer pseudosieboldianum
128.356,37.814972,HUMAN_OBSERVATION,Acer pseudosieboldianum,Acer pseudosieboldianum
128.572222,37.649222,HUMAN_OBSERVATION,Acer pseudosieboldianum,Acer pseudosieboldianum
128.313111,38.19725,HUMAN_OBSERVATION,Acer pseudosieboldianum,Acer pseudosieboldianum
129.099583,37.0995,HUMAN_OBSERVATION,Acer pseudosieboldianum,Acer pseudosieboldianum
129.059889,37.102833,HUMAN_OBSERVATION,Acer pseudosieboldianum,Acer pseudosieboldianum
128.790206,35.765731,HUMAN_OBSERVATION,Acer pseudosieboldianum,Acer pseudosieboldianum
128.902944,37.149333,HUMAN_OBSERVATION,Acer pseudosieboldianum,Acer pseudosieboldianum
126.608611,35.273333,HUMAN_OBSERVATION,Acer pseudosieboldianum,Acer pseudosieboldianum
128.464394,37.099408,HUMAN_OBSERVATION,Acer pseudosieboldianum,Acer pseudosieboldianum
128.230203,37.413056,HUMAN_OBSERVATION,Acer pseudosieboldianum,Acer pseudosieboldianum
128.546083,37.937417,HUMAN_OBSERVATION,Acer pseudosieboldianum,Acer pseudosieboldianum
128.557333,37.945556,HUMAN_OBSERVATION,Acer pseudosieboldianum,Acer pseudosieboldianum
128.543722,37.933139,HUMAN_OBSERVATION,Acer pseudosieboldianum,Acer pseudosieboldianum
127.697367,35.444733,HUMAN_OBSERVATION,Acer pseudosieboldianum,Acer pseudosieboldianum
125.105247,34.077667,HUMAN_OBSERVATION,Acer pseudosieboldianum,Acer pseudosieboldianum
129.428531,35.816903,HUMAN_OBSERVATION,Acer pseudosieboldianum,Acer pseudosieboldianum
128.349194,38.21375,HUMAN_OBSERVATION,Acer pseudosieboldianum,Acer pseudosieboldianum
128.390528,37.789278,HUMAN_OBSERVATION,Acer pseudosieboldianum,Acer pseudosieboldianum
128.230203,37.413056,HUMAN_OBSERVATION,Acer pseudosieboldianum,Acer pseudosieboldianum
128.975975,37.290625,HUMAN_OBSERVATION,Acer pseudosieboldianum,Acer pseudosieboldianum
128.638206,37.092756,HUMAN_OBSERVATION,Acer pseudosieboldianum,Acer pseudosieboldianum
128.6495,37.614944,HUMAN_OBSERVATION,Acer pseudosieboldianum,Acer pseudosieboldianum
127.248528,35.34075,HUMAN_OBSERVATION,Acer pseudosieboldianum,Acer pseudosieboldianum
128.57075,37.184378,HUMAN_OBSERVATION,Acer pseudosieboldianum,Acer pseudosieboldianum
129.077111,37.114917,HUMAN_OBSERVATION,Acer pseudosieboldianum,Acer pseudosieboldianum
129.127194,37.089028,HUMAN_OBSERVATION,Acer pseudosieboldianum,Acer pseudosieboldianum
128.298444,38.067944,HUMAN_OBSERVATION,Acer pseudosieboldianum,Acer pseudosieboldianum
129.132611,37.082528,HUMAN_OBSERVATION,Acer pseudosieboldianum,Acer pseudosieboldianum
128.303467,37.593384,HUMAN_OBSERVATION,Acer pseudosieboldianum,Acer pseudosieboldianum
128.270142,37.615211,HUMAN_OBSERVATION,Acer pseudosieboldianum,Acer pseudosieboldianum
128.324783,37.561321,HUMAN_OBSERVATION,Acer pseudosieboldianum,Acer pseudosieboldianum
128.278961,37.601715,HUMAN_OBSERVATION,Acer pseudosieboldianum,Acer pseudosieboldianum
128.279068,37.601658,HUMAN_OBSERVATION,Acer pseudosieboldianum,Acer pseudosieboldianum
126.602394,34.599267,HUMAN_OBSERVATION,Acer pseudosieboldianum,Acer pseudosieboldianum
129.075911,37.449158,HUMAN_OBSERVATION,Acer pseudosieboldianum,Acer pseudosieboldianum
129.089389,37.117417,HUMAN_OBSERVATION,Acer pseudosieboldianum,Acer pseudosieboldianum
129.08975,37.1175,HUMAN_OBSERVATION,Acer pseudosieboldianum,Acer pseudosieboldianum
128.326806,37.845861,HUMAN_OBSERVATION,Acer pseudosieboldianum,Acer pseudosieboldianum
129.123222,37.090333,HUMAN_OBSERVATION,Acer pseudosieboldianum,Acer pseudosieboldianum
129.074333,37.115806,HUMAN_OBSERVATION,Acer pseudosieboldianum,Acer pseudosieboldianum
128.647844,37.643236,HUMAN_OBSERVATION,Acer pseudosieboldianum,Acer pseudosieboldianum
128.321461,37.401897,HUMAN_OBSERVATION,Acer pseudosieboldianum,Acer pseudosieboldianum
129.17925,37.111889,HUMAN_OBSERVATION,Acer pseudosieboldianum,Acer pseudosieboldianum
128.54425,37.923333,HUMAN_OBSERVATION,Acer pseudosieboldianum,Acer pseudosieboldianum
127.685156,36.831392,HUMAN_OBSERVATION,Acer pseudosieboldianum,Acer pseudosieboldianum
128.369769,37.114386,HUMAN_OBSERVATION,Acer pseudosieboldianum,Acer pseudosieboldianum
127.874972,35.327028,HUMAN_OBSERVATION,Acer pseudosieboldianum,Acer pseudosieboldianum
129.062889,37.182944,HUMAN_OBSERVATION,Acer pseudosieboldianum,Acer pseudosieboldianum
128.31075,37.302247,HUMAN_OBSERVATION,Acer pseudosieboldianum,Acer pseudosieboldianum
127.745083,35.220222,HUMAN_OBSERVATION,Acer pseudosieboldianum,Acer pseudosieboldianum
128.822444,37.027056,HUMAN_OBSERVATION,Acer pseudosieboldianum,Acer pseudosieboldianum
129.099778,37.099639,HUMAN_OBSERVATION,Acer pseudosieboldianum,Acer pseudosieboldianum
129.083,37.118917,HUMAN_OBSERVATION,Acer pseudosieboldianum,Acer pseudosieboldianum
127.680722,35.204583,HUMAN_OBSERVATION,Acer pseudosieboldianum,Acer pseudosieboldianum
129.119861,37.092444,HUMAN_OBSERVATION,Acer pseudosieboldianum,Acer pseudosieboldianum
128.1631,37.237428,HUMAN_OBSERVATION,Acer pseudosieboldianum,Acer pseudosieboldianum
128.140994,37.247903,HUMAN_OBSERVATION,Acer pseudosieboldianum,Acer pseudosieboldianum
129.150333,37.090806,HUMAN_OBSERVATION,Acer pseudosieboldianum,Acer pseudosieboldianum
129.098917,37.099639,HUMAN_OBSERVATION,Acer pseudosieboldianum,Acer pseudosieboldianum
128.290194,37.822111,HUMAN_OBSERVATION,Acer pseudosieboldianum,Acer pseudosieboldianum
127.598642,35.597083,HUMAN_OBSERVATION,Acer pseudosieboldianum,Acer pseudosieboldianum
129.127083,37.085167,HUMAN_OBSERVATION,Acer pseudosieboldianum,Acer pseudosieboldianum
128.149139,37.8395,HUMAN_OBSERVATION,Acer pseudosieboldianum,Acer pseudosieboldianum
129.091111,37.118278,HUMAN_OBSERVATION,Acer pseudosieboldianum,Acer pseudosieboldianum
127.800778,35.212,HUMAN_OBSERVATION,Acer pseudosieboldianum,Acer pseudosieboldianum
127.9009,38.162639,HUMAN_OBSERVATION,Acer pseudosieboldianum,Acer pseudosieboldianum
127.378155,36.844035,HUMAN_OBSERVATION,Acer pseudosieboldianum,Acer pseudosieboldianum
128.306342,37.366811,HUMAN_OBSERVATION,Acer pseudosieboldianum,Acer pseudosieboldianum
128.272117,37.384919,HUMAN_OBSERVATION,Acer pseudosieboldianum,Acer pseudosieboldianum
127.702622,36.816033,HUMAN_OBSERVATION,Acer pseudosieboldianum,Acer pseudosieboldianum
128.102742,38.186783,HUMAN_OBSERVATION,Acer pseudosieboldianum,Acer pseudosieboldianum
127.552311,36.836464,HUMAN_OBSERVATION,Acer pseudosieboldianum,Acer pseudosieboldianum
128.383278,37.775861,HUMAN_OBSERVATION,Acer pseudosieboldianum,Acer pseudosieboldianum
126.983611,34.323333,HUMAN_OBSERVATION,Acer pseudosieboldianum,Acer pseudosieboldianum
129.129028,37.003583,HUMAN_OBSERVATION,Acer pseudosieboldianum,Acer pseudosieboldianum
126.887778,35.325,HUMAN_OBSERVATION,Acer pseudosieboldianum,Acer pseudosieboldianum
128.284108,37.586167,HUMAN_OBSERVATION,Acer pseudosieboldianum,Acer pseudosieboldianum
128.374667,36.981611,HUMAN_OBSERVATION,Acer pseudosieboldianum,Acer pseudosieboldianum
128.423889,37.793639,HUMAN_OBSERVATION,Acer pseudosieboldianum,Acer pseudosieboldianum
128.368739,37.115889,HUMAN_OBSERVATION,Acer pseudosieboldianum,Acer pseudosieboldianum
128.578778,37.658778,HUMAN_OBSERVATION,Acer pseudosieboldianum,Acer pseudosieboldianum
128.7294,37.200142,HUMAN_OBSERVATION,Acer pseudosieboldianum,Acer pseudosieboldianum
128.123944,38.215394,HUMAN_OBSERVATION,Acer pseudosieboldianum,Acer pseudosieboldianum
128.074542,38.158914,HUMAN_OBSERVATION,Acer pseudosieboldianum,Acer pseudosieboldianum
128.589636,37.080867,HUMAN_OBSERVATION,Acer pseudosieboldianum,Acer pseudosieboldianum
128.768556,36.509556,HUMAN_OBSERVATION,Acer pseudosieboldianum,Acer pseudosieboldianum
128.546839,37.612472,HUMAN_OBSERVATION,Acer pseudosieboldianum,Acer pseudosieboldianum
128.293528,37.822333,HUMAN_OBSERVATION,Acer pseudosieboldianum,Acer pseudosieboldianum
127.066086,34.445267,HUMAN_OBSERVATION,Acer pseudosieboldianum,Acer pseudosieboldianum
128.230833,35.278611,HUMAN_OBSERVATION,Acer pseudosieboldianum,Acer pseudosieboldianum
128.893778,37.180583,HUMAN_OBSERVATION,Acer pseudosieboldianum,Acer pseudosieboldianum
128.9798,36.163075,HUMAN_OBSERVATION,Acer pseudosieboldianum,Acer pseudosieboldianum
127.589817,35.449517,HUMAN_OBSERVATION,Acer pseudosieboldianum,Acer pseudosieboldianum
128.189682,36.705372,HUMAN_OBSERVATION,Acer pseudosieboldianum,Acer pseudosieboldianum
127.246767,35.309333,HUMAN_OBSERVATION,Acer pseudosieboldianum,Acer pseudosieboldianum
128.552967,37.400083,HUMAN_OBSERVATION,Acer pseudosieboldianum,Acer pseudosieboldianum
128.653833,37.611222,HUMAN_OBSERVATION,Acer pseudosieboldianum,Acer pseudosieboldianum
128.511619,37.393611,HUMAN_OBSERVATION,Acer pseudosieboldianum,Acer pseudosieboldianum
128.173528,37.820694,HUMAN_OBSERVATION,Acer pseudosieboldianum,Acer pseudosieboldianum
128.664111,37.611806,HUMAN_OBSERVATION,Acer pseudosieboldianum,Acer pseudosieboldianum
128.751431,37.678567,HUMAN_OBSERVATION,Acer pseudosieboldianum,Acer pseudosieboldianum
128.751431,37.678567,HUMAN_OBSERVATION,Acer pseudosieboldianum,Acer pseudosieboldianum
129.154847,36.396667,HUMAN_OBSERVATION,Acer pseudosieboldianum,Acer pseudosieboldianum
128.223583,37.854333,HUMAN_OBSERVATION,Acer pseudosieboldianum,Acer pseudosieboldianum
128.121556,38.216064,HUMAN_OBSERVATION,Acer pseudosieboldianum,Acer pseudosieboldianum
129.409519,35.890919,HUMAN_OBSERVATION,Acer pseudosieboldianum,Acer pseudosieboldianum
128.570028,37.645556,HUMAN_OBSERVATION,Acer pseudosieboldianum,Acer pseudosieboldianum
128.67025,37.605556,HUMAN_OBSERVATION,Acer pseudosieboldianum,Acer pseudosieboldianum
128.857806,37.578,HUMAN_OBSERVATION,Acer pseudosieboldianum,Acer pseudosieboldianum
128.41625,35.2025,HUMAN_OBSERVATION,Acer pseudosieboldianum,Acer pseudosieboldianum
129.059028,37.182861,HUMAN_OBSERVATION,Acer pseudosieboldianum,Acer pseudosieboldianum
128.51125,38.29275,HUMAN_OBSERVATION,Acer pseudosieboldianum,Acer pseudosieboldianum
128.377778,35.196806,HUMAN_OBSERVATION,Acer pseudosieboldianum,Acer pseudosieboldianum
128.761556,37.542417,HUMAN_OBSERVATION,Acer pseudosieboldianum,Acer pseudosieboldianum
126.797778,35.608889,HUMAN_OBSERVATION,Acer pseudosieboldianum,Acer pseudosieboldianum
126.564139,34.354889,HUMAN_OBSERVATION,Acer pseudosieboldianum,Acer pseudosieboldianum
128.270833,38.054194,HUMAN_OBSERVATION,Acer pseudosieboldianum,Acer pseudosieboldianum
128.392083,38.472611,HUMAN_OBSERVATION,Acer pseudosieboldianum,Acer pseudosieboldianum
127.691194,35.1735,HUMAN_OBSERVATION,Acer pseudosieboldianum,Acer pseudosieboldianum
128.610389,37.951722,HUMAN_OBSERVATION,Acer pseudosieboldianum,Acer pseudosieboldianum
128.30489,37.6908,HUMAN_OBSERVATION,Acer pseudosieboldianum,Acer pseudosieboldianum
128.449022,38.115704,HUMAN_OBSERVATION,Acer pseudosieboldianum,Acer pseudosieboldianum
128.209722,37.820361,HUMAN_OBSERVATION,Acer pseudosieboldianum,Acer pseudosieboldianum
128.625722,37.59825,HUMAN_OBSERVATION,Acer pseudosieboldianum,Acer pseudosieboldianum
129.143,37.087778,HUMAN_OBSERVATION,Acer pseudosieboldianum,Acer pseudosieboldianum
129.092389,37.169444,HUMAN_OBSERVATION,Acer pseudosieboldianum,Acer pseudosieboldianum
129.132278,37.105917,HUMAN_OBSERVATION,Acer pseudosieboldianum,Acer pseudosieboldianum
128.264028,38.051111,HUMAN_OBSERVATION,Acer pseudosieboldianum,Acer pseudosieboldianum
128.918778,37.150417,HUMAN_OBSERVATION,Acer pseudosieboldianum,Acer pseudosieboldianum
128.8603,37.252625,HUMAN_OBSERVATION,Acer pseudosieboldianum,Acer pseudosieboldianum
128.302528,38.203639,HUMAN_OBSERVATION,Acer pseudosieboldianum,Acer pseudosieboldianum
127.234333,35.27325,HUMAN_OBSERVATION,Acer pseudosieboldianum,Acer pseudosieboldianum
131.944594,43.178983,HUMAN_OBSERVATION,Acer pseudosieboldianum,Acer pseudosieboldianum
126.971403,37.633193,HUMAN_OBSERVATION,Acer pseudosieboldianum,Acer pseudosieboldianum
126.971413,37.633175,HUMAN_OBSERVATION,Acer pseudosieboldianum,Acer pseudosieboldianum
126.97197799999999,37.632838,HUMAN_OBSERVATION,Acer pseudosieboldianum,Acer pseudosieboldianum
127.725917,38.314333,PRESERVED_SPECIMEN,Acer pseudosieboldianum,Acer pseudosieboldianum
127.725917,38.314583,PRESERVED_SPECIMEN,Acer pseudosieboldianum,Acer pseudosieboldianum
127.47125,38.301083,PRESERVED_SPECIMEN,Acer pseudosieboldianum,Acer pseudosieboldianum
127.47125,38.301083,PRESERVED_SPECIMEN,Acer pseudosieboldianum,Acer pseudosieboldianum
127.879361,38.298417,PRESERVED_SPECIMEN,Acer pseudosieboldianum,Acer pseudosieboldianum
127.865306,38.288111,PRESERVED_SPECIMEN,Acer pseudosieboldianum,Acer pseudosieboldianum
127.525139,38.291083,PRESERVED_SPECIMEN,Acer pseudosieboldianum,Acer pseudosieboldianum
127.594361,38.311667,PRESERVED_SPECIMEN,Acer pseudosieboldianum,Acer pseudosieboldianum
127.611778,38.308611,PRESERVED_SPECIMEN,Acer pseudosieboldianum,Acer pseudosieboldianum
128.991667,35.7,HUMAN_OBSERVATION,Acer pseudosieboldianum,Acer pseudosieboldianum
127.400389,37.018028,HUMAN_OBSERVATION,Acer pseudosieboldianum,Acer pseudosieboldianum
127.398417,37.015278,HUMAN_OBSERVATION,Acer pseudosieboldianum,Acer pseudosieboldianum
126.678975,37.429175,HUMAN_OBSERVATION,Acer pseudosieboldianum,Acer pseudosieboldianum
126.677611,36.366389,HUMAN_OBSERVATION,Acer pseudosieboldianum,Acer pseudosieboldianum
127.027722,37.326417,HUMAN_OBSERVATION,Acer pseudosieboldianum,Acer pseudosieboldianum
127.024472,37.33,HUMAN_OBSERVATION,Acer pseudosieboldianum,Acer pseudosieboldianum
127.852919,34.99075,HUMAN_OBSERVATION,Acer pseudosieboldianum,Acer pseudosieboldianum
127.366111,36.2175,HUMAN_OBSERVATION,Acer pseudosieboldianum,Acer pseudosieboldianum
127.337417,37.405444,HUMAN_OBSERVATION,Acer pseudosieboldianum,Acer pseudosieboldianum
128.082833,36.187111,HUMAN_OBSERVATION,Acer pseudosieboldianum,Acer pseudosieboldianum
128.39013,34.98334,HUMAN_OBSERVATION,Acer pseudosieboldianum,Acer pseudosieboldianum
126.898111,36.425056,HUMAN_OBSERVATION,Acer pseudosieboldianum,Acer pseudosieboldianum
127.698797,34.821389,HUMAN_OBSERVATION,Acer pseudosieboldianum,Acer pseudosieboldianum
127.706428,34.830528,HUMAN_OBSERVATION,Acer pseudosieboldianum,Acer pseudosieboldianum
128.093244,34.998583000000004,HUMAN_OBSERVATION,Acer pseudosieboldianum,Acer pseudosieboldianum
127.952028,36.244639,HUMAN_OBSERVATION,Acer pseudosieboldianum,Acer pseudosieboldianum
126.916906,37.18455,HUMAN_OBSERVATION,Acer pseudosieboldianum,Acer pseudosieboldianum
126.982267,34.700817,HUMAN_OBSERVATION,Acer pseudosieboldianum,Acer pseudosieboldianum
126.813472,36.430667,HUMAN_OBSERVATION,Acer pseudosieboldianum,Acer pseudosieboldianum
126.453889,33.309472,HUMAN_OBSERVATION,Acer pseudosieboldianum,Acer pseudosieboldianum
128.002803,34.868789,HUMAN_OBSERVATION,Acer pseudosieboldianum,Acer pseudosieboldianum
128.002803,34.868789,HUMAN_OBSERVATION,Acer pseudosieboldianum,Acer pseudosieboldianum
127.274267,36.392106,HUMAN_OBSERVATION,Acer pseudosieboldianum,Acer pseudosieboldianum
126.901722,37.365111,HUMAN_OBSERVATION,Acer pseudosieboldianum,Acer pseudosieboldianum
131.916704,43.186983,HUMAN_OBSERVATION,Acer pseudosieboldianum,Acer pseudosieboldianum
129.017847,36.207653,PRESERVED_SPECIMEN,Acer pseudosieboldianum,Acer pseudosieboldianum
127.397917,37.025778,HUMAN_OBSERVATION,Acer pseudosieboldianum,Acer pseudosieboldianum
127.605467,34.673283,HUMAN_OBSERVATION,Acer pseudosieboldianum,Acer pseudosieboldianum
127.450589,37.150181,HUMAN_OBSERVATION,Acer pseudosieboldianum,Acer pseudosieboldianum
127.207833,37.363417,HUMAN_OBSERVATION,Acer pseudosieboldianum,Acer pseudosieboldianum
127.863056,37.184444,HUMAN_OBSERVATION,Acer pseudosieboldianum,Acer pseudosieboldianum
127.668611,37.145833,HUMAN_OBSERVATION,Acer pseudosieboldianum,Acer pseudosieboldianum
127.022278,36.476972,HUMAN_OBSERVATION,Acer pseudosieboldianum,Acer pseudosieboldianum
126.952139,37.278611,HUMAN_OBSERVATION,Acer pseudosieboldianum,Acer pseudosieboldianum
127.483758,36.323908,HUMAN_OBSERVATION,Acer pseudosieboldianum,Acer pseudosieboldianum
126.907944,36.194361,HUMAN_OBSERVATION,Acer pseudosieboldianum,Acer pseudosieboldianum
127.4679,37.3593,HUMAN_OBSERVATION,Acer pseudosieboldianum,Acer pseudosieboldianum
126.781244,36.308367,HUMAN_OBSERVATION,Acer pseudosieboldianum,Acer pseudosieboldianum
126.952139,37.278611,HUMAN_OBSERVATION,Acer pseudosieboldianum,Acer pseudosieboldianum
126.954167,37.445833,HUMAN_OBSERVATION,Acer pseudosieboldianum,Acer pseudosieboldianum
127.678222,37.088167,HUMAN_OBSERVATION,Acer pseudosieboldianum,Acer pseudosieboldianum
127.678222,37.088167,HUMAN_OBSERVATION,Acer pseudosieboldianum,Acer pseudosieboldianum
127.344447,37.070689,HUMAN_OBSERVATION,Acer pseudosieboldianum,Acer pseudosieboldianum
127.678222,37.088167,HUMAN_OBSERVATION,Acer pseudosieboldianum,Acer pseudosieboldianum
127.357972,37.42775,HUMAN_OBSERVATION,Acer pseudosieboldianum,Acer pseudosieboldianum
127.198528,37.3665,HUMAN_OBSERVATION,Acer pseudosieboldianum,Acer pseudosieboldianum
127.054083,37.350139,HUMAN_OBSERVATION,Acer pseudosieboldianum,Acer pseudosieboldianum
127.643303,34.941233,HUMAN_OBSERVATION,Acer pseudosieboldianum,Acer pseudosieboldianum
126.609444,36.268889,HUMAN_OBSERVATION,Acer pseudosieboldianum,Acer pseudosieboldianum
127.835333,36.069056,HUMAN_OBSERVATION,Acer pseudosieboldianum,Acer pseudosieboldianum
127.773214,34.680456,HUMAN_OBSERVATION,Acer pseudosieboldianum,Acer pseudosieboldianum
127.926028,36.086739,HUMAN_OBSERVATION,Acer pseudosieboldianum,Acer pseudosieboldianum
127.682306,37.127211,HUMAN_OBSERVATION,Acer pseudosieboldianum,Acer pseudosieboldianum
127.565167,37.060222,HUMAN_OBSERVATION,Acer pseudosieboldianum,Acer pseudosieboldianum
127.682306,37.127211,HUMAN_OBSERVATION,Acer pseudosieboldianum,Acer pseudosieboldianum
127.863056,37.184444,HUMAN_OBSERVATION,Acer pseudosieboldianum,Acer pseudosieboldianum
127.842194,36.19825,HUMAN_OBSERVATION,Acer pseudosieboldianum,Acer pseudosieboldianum
126.779444,37.453611,HUMAN_OBSERVATION,Acer pseudosieboldianum,Acer pseudosieboldianum
127.718326,37.074592,HUMAN_OBSERVATION,Acer pseudosieboldianum,Acer pseudosieboldianum
133.019882,35.173309,HUMAN_OBSERVATION,Acer pseudosieboldianum,Acer sieboldianum
130.250712,33.472046,HUMAN_OBSERVATION,Acer pseudosieboldianum,Acer sieboldianum
139.802466,36.949611,HUMAN_OBSERVATION,Acer pseudosieboldianum,Acer sieboldianum
135.392655,35.395983,HUMAN_OBSERVATION,Acer pseudosieboldianum,Acer sieboldianum
140.838147,38.2645,HUMAN_OBSERVATION,Acer pseudosieboldianum,Acer sieboldianum
138.097643,36.405804,PRESERVED_SPECIMEN,Acer pseudosieboldianum,Acer sieboldianum
138.201238,35.412682,HUMAN_OBSERVATION,Acer pseudosieboldianum,Acer sieboldianum
140.838233,38.264517,HUMAN_OBSERVATION,Acer pseudosieboldianum,Acer sieboldianum
138.3286,36.5606,PRESERVED_SPECIMEN,Acer pseudosieboldianum,Acer sieboldianum
138.4017,36.8028,PRESERVED_SPECIMEN,Acer pseudosieboldianum,Acer sieboldianum
135.656,33.665,HUMAN_OBSERVATION,Acer pseudosieboldianum,Acer sieboldianum
135.656,33.665,HUMAN_OBSERVATION,Acer pseudosieboldianum,Acer sieboldianum
135.656,33.665,HUMAN_OBSERVATION,Acer pseudosieboldianum,Acer sieboldianum
135.656,33.665,HUMAN_OBSERVATION,Acer pseudosieboldianum,Acer sieboldianum
135.656,33.665,HUMAN_OBSERVATION,Acer pseudosieboldianum,Acer sieboldianum
135.656,33.665,HUMAN_OBSERVATION,Acer pseudosieboldianum,Acer sieboldianum
135.656,33.665,HUMAN_OBSERVATION,Acer pseudosieboldianum,Acer sieboldianum
135.656,33.665,HUMAN_OBSERVATION,Acer pseudosieboldianum,Acer sieboldianum
135.656,33.665,HUMAN_OBSERVATION,Acer pseudosieboldianum,Acer sieboldianum
135.656,33.665,HUMAN_OBSERVATION,Acer pseudosieboldianum,Acer sieboldianum
135.656,33.665,HUMAN_OBSERVATION,Acer pseudosieboldianum,Acer sieboldianum
135.656,33.665,HUMAN_OBSERVATION,Acer pseudosieboldianum,Acer sieboldianum
135.656,33.665,HUMAN_OBSERVATION,Acer pseudosieboldianum,Acer sieboldianum
135.656,33.665,HUMAN_OBSERVATION,Acer pseudosieboldianum,Acer sieboldianum
135.656,33.665,HUMAN_OBSERVATION,Acer pseudosieboldianum,Acer sieboldianum
135.656,33.665,HUMAN_OBSERVATION,Acer pseudosieboldianum,Acer sieboldianum
135.656,33.665,HUMAN_OBSERVATION,Acer pseudosieboldianum,Acer sieboldianum
135.656,33.665,HUMAN_OBSERVATION,Acer pseudosieboldianum,Acer sieboldianum
135.656,33.665,HUMAN_OBSERVATION,Acer pseudosieboldianum,Acer sieboldianum
135.656,33.665,HUMAN_OBSERVATION,Acer pseudosieboldianum,Acer sieboldianum
135.656,33.665,HUMAN_OBSERVATION,Acer pseudosieboldianum,Acer sieboldianum
135.656,33.665,HUMAN_OBSERVATION,Acer pseudosieboldianum,Acer sieboldianum
131.173,32.398,HUMAN_OBSERVATION,Acer pseudosieboldianum,Acer sieboldianum
131.173,32.398,HUMAN_OBSERVATION,Acer pseudosieboldianum,Acer sieboldianum
131.173,32.398,HUMAN_OBSERVATION,Acer pseudosieboldianum,Acer sieboldianum
139.582972,37.576778,PRESERVED_SPECIMEN,Acer pseudosieboldianum,Acer sieboldianum
138.976944,36.739722,PRESERVED_SPECIMEN,Acer pseudosieboldianum,Acer sieboldianum
141.764,39.2532,PRESERVED_SPECIMEN,Acer pseudosieboldianum,Acer sieboldianum
141.764,39.2532,PRESERVED_SPECIMEN,Acer pseudosieboldianum,Acer sieboldianum
137.528214,35.907327,PRESERVED_SPECIMEN,Acer pseudosieboldianum,Acer sieboldianum
138.298264,36.535282,PRESERVED_SPECIMEN,Acer pseudosieboldianum,Acer sieboldianum
138.238134,36.145183,PRESERVED_SPECIMEN,Acer pseudosieboldianum,Acer sieboldianum
135.758037,35.341558,PRESERVED_SPECIMEN,Acer pseudosieboldianum,Acer sieboldianum
138.297486,36.533269,PRESERVED_SPECIMEN,Acer pseudosieboldianum,Acer sieboldianum
137.90466,36.39548,PRESERVED_SPECIMEN,Acer pseudosieboldianum,Acer sieboldianum
137.275284,35.148431,PRESERVED_SPECIMEN,Acer pseudosieboldianum,Acer sieboldianum
139.046383,36.8202,PRESERVED_SPECIMEN,Acer pseudosieboldianum,Acer sieboldianum
140.855,39.111,HUMAN_OBSERVATION,Acer pseudosieboldianum,Acer sieboldianum
140.855,39.111,HUMAN_OBSERVATION,Acer pseudosieboldianum,Acer sieboldianum
140.855,39.111,HUMAN_OBSERVATION,Acer pseudosieboldianum,Acer sieboldianum
140.855,39.109,HUMAN_OBSERVATION,Acer pseudosieboldianum,Acer sieboldianum
140.855,39.109,HUMAN_OBSERVATION,Acer pseudosieboldianum,Acer sieboldianum
140.855,39.109,HUMAN_OBSERVATION,Acer pseudosieboldianum,Acer sieboldianum
140.855,39.109,HUMAN_OBSERVATION,Acer pseudosieboldianum,Acer sieboldianum
140.855,39.109,HUMAN_OBSERVATION,Acer pseudosieboldianum,Acer sieboldianum
140.855,39.109,HUMAN_OBSERVATION,Acer pseudosieboldianum,Acer sieboldianum
140.855,39.109,HUMAN_OBSERVATION,Acer pseudosieboldianum,Acer sieboldianum
140.855,39.109,HUMAN_OBSERVATION,Acer pseudosieboldianum,Acer sieboldianum
140.855,39.109,HUMAN_OBSERVATION,Acer pseudosieboldianum,Acer sieboldianum
140.855,39.109,HUMAN_OBSERVATION,Acer pseudosieboldianum,Acer sieboldianum
140.855,39.109,HUMAN_OBSERVATION,Acer pseudosieboldianum,Acer sieboldianum
140.855,39.109,HUMAN_OBSERVATION,Acer pseudosieboldianum,Acer sieboldianum
140.855,39.109,HUMAN_OBSERVATION,Acer pseudosieboldianum,Acer sieboldianum
140.855,39.109,HUMAN_OBSERVATION,Acer pseudosieboldianum,Acer sieboldianum
140.855,39.109,HUMAN_OBSERVATION,Acer pseudosieboldianum,Acer sieboldianum
137.565,35.583,HUMAN_OBSERVATION,Acer pseudosieboldianum,Acer sieboldianum
137.565,35.583,HUMAN_OBSERVATION,Acer pseudosieboldianum,Acer sieboldianum
137.565,35.583,HUMAN_OBSERVATION,Acer pseudosieboldianum,Acer sieboldianum
137.565,35.583,HUMAN_OBSERVATION,Acer pseudosieboldianum,Acer sieboldianum
137.565,35.583,HUMAN_OBSERVATION,Acer pseudosieboldianum,Acer sieboldianum
137.565,35.583,HUMAN_OBSERVATION,Acer pseudosieboldianum,Acer sieboldianum
137.565,35.583,HUMAN_OBSERVATION,Acer pseudosieboldianum,Acer sieboldianum
137.565,35.583,HUMAN_OBSERVATION,Acer pseudosieboldianum,Acer sieboldianum
137.565,35.583,HUMAN_OBSERVATION,Acer pseudosieboldianum,Acer sieboldianum
137.565,35.583,HUMAN_OBSERVATION,Acer pseudosieboldianum,Acer sieboldianum
139.42,36.545,HUMAN_OBSERVATION,Acer pseudosieboldianum,Acer sieboldianum
139.42,36.545,HUMAN_OBSERVATION,Acer pseudosieboldianum,Acer sieboldianum
131.176,32.377,HUMAN_OBSERVATION,Acer pseudosieboldianum,Acer sieboldianum
131.176,32.377,HUMAN_OBSERVATION,Acer pseudosieboldianum,Acer sieboldianum
131.176,32.377,HUMAN_OBSERVATION,Acer pseudosieboldianum,Acer sieboldianum
131.176,32.377,HUMAN_OBSERVATION,Acer pseudosieboldianum,Acer sieboldianum
131.176,32.377,HUMAN_OBSERVATION,Acer pseudosieboldianum,Acer sieboldianum
131.176,32.377,HUMAN_OBSERVATION,Acer pseudosieboldianum,Acer sieboldianum
131.176,32.377,HUMAN_OBSERVATION,Acer pseudosieboldianum,Acer sieboldianum
140.181944,37.106111,PRESERVED_SPECIMEN,Acer pseudosieboldianum,Acer sieboldianum
139.605556,37.302778000000004,PRESERVED_SPECIMEN,Acer pseudosieboldianum,Acer sieboldianum
138.637222,36.718056,PRESERVED_SPECIMEN,Acer pseudosieboldianum,Acer sieboldianum
139.824233,36.782133,PRESERVED_SPECIMEN,Acer pseudosieboldianum,Acer sieboldianum
140.855,39.111,HUMAN_OBSERVATION,Acer pseudosieboldianum,Acer sieboldianum
140.855,39.111,HUMAN_OBSERVATION,Acer pseudosieboldianum,Acer sieboldianum
140.855,39.111,HUMAN_OBSERVATION,Acer pseudosieboldianum,Acer sieboldianum
139.42,36.545,HUMAN_OBSERVATION,Acer pseudosieboldianum,Acer sieboldianum
139.42,36.545,HUMAN_OBSERVATION,Acer pseudosieboldianum,Acer sieboldianum
131.173,32.398,HUMAN_OBSERVATION,Acer pseudosieboldianum,Acer sieboldianum
131.173,32.398,HUMAN_OBSERVATION,Acer pseudosieboldianum,Acer sieboldianum
131.173,32.398,HUMAN_OBSERVATION,Acer pseudosieboldianum,Acer sieboldianum
131.173,32.398,HUMAN_OBSERVATION,Acer pseudosieboldianum,Acer sieboldianum
131.173,32.398,HUMAN_OBSERVATION,Acer pseudosieboldianum,Acer sieboldianum
131.173,32.398,HUMAN_OBSERVATION,Acer pseudosieboldianum,Acer sieboldianum
131.173,32.398,HUMAN_OBSERVATION,Acer pseudosieboldianum,Acer sieboldianum
131.173,32.398,HUMAN_OBSERVATION,Acer pseudosieboldianum,Acer sieboldianum
131.173,32.398,HUMAN_OBSERVATION,Acer pseudosieboldianum,Acer sieboldianum
131.173,32.398,HUMAN_OBSERVATION,Acer pseudosieboldianum,Acer sieboldianum
131.173,32.398,HUMAN_OBSERVATION,Acer pseudosieboldianum,Acer sieboldianum
131.173,32.398,HUMAN_OBSERVATION,Acer pseudosieboldianum,Acer sieboldianum
131.173,32.398,HUMAN_OBSERVATION,Acer pseudosieboldianum,Acer sieboldianum
135.656,33.665,HUMAN_OBSERVATION,Acer pseudosieboldianum,Acer sieboldianum
135.656,33.665,HUMAN_OBSERVATION,Acer pseudosieboldianum,Acer sieboldianum
135.656,33.665,HUMAN_OBSERVATION,Acer pseudosieboldianum,Acer sieboldianum
135.656,33.665,HUMAN_OBSERVATION,Acer pseudosieboldianum,Acer sieboldianum
135.656,33.665,HUMAN_OBSERVATION,Acer pseudosieboldianum,Acer sieboldianum
135.656,33.665,HUMAN_OBSERVATION,Acer pseudosieboldianum,Acer sieboldianum
135.656,33.665,HUMAN_OBSERVATION,Acer pseudosieboldianum,Acer sieboldianum
135.656,33.665,HUMAN_OBSERVATION,Acer pseudosieboldianum,Acer sieboldianum
135.656,33.665,HUMAN_OBSERVATION,Acer pseudosieboldianum,Acer sieboldianum
135.656,33.665,HUMAN_OBSERVATION,Acer pseudosieboldianum,Acer sieboldianum
135.656,33.665,HUMAN_OBSERVATION,Acer pseudosieboldianum,Acer sieboldianum
135.656,33.665,HUMAN_OBSERVATION,Acer pseudosieboldianum,Acer sieboldianum
135.656,33.665,HUMAN_OBSERVATION,Acer pseudosieboldianum,Acer sieboldianum
135.656,33.665,HUMAN_OBSERVATION,Acer pseudosieboldianum,Acer sieboldianum
135.656,33.665,HUMAN_OBSERVATION,Acer pseudosieboldianum,Acer sieboldianum
135.656,33.665,HUMAN_OBSERVATION,Acer pseudosieboldianum,Acer sieboldianum
135.656,33.665,HUMAN_OBSERVATION,Acer pseudosieboldianum,Acer sieboldianum
135.656,33.665,HUMAN_OBSERVATION,Acer pseudosieboldianum,Acer sieboldianum
135.656,33.665,HUMAN_OBSERVATION,Acer pseudosieboldianum,Acer sieboldianum
140.8777698,39.3820612,PRESERVED_SPECIMEN,Acer pseudosieboldianum,Acer sieboldianum
137.86563,35.59375,PRESERVED_SPECIMEN,Acer pseudosieboldianum,Acer sieboldianum
139.58,37.284167,PRESERVED_SPECIMEN,Acer pseudosieboldianum,Acer sieboldianum
134.4,35.2,PRESERVED_SPECIMEN,Acer pseudosieboldianum,Acer sieboldianum
141.01875,40.1875,PRESERVED_SPECIMEN,Acer pseudosieboldianum,Acer sieboldianum
138.895833,36.461111,PRESERVED_SPECIMEN,Acer pseudosieboldianum,Acer sieboldianum
140.85625,38.995833,PRESERVED_SPECIMEN,Acer pseudosieboldianum,Acer sieboldianum
140.85625,38.995833,PRESERVED_SPECIMEN,Acer pseudosieboldianum,Acer sieboldianum
138.893889,36.474167,PRESERVED_SPECIMEN,Acer pseudosieboldianum,Acer sieboldianum
138.57593,35.98379,PRESERVED_SPECIMEN,Acer pseudosieboldianum,Acer sieboldianum
138.57593,35.98379,PRESERVED_SPECIMEN,Acer pseudosieboldianum,Acer sieboldianum
140.8869,39.3836,PRESERVED_SPECIMEN,Acer pseudosieboldianum,Acer sieboldianum
138.902778,36.475,PRESERVED_SPECIMEN,Acer pseudosieboldianum,Acer sieboldianum
138.902222,36.474722,PRESERVED_SPECIMEN,Acer pseudosieboldianum,Acer sieboldianum
140.855,39.111,HUMAN_OBSERVATION,Acer pseudosieboldianum,Acer sieboldianum
140.855,39.111,HUMAN_OBSERVATION,Acer pseudosieboldianum,Acer sieboldianum
140.855,39.111,HUMAN_OBSERVATION,Acer pseudosieboldianum,Acer sieboldianum
137.574969,36.286681,PRESERVED_SPECIMEN,Acer pseudosieboldianum,Acer sieboldianum
139.991944,37.279722,PRESERVED_SPECIMEN,Acer pseudosieboldianum,Acer sieboldianum
139.42,36.545,HUMAN_OBSERVATION,Acer pseudosieboldianum,Acer sieboldianum
139.42,36.545,HUMAN_OBSERVATION,Acer pseudosieboldianum,Acer sieboldianum
137.87723,35.55255,PRESERVED_SPECIMEN,Acer pseudosieboldianum,Acer sieboldianum
139.112663,35.429904,PRESERVED_SPECIMEN,Acer pseudosieboldianum,Acer sieboldianum
139.253189,35.5825,PRESERVED_SPECIMEN,Acer pseudosieboldianum,Acer sieboldianum
137.87723,35.55255,PRESERVED_SPECIMEN,Acer pseudosieboldianum,Acer sieboldianum
137.630244,36.919724,PRESERVED_SPECIMEN,Acer pseudosieboldianum,Acer sieboldianum
137.630244,36.919724,PRESERVED_SPECIMEN,Acer pseudosieboldianum,Acer sieboldianum
137.630244,36.919724,PRESERVED_SPECIMEN,Acer pseudosieboldianum,Acer sieboldianum
140.855,39.111,HUMAN_OBSERVATION,Acer pseudosieboldianum,Acer sieboldianum
140.855,39.111,HUMAN_OBSERVATION,Acer pseudosieboldianum,Acer sieboldianum
140.855,39.111,HUMAN_OBSERVATION,Acer pseudosieboldianum,Acer sieboldianum
139.240569,35.449091,PRESERVED_SPECIMEN,Acer pseudosieboldianum,Acer sieboldianum
136.9136663,36.4031328,PRESERVED_SPECIMEN,Acer pseudosieboldianum,Acer sieboldianum
136.9136663,36.4031328,PRESERVED_SPECIMEN,Acer pseudosieboldianum,Acer sieboldianum
136.9136663,36.4031328,PRESERVED_SPECIMEN,Acer pseudosieboldianum,Acer sieboldianum
138.932269,35.44257,PRESERVED_SPECIMEN,Acer pseudosieboldianum,Acer sieboldianum
139.22807,35.440758,PRESERVED_SPECIMEN,Acer pseudosieboldianum,Acer sieboldianum
137.87723,35.55255,PRESERVED_SPECIMEN,Acer pseudosieboldianum,Acer sieboldianum
137.87723,35.55255,PRESERVED_SPECIMEN,Acer pseudosieboldianum,Acer sieboldianum
139.156667,36.512778,PRESERVED_SPECIMEN,Acer pseudosieboldianum,Acer sieboldianum
137.87723,35.55255,PRESERVED_SPECIMEN,Acer pseudosieboldianum,Acer sieboldianum
139.053092,35.232447,PRESERVED_SPECIMEN,Acer pseudosieboldianum,Acer sieboldianum
139.165878,35.662895,PRESERVED_SPECIMEN,Acer pseudosieboldianum,Acer sieboldianum
139.015599,35.190783,PRESERVED_SPECIMEN,Acer pseudosieboldianum,Acer sieboldianum
137.86662,35.57493,PRESERVED_SPECIMEN,Acer pseudosieboldianum,Acer sieboldianum
136.07,34.196,HUMAN_OBSERVATION,Acer pseudosieboldianum,Acer sieboldianum
136.07,34.196,HUMAN_OBSERVATION,Acer pseudosieboldianum,Acer sieboldianum
139.42,36.545,HUMAN_OBSERVATION,Acer pseudosieboldianum,Acer sieboldianum
136.07,34.196,HUMAN_OBSERVATION,Acer pseudosieboldianum,Acer sieboldianum
139.42,36.545,HUMAN_OBSERVATION,Acer pseudosieboldianum,Acer sieboldianum
140.642442,42.007778,HUMAN_OBSERVATION,Acer pseudosieboldianum,Acer sieboldianum
135.656,33.665,HUMAN_OBSERVATION,Acer pseudosieboldianum,Acer sieboldianum
135.656,33.665,HUMAN_OBSERVATION,Acer pseudosieboldianum,Acer sieboldianum
135.656,33.665,HUMAN_OBSERVATION,Acer pseudosieboldianum,Acer sieboldianum
135.656,33.665,HUMAN_OBSERVATION,Acer pseudosieboldianum,Acer sieboldianum
141.27174,38.803244,PRESERVED_SPECIMEN,Acer pseudosieboldianum,Acer sieboldianum
139.003097,35.265774,PRESERVED_SPECIMEN,Acer pseudosieboldianum,Acer sieboldianum
139.003097,35.299101,PRESERVED_SPECIMEN,Acer pseudosieboldianum,Acer sieboldianum
139.067019,35.173611,PRESERVED_SPECIMEN,Acer pseudosieboldianum,Acer sieboldianum
139.003099,35.232445,PRESERVED_SPECIMEN,Acer pseudosieboldianum,Acer sieboldianum
139.065589,35.290772,PRESERVED_SPECIMEN,Acer pseudosieboldianum,Acer sieboldianum
134.585556,35.271917,PRESERVED_SPECIMEN,Acer pseudosieboldianum,Acer sieboldianum
139.165574,35.482418,PRESERVED_SPECIMEN,Acer pseudosieboldianum,Acer sieboldianum
139.178074,35.449089,PRESERVED_SPECIMEN,Acer pseudosieboldianum,Acer sieboldianum
139.990508,35.2408,PRESERVED_SPECIMEN,Acer pseudosieboldianum,Acer sieboldianum
138.862841,35.799031,PRESERVED_SPECIMEN,Acer pseudosieboldianum,Acer sieboldianum
141.347485,39.285626,PRESERVED_SPECIMEN,Acer pseudosieboldianum,Acer sieboldianum
138.953706,35.401381,PRESERVED_SPECIMEN,Acer pseudosieboldianum,Acer sieboldianum
139.065589,35.290772,PRESERVED_SPECIMEN,Acer pseudosieboldianum,Acer sieboldianum
139.153198,35.532497,PRESERVED_SPECIMEN,Acer pseudosieboldianum,Acer sieboldianum
139.165695,35.532497,PRESERVED_SPECIMEN,Acer pseudosieboldianum,Acer sieboldianum
138.16527,36.20765,PRESERVED_SPECIMEN,Acer pseudosieboldianum,Acer sieboldianum
137.86246,35.27918,PRESERVED_SPECIMEN,Acer pseudosieboldianum,Acer sieboldianum
137.565,35.583,HUMAN_OBSERVATION,Acer pseudosieboldianum,Acer sieboldianum
137.565,35.583,HUMAN_OBSERVATION,Acer pseudosieboldianum,Acer sieboldianum
137.565,35.583,HUMAN_OBSERVATION,Acer pseudosieboldianum,Acer sieboldianum
137.565,35.583,HUMAN_OBSERVATION,Acer pseudosieboldianum,Acer sieboldianum
137.565,35.583,HUMAN_OBSERVATION,Acer pseudosieboldianum,Acer sieboldianum
137.565,35.583,HUMAN_OBSERVATION,Acer pseudosieboldianum,Acer sieboldianum
137.565,35.583,HUMAN_OBSERVATION,Acer pseudosieboldianum,Acer sieboldianum
137.565,35.583,HUMAN_OBSERVATION,Acer pseudosieboldianum,Acer sieboldianum
140.855,39.111,HUMAN_OBSERVATION,Acer pseudosieboldianum,Acer sieboldianum
140.855,39.111,HUMAN_OBSERVATION,Acer pseudosieboldianum,Acer sieboldianum
140.855,39.109,HUMAN_OBSERVATION,Acer pseudosieboldianum,Acer sieboldianum
140.855,39.109,HUMAN_OBSERVATION,Acer pseudosieboldianum,Acer sieboldianum
140.855,39.109,HUMAN_OBSERVATION,Acer pseudosieboldianum,Acer sieboldianum
140.855,39.109,HUMAN_OBSERVATION,Acer pseudosieboldianum,Acer sieboldianum
140.855,39.109,HUMAN_OBSERVATION,Acer pseudosieboldianum,Acer sieboldianum
140.855,39.109,HUMAN_OBSERVATION,Acer pseudosieboldianum,Acer sieboldianum
140.855,39.109,HUMAN_OBSERVATION,Acer pseudosieboldianum,Acer sieboldianum
140.855,39.109,HUMAN_OBSERVATION,Acer pseudosieboldianum,Acer sieboldianum
140.855,39.109,HUMAN_OBSERVATION,Acer pseudosieboldianum,Acer sieboldianum
140.855,39.109,HUMAN_OBSERVATION,Acer pseudosieboldianum,Acer sieboldianum
140.855,39.109,HUMAN_OBSERVATION,Acer pseudosieboldianum,Acer sieboldianum
137.565,35.583,HUMAN_OBSERVATION,Acer pseudosieboldianum,Acer sieboldianum
137.565,35.583,HUMAN_OBSERVATION,Acer pseudosieboldianum,Acer sieboldianum
137.565,35.583,HUMAN_OBSERVATION,Acer pseudosieboldianum,Acer sieboldianum
139.42,36.545,HUMAN_OBSERVATION,Acer pseudosieboldianum,Acer sieboldianum
140.855,39.111,HUMAN_OBSERVATION,Acer pseudosieboldianum,Acer sieboldianum
140.855,39.109,HUMAN_OBSERVATION,Acer pseudosieboldianum,Acer sieboldianum
140.855,39.109,HUMAN_OBSERVATION,Acer pseudosieboldianum,Acer sieboldianum
140.855,39.109,HUMAN_OBSERVATION,Acer pseudosieboldianum,Acer sieboldianum
140.855,39.109,HUMAN_OBSERVATION,Acer pseudosieboldianum,Acer sieboldianum
139.42,36.545,HUMAN_OBSERVATION,Acer pseudosieboldianum,Acer sieboldianum
139.153076,35.432423,PRESERVED_SPECIMEN,Acer pseudosieboldianum,Acer sieboldianum
139.065584,35.49908,PRESERVED_SPECIMEN,Acer pseudosieboldianum,Acer sieboldianum
134.50625,35.445833,PRESERVED_SPECIMEN,Acer pseudosieboldianum,Acer sieboldianum
139.153198,35.649166,PRESERVED_SPECIMEN,Acer pseudosieboldianum,Acer sieboldianum
141.0521,38.9904,PRESERVED_SPECIMEN,Acer pseudosieboldianum,Acer sieboldianum
140.914,40.155222,PRESERVED_SPECIMEN,Acer pseudosieboldianum,Acer sieboldianum
139.22807,35.432426,PRESERVED_SPECIMEN,Acer pseudosieboldianum,Acer sieboldianum
139.33548,35.55605,PRESERVED_SPECIMEN,Acer pseudosieboldianum,Acer sieboldianum
138.13321,36.69337,PRESERVED_SPECIMEN,Acer pseudosieboldianum,Acer sieboldianum
138.13321,36.53367,PRESERVED_SPECIMEN,Acer pseudosieboldianum,Acer sieboldianum
140.83801,38.267005,HUMAN_OBSERVATION,Acer pseudosieboldianum,Acer sieboldianum
132.903706,33.415867,PRESERVED_SPECIMEN,Acer pseudosieboldianum,Acer sieboldianum
136.093623,35.659456,HUMAN_OBSERVATION,Acer pseudosieboldianum,Acer sieboldianum
137.092528,36.201972,PRESERVED_SPECIMEN,Acer pseudosieboldianum,Acer sieboldianum
140.890271,39.207031,PRESERVED_SPECIMEN,Acer pseudosieboldianum,Acer sieboldianum
140.890271,39.207031,PRESERVED_SPECIMEN,Acer pseudosieboldianum,Acer sieboldianum
136.093623,35.659456,HUMAN_OBSERVATION,Acer pseudosieboldianum,Acer sieboldianum
141.0519,38.9917,PRESERVED_SPECIMEN,Acer pseudosieboldianum,Acer sieboldianum
139.42,36.545,HUMAN_OBSERVATION,Acer pseudosieboldianum,Acer sieboldianum
139.42,36.545,HUMAN_OBSERVATION,Acer pseudosieboldianum,Acer sieboldianum
135.917222,35.406389,PRESERVED_SPECIMEN,Acer pseudosieboldianum,Acer sieboldianum
139.028093,35.307435,PRESERVED_SPECIMEN,Acer pseudosieboldianum,Acer sieboldianum
139.065589,35.290772,PRESERVED_SPECIMEN,Acer pseudosieboldianum,Acer sieboldianum
139.028093,35.307435,PRESERVED_SPECIMEN,Acer pseudosieboldianum,Acer sieboldianum
140.855,39.111,HUMAN_OBSERVATION,Acer pseudosieboldianum,Acer sieboldianum
140.855,39.111,HUMAN_OBSERVATION,Acer pseudosieboldianum,Acer sieboldianum
140.855,39.111,HUMAN_OBSERVATION,Acer pseudosieboldianum,Acer sieboldianum
140.064167,37.669167,PRESERVED_SPECIMEN,Acer pseudosieboldianum,Acer sieboldianum
136.093623,35.659456,HUMAN_OBSERVATION,Acer pseudosieboldianum,Acer sieboldianum
140.0825,37.677778000000004,PRESERVED_SPECIMEN,Acer pseudosieboldianum,Acer sieboldianum
138.83144,35.25694,PRESERVED_SPECIMEN,Acer pseudosieboldianum,Acer sieboldianum
138.824,35.2597,PRESERVED_SPECIMEN,Acer pseudosieboldianum,Acer sieboldianum
138.78291,35.27818,PRESERVED_SPECIMEN,Acer pseudosieboldianum,Acer sieboldianum
139.616667,37.214167,PRESERVED_SPECIMEN,Acer pseudosieboldianum,Acer sieboldianum
139.215571,35.424094,PRESERVED_SPECIMEN,Acer pseudosieboldianum,Acer sieboldianum
137.86246,36.20765,PRESERVED_SPECIMEN,Acer pseudosieboldianum,Acer sieboldianum
138.47711,36.24886,PRESERVED_SPECIMEN,Acer pseudosieboldianum,Acer sieboldianum
138.47711,36.24886,PRESERVED_SPECIMEN,Acer pseudosieboldianum,Acer sieboldianum
139.250278,36.936111,PRESERVED_SPECIMEN,Acer pseudosieboldianum,Acer sieboldianum
138.06596,36.77427,PRESERVED_SPECIMEN,Acer pseudosieboldianum,Acer sieboldianum
138.11951,36.53367,PRESERVED_SPECIMEN,Acer pseudosieboldianum,Acer sieboldianum
138.2493,36.03875,PRESERVED_SPECIMEN,Acer pseudosieboldianum,Acer sieboldianum
139.42,36.545,HUMAN_OBSERVATION,Acer pseudosieboldianum,Acer sieboldianum
139.42,36.545,HUMAN_OBSERVATION,Acer pseudosieboldianum,Acer sieboldianum
140.45625,40.429167,PRESERVED_SPECIMEN,Acer pseudosieboldianum,Acer sieboldianum
141.03125,39.5125,PRESERVED_SPECIMEN,Acer pseudosieboldianum,Acer sieboldianum
141.03125,39.520833,PRESERVED_SPECIMEN,Acer pseudosieboldianum,Acer sieboldianum
140.855,39.111,HUMAN_OBSERVATION,Acer pseudosieboldianum,Acer sieboldianum
140.855,39.111,HUMAN_OBSERVATION,Acer pseudosieboldianum,Acer sieboldianum
140.855,39.111,HUMAN_OBSERVATION,Acer pseudosieboldianum,Acer sieboldianum
138.310194,35.955361,LIVING_SPECIMEN,Acer pseudosieboldianum,Acer sieboldianum
139.106944,35.51,PRESERVED_SPECIMEN,Acer pseudosieboldianum,Acer sieboldianum
138.310278,35.955278,PRESERVED_SPECIMEN,Acer pseudosieboldianum,Acer sieboldianum
139.106949,35.509998,PRESERVED_SPECIMEN,Acer pseudosieboldianum,Acer sieboldianum
138.19467,36.64853,PRESERVED_SPECIMEN,Acer pseudosieboldianum,Acer sieboldianum
138.31334,36.16038,PRESERVED_SPECIMEN,Acer pseudosieboldianum,Acer sieboldianum
139.178069,35.632399,PRESERVED_SPECIMEN,Acer pseudosieboldianum,Acer sieboldianum
137.285264,35.142736,PRESERVED_SPECIMEN,Acer pseudosieboldianum,Acer sieboldianum
131.50421,32.27733,PRESERVED_SPECIMEN,Acer pseudosieboldianum,Acer sieboldianum
132.60625,33.204167,PRESERVED_SPECIMEN,Acer pseudosieboldianum,Acer sieboldianum
132.61,33.2,PRESERVED_SPECIMEN,Acer pseudosieboldianum,Acer sieboldianum
132.6089,33.1968,PRESERVED_SPECIMEN,Acer pseudosieboldianum,Acer sieboldianum
132.608,33.2,MATERIAL_SAMPLE,Acer pseudosieboldianum,Acer sieboldianum
138.9493,36.8161,PRESERVED_SPECIMEN,Acer pseudosieboldianum,Acer sieboldianum
138.52658,36.51491,PRESERVED_SPECIMEN,Acer pseudosieboldianum,Acer sieboldianum
139.42,36.545,HUMAN_OBSERVATION,Acer pseudosieboldianum,Acer sieboldianum
139.42,36.545,HUMAN_OBSERVATION,Acer pseudosieboldianum,Acer sieboldianum
139.090278,36.835278,PRESERVED_SPECIMEN,Acer pseudosieboldianum,Acer sieboldianum
140.10625,38.7875,PRESERVED_SPECIMEN,Acer pseudosieboldianum,Acer sieboldianum
141.9,39.39,PRESERVED_SPECIMEN,Acer pseudosieboldianum,Acer sieboldianum
140.11,38.79,PRESERVED_SPECIMEN,Acer pseudosieboldianum,Acer sieboldianum
140.1094,38.7856,PRESERVED_SPECIMEN,Acer pseudosieboldianum,Acer sieboldianum
140.11,38.79,MATERIAL_SAMPLE,Acer pseudosieboldianum,Acer sieboldianum
140.855,39.111,HUMAN_OBSERVATION,Acer pseudosieboldianum,Acer sieboldianum
140.855,39.111,HUMAN_OBSERVATION,Acer pseudosieboldianum,Acer sieboldianum
140.855,39.111,HUMAN_OBSERVATION,Acer pseudosieboldianum,Acer sieboldianum
138.36539,36.85078,PRESERVED_SPECIMEN,Acer pseudosieboldianum,Acer sieboldianum
137.565,35.583,HUMAN_OBSERVATION,Acer pseudosieboldianum,Acer sieboldianum
137.565,35.583,HUMAN_OBSERVATION,Acer pseudosieboldianum,Acer sieboldianum
137.565,35.583,HUMAN_OBSERVATION,Acer pseudosieboldianum,Acer sieboldianum
137.565,35.583,HUMAN_OBSERVATION,Acer pseudosieboldianum,Acer sieboldianum
137.565,35.583,HUMAN_OBSERVATION,Acer pseudosieboldianum,Acer sieboldianum
137.565,35.583,HUMAN_OBSERVATION,Acer pseudosieboldianum,Acer sieboldianum
137.565,35.583,HUMAN_OBSERVATION,Acer pseudosieboldianum,Acer sieboldianum
137.565,35.583,HUMAN_OBSERVATION,Acer pseudosieboldianum,Acer sieboldianum
137.565,35.583,HUMAN_OBSERVATION,Acer pseudosieboldianum,Acer sieboldianum
137.565,35.583,HUMAN_OBSERVATION,Acer pseudosieboldianum,Acer sieboldianum
137.565,35.583,HUMAN_OBSERVATION,Acer pseudosieboldianum,Acer sieboldianum
139.22807,35.324106,PRESERVED_SPECIMEN,Acer pseudosieboldianum,Acer sieboldianum
136.32,34.3,HUMAN_OBSERVATION,Acer pseudosieboldianum,Acer sieboldianum
139.15912,35.58836,PRESERVED_SPECIMEN,Acer pseudosieboldianum,Acer sieboldianum
137.24696,36.536425,PRESERVED_SPECIMEN,Acer pseudosieboldianum,Acer sieboldianum
137.24696,36.536425,PRESERVED_SPECIMEN,Acer pseudosieboldianum,Acer sieboldianum
132.853711,33.399201,PRESERVED_SPECIMEN,Acer pseudosieboldianum,Acer sieboldianum
137.8302867,35.4199387,PRESERVED_SPECIMEN,Acer pseudosieboldianum,Acer sieboldianum
137.080315,36.386438,PRESERVED_SPECIMEN,Acer pseudosieboldianum,Acer sieboldianum
130.555556,32.196944,PRESERVED_SPECIMEN,Acer pseudosieboldianum,Acer sieboldianum
140.930833,40.4875,PRESERVED_SPECIMEN,Acer pseudosieboldianum,Acer sieboldianum
137.957778,36.392222,PRESERVED_SPECIMEN,Acer pseudosieboldianum,Acer sieboldianum
139.5,36.88,HUMAN_OBSERVATION,Acer pseudosieboldianum,Acer sieboldianum
139.5,36.87,HUMAN_OBSERVATION,Acer pseudosieboldianum,Acer sieboldianum
139.8,36.99,HUMAN_OBSERVATION,Acer pseudosieboldianum,Acer sieboldianum
139.51,36.84,HUMAN_OBSERVATION,Acer pseudosieboldianum,Acer sieboldianum
139.5,36.87,HUMAN_OBSERVATION,Acer pseudosieboldianum,Acer sieboldianum
139.52,36.85,HUMAN_OBSERVATION,Acer pseudosieboldianum,Acer sieboldianum
139.79,37,HUMAN_OBSERVATION,Acer pseudosieboldianum,Acer sieboldianum
139.79,37.02,HUMAN_OBSERVATION,Acer pseudosieboldianum,Acer sieboldianum
139.78,37.01,HUMAN_OBSERVATION,Acer pseudosieboldianum,Acer sieboldianum
139.79,37,HUMAN_OBSERVATION,Acer pseudosieboldianum,Acer sieboldianum
139.79,37,HUMAN_OBSERVATION,Acer pseudosieboldianum,Acer sieboldianum
139.77,37.01,HUMAN_OBSERVATION,Acer pseudosieboldianum,Acer sieboldianum
139.81,37.01,HUMAN_OBSERVATION,Acer pseudosieboldianum,Acer sieboldianum
139.74,37,HUMAN_OBSERVATION,Acer pseudosieboldianum,Acer sieboldianum
139.81,37.01,HUMAN_OBSERVATION,Acer pseudosieboldianum,Acer sieboldianum
139.8,37.02,HUMAN_OBSERVATION,Acer pseudosieboldianum,Acer sieboldianum
139.81,37,HUMAN_OBSERVATION,Acer pseudosieboldianum,Acer sieboldianum
139.81,37.01,HUMAN_OBSERVATION,Acer pseudosieboldianum,Acer sieboldianum
139.5,36.87,HUMAN_OBSERVATION,Acer pseudosieboldianum,Acer sieboldianum
139.79,37.01,HUMAN_OBSERVATION,Acer pseudosieboldianum,Acer sieboldianum
139.75,37,HUMAN_OBSERVATION,Acer pseudosieboldianum,Acer sieboldianum
139.79,37.01,HUMAN_OBSERVATION,Acer pseudosieboldianum,Acer sieboldianum
139.79,37.01,HUMAN_OBSERVATION,Acer pseudosieboldianum,Acer sieboldianum
139.79,37,HUMAN_OBSERVATION,Acer pseudosieboldianum,Acer sieboldianum
139.79,37,HUMAN_OBSERVATION,Acer pseudosieboldianum,Acer sieboldianum
139.68,37.01,HUMAN_OBSERVATION,Acer pseudosieboldianum,Acer sieboldianum
139.77,37.01,HUMAN_OBSERVATION,Acer pseudosieboldianum,Acer sieboldianum
139.68,37.01,HUMAN_OBSERVATION,Acer pseudosieboldianum,Acer sieboldianum
139.68,37.01,HUMAN_OBSERVATION,Acer pseudosieboldianum,Acer sieboldianum
139.68,37.01,HUMAN_OBSERVATION,Acer pseudosieboldianum,Acer sieboldianum
139.68,37.02,HUMAN_OBSERVATION,Acer pseudosieboldianum,Acer sieboldianum
139.68,37.02,HUMAN_OBSERVATION,Acer pseudosieboldianum,Acer sieboldianum
139.68,37.01,HUMAN_OBSERVATION,Acer pseudosieboldianum,Acer sieboldianum
139.69,37.01,HUMAN_OBSERVATION,Acer pseudosieboldianum,Acer sieboldianum
139.69,37.01,HUMAN_OBSERVATION,Acer pseudosieboldianum,Acer sieboldianum
139.72,37.02,HUMAN_OBSERVATION,Acer pseudosieboldianum,Acer sieboldianum
139.71,37.01,HUMAN_OBSERVATION,Acer pseudosieboldianum,Acer sieboldianum
139.73,37.02,HUMAN_OBSERVATION,Acer pseudosieboldianum,Acer sieboldianum
133.04,35.01,HUMAN_OBSERVATION,Acer pseudosieboldianum,Acer sieboldianum
139.72,37.02,HUMAN_OBSERVATION,Acer pseudosieboldianum,Acer sieboldianum
139.73,37.02,HUMAN_OBSERVATION,Acer pseudosieboldianum,Acer sieboldianum
139.72,37.02,HUMAN_OBSERVATION,Acer pseudosieboldianum,Acer sieboldianum
139.72,37.02,HUMAN_OBSERVATION,Acer pseudosieboldianum,Acer sieboldianum
139.73,37.02,HUMAN_OBSERVATION,Acer pseudosieboldianum,Acer sieboldianum
139.75,37,HUMAN_OBSERVATION,Acer pseudosieboldianum,Acer sieboldianum
139.68,37.01,HUMAN_OBSERVATION,Acer pseudosieboldianum,Acer sieboldianum
139.69,37,HUMAN_OBSERVATION,Acer pseudosieboldianum,Acer sieboldianum
139.67,37.01,HUMAN_OBSERVATION,Acer pseudosieboldianum,Acer sieboldianum
133.02,35.17,HUMAN_OBSERVATION,Acer pseudosieboldianum,Acer sieboldianum
139.71,37.01,HUMAN_OBSERVATION,Acer pseudosieboldianum,Acer sieboldianum
133.03,35.13,HUMAN_OBSERVATION,Acer pseudosieboldianum,Acer sieboldianum
133.01,35.09,HUMAN_OBSERVATION,Acer pseudosieboldianum,Acer sieboldianum
133,35.08,HUMAN_OBSERVATION,Acer pseudosieboldianum,Acer sieboldianum
139.73,37.02,HUMAN_OBSERVATION,Acer pseudosieboldianum,Acer sieboldianum
139.72,37.01,HUMAN_OBSERVATION,Acer pseudosieboldianum,Acer sieboldianum
133.08,35.09,HUMAN_OBSERVATION,Acer pseudosieboldianum,Acer sieboldianum
133.08,35.09,HUMAN_OBSERVATION,Acer pseudosieboldianum,Acer sieboldianum
133.13,35.1,HUMAN_OBSERVATION,Acer pseudosieboldianum,Acer sieboldianum
133.48,35.23,HUMAN_OBSERVATION,Acer pseudosieboldianum,Acer sieboldianum
133.02,35.17,HUMAN_OBSERVATION,Acer pseudosieboldianum,Acer sieboldianum
133.47,35.23,HUMAN_OBSERVATION,Acer pseudosieboldianum,Acer sieboldianum
133.47,35.23,HUMAN_OBSERVATION,Acer pseudosieboldianum,Acer sieboldianum
133.48,35.18,HUMAN_OBSERVATION,Acer pseudosieboldianum,Acer sieboldianum
139.18,36.55,HUMAN_OBSERVATION,Acer pseudosieboldianum,Acer sieboldianum
139.15,36.53,HUMAN_OBSERVATION,Acer pseudosieboldianum,Acer sieboldianum
139.18,36.56,HUMAN_OBSERVATION,Acer pseudosieboldianum,Acer sieboldianum
133.05,35.04,HUMAN_OBSERVATION,Acer pseudosieboldianum,Acer sieboldianum
133.44,35.17,HUMAN_OBSERVATION,Acer pseudosieboldianum,Acer sieboldianum
133.18,35.15,HUMAN_OBSERVATION,Acer pseudosieboldianum,Acer sieboldianum
133.18,35.15,HUMAN_OBSERVATION,Acer pseudosieboldianum,Acer sieboldianum
139.17,36.54,HUMAN_OBSERVATION,Acer pseudosieboldianum,Acer sieboldianum
133.41,35.22,HUMAN_OBSERVATION,Acer pseudosieboldianum,Acer sieboldianum
139.18,36.58,HUMAN_OBSERVATION,Acer pseudosieboldianum,Acer sieboldianum
133.06,35.07,HUMAN_OBSERVATION,Acer pseudosieboldianum,Acer sieboldianum
133.18,35.16,HUMAN_OBSERVATION,Acer pseudosieboldianum,Acer sieboldianum
133,35.09,HUMAN_OBSERVATION,Acer pseudosieboldianum,Acer sieboldianum
133.07,35.05,HUMAN_OBSERVATION,Acer pseudosieboldianum,Acer sieboldianum
133.38,35.24,HUMAN_OBSERVATION,Acer pseudosieboldianum,Acer sieboldianum
133.05,35.07,HUMAN_OBSERVATION,Acer pseudosieboldianum,Acer sieboldianum
133.06,35.07,HUMAN_OBSERVATION,Acer pseudosieboldianum,Acer sieboldianum
133.05,35.07,HUMAN_OBSERVATION,Acer pseudosieboldianum,Acer sieboldianum
133.06,35.08,HUMAN_OBSERVATION,Acer pseudosieboldianum,Acer sieboldianum
133.23,35.1,HUMAN_OBSERVATION,Acer pseudosieboldianum,Acer sieboldianum
133.23,35.11,HUMAN_OBSERVATION,Acer pseudosieboldianum,Acer sieboldianum
138.88,36.97,HUMAN_OBSERVATION,Acer pseudosieboldianum,Acer sieboldianum
133.38,35.24,HUMAN_OBSERVATION,Acer pseudosieboldianum,Acer sieboldianum
138.87,37,HUMAN_OBSERVATION,Acer pseudosieboldianum,Acer sieboldianum
138.92,36.95,HUMAN_OBSERVATION,Acer pseudosieboldianum,Acer sieboldianum
139.09,36.82,HUMAN_OBSERVATION,Acer pseudosieboldianum,Acer sieboldianum
133.45,35.08,HUMAN_OBSERVATION,Acer pseudosieboldianum,Acer sieboldianum
139.05,36.85,HUMAN_OBSERVATION,Acer pseudosieboldianum,Acer sieboldianum
138.93,36.95,HUMAN_OBSERVATION,Acer pseudosieboldianum,Acer sieboldianum
139.08,36.87,HUMAN_OBSERVATION,Acer pseudosieboldianum,Acer sieboldianum
136.07,34.196,HUMAN_OBSERVATION,Acer pseudosieboldianum,Acer sieboldianum
136.07,34.196,HUMAN_OBSERVATION,Acer pseudosieboldianum,Acer sieboldianum
136.07,34.196,HUMAN_OBSERVATION,Acer pseudosieboldianum,Acer sieboldianum
136.083,34.194,HUMAN_OBSERVATION,Acer pseudosieboldianum,Acer sieboldianum
136.07,34.196,HUMAN_OBSERVATION,Acer pseudosieboldianum,Acer sieboldianum
139.52,36.96,HUMAN_OBSERVATION,Acer pseudosieboldianum,Acer sieboldianum
133.4,35.16,HUMAN_OBSERVATION,Acer pseudosieboldianum,Acer sieboldianum
139.53,36.92,HUMAN_OBSERVATION,Acer pseudosieboldianum,Acer sieboldianum
139.53,36.93,HUMAN_OBSERVATION,Acer pseudosieboldianum,Acer sieboldianum
139.52,36.95,HUMAN_OBSERVATION,Acer pseudosieboldianum,Acer sieboldianum
139.53,36.93,HUMAN_OBSERVATION,Acer pseudosieboldianum,Acer sieboldianum
139.64,36.98,HUMAN_OBSERVATION,Acer pseudosieboldianum,Acer sieboldianum
139.64,36.99,HUMAN_OBSERVATION,Acer pseudosieboldianum,Acer sieboldianum
139.63,36.99,HUMAN_OBSERVATION,Acer pseudosieboldianum,Acer sieboldianum
139.64,36.98,HUMAN_OBSERVATION,Acer pseudosieboldianum,Acer sieboldianum
133.19,35.03,HUMAN_OBSERVATION,Acer pseudosieboldianum,Acer sieboldianum
139.64,36.98,HUMAN_OBSERVATION,Acer pseudosieboldianum,Acer sieboldianum
133.2,35.03,HUMAN_OBSERVATION,Acer pseudosieboldianum,Acer sieboldianum
139.64,36.98,HUMAN_OBSERVATION,Acer pseudosieboldianum,Acer sieboldianum
139.64,36.98,HUMAN_OBSERVATION,Acer pseudosieboldianum,Acer sieboldianum
139.64,36.99,HUMAN_OBSERVATION,Acer pseudosieboldianum,Acer sieboldianum
139.75,37.07,HUMAN_OBSERVATION,Acer pseudosieboldianum,Acer sieboldianum
139.73,37.08,HUMAN_OBSERVATION,Acer pseudosieboldianum,Acer sieboldianum
139.75,37.07,HUMAN_OBSERVATION,Acer pseudosieboldianum,Acer sieboldianum
139.52,36.96,HUMAN_OBSERVATION,Acer pseudosieboldianum,Acer sieboldianum
139.52,36.96,HUMAN_OBSERVATION,Acer pseudosieboldianum,Acer sieboldianum
139.73,37.1,HUMAN_OBSERVATION,Acer pseudosieboldianum,Acer sieboldianum
139.73,37.03,HUMAN_OBSERVATION,Acer pseudosieboldianum,Acer sieboldianum
139.73,37.05,HUMAN_OBSERVATION,Acer pseudosieboldianum,Acer sieboldianum
139.63,36.99,HUMAN_OBSERVATION,Acer pseudosieboldianum,Acer sieboldianum
138.92,35.83,HUMAN_OBSERVATION,Acer pseudosieboldianum,Acer sieboldianum
138.92,35.83,HUMAN_OBSERVATION,Acer pseudosieboldianum,Acer sieboldianum
133.14,35.04,HUMAN_OBSERVATION,Acer pseudosieboldianum,Acer sieboldianum
138.61,35.5,HUMAN_OBSERVATION,Acer pseudosieboldianum,Acer sieboldianum
139.71,37.11,HUMAN_OBSERVATION,Acer pseudosieboldianum,Acer sieboldianum
133.15,35.04,HUMAN_OBSERVATION,Acer pseudosieboldianum,Acer sieboldianum
138.84,35.73,HUMAN_OBSERVATION,Acer pseudosieboldianum,Acer sieboldianum
138.9,37.06,HUMAN_OBSERVATION,Acer pseudosieboldianum,Acer sieboldianum
138.96,36.75,HUMAN_OBSERVATION,Acer pseudosieboldianum,Acer sieboldianum
138.85,35.66,HUMAN_OBSERVATION,Acer pseudosieboldianum,Acer sieboldianum
138.93,36.73,HUMAN_OBSERVATION,Acer pseudosieboldianum,Acer sieboldianum
138.93,36.74,HUMAN_OBSERVATION,Acer pseudosieboldianum,Acer sieboldianum
138.88,37.02,HUMAN_OBSERVATION,Acer pseudosieboldianum,Acer sieboldianum
138.89,37.02,HUMAN_OBSERVATION,Acer pseudosieboldianum,Acer sieboldianum
138.94,37.07,HUMAN_OBSERVATION,Acer pseudosieboldianum,Acer sieboldianum
138.94,37.07,HUMAN_OBSERVATION,Acer pseudosieboldianum,Acer sieboldianum
138.93,37.07,HUMAN_OBSERVATION,Acer pseudosieboldianum,Acer sieboldianum
138.93,37.08,HUMAN_OBSERVATION,Acer pseudosieboldianum,Acer sieboldianum
138.89,37.06,HUMAN_OBSERVATION,Acer pseudosieboldianum,Acer sieboldianum
138.85,35.71,HUMAN_OBSERVATION,Acer pseudosieboldianum,Acer sieboldianum
139.61,37.01,HUMAN_OBSERVATION,Acer pseudosieboldianum,Acer sieboldianum
139.61,37.01,HUMAN_OBSERVATION,Acer pseudosieboldianum,Acer sieboldianum
139.59,36.94,HUMAN_OBSERVATION,Acer pseudosieboldianum,Acer sieboldianum
139.61,37,HUMAN_OBSERVATION,Acer pseudosieboldianum,Acer sieboldianum
139.59,36.94,HUMAN_OBSERVATION,Acer pseudosieboldianum,Acer sieboldianum
139.61,37,HUMAN_OBSERVATION,Acer pseudosieboldianum,Acer sieboldianum
139.61,37.01,HUMAN_OBSERVATION,Acer pseudosieboldianum,Acer sieboldianum
139.61,37.01,HUMAN_OBSERVATION,Acer pseudosieboldianum,Acer sieboldianum
138.93,37.07,HUMAN_OBSERVATION,Acer pseudosieboldianum,Acer sieboldianum
138.97,36.84,HUMAN_OBSERVATION,Acer pseudosieboldianum,Acer sieboldianum
138.97,36.84,HUMAN_OBSERVATION,Acer pseudosieboldianum,Acer sieboldianum
138.97,36.84,HUMAN_OBSERVATION,Acer pseudosieboldianum,Acer sieboldianum
139.03,36.95,HUMAN_OBSERVATION,Acer pseudosieboldianum,Acer sieboldianum
138.97,36.69,HUMAN_OBSERVATION,Acer pseudosieboldianum,Acer sieboldianum
139.04,36.9,HUMAN_OBSERVATION,Acer pseudosieboldianum,Acer sieboldianum
138.89,36.74,HUMAN_OBSERVATION,Acer pseudosieboldianum,Acer sieboldianum
139.03,36.86,HUMAN_OBSERVATION,Acer pseudosieboldianum,Acer sieboldianum
139.04,36.86,HUMAN_OBSERVATION,Acer pseudosieboldianum,Acer sieboldianum
139.08,36.68,HUMAN_OBSERVATION,Acer pseudosieboldianum,Acer sieboldianum
138.89,35.71,HUMAN_OBSERVATION,Acer pseudosieboldianum,Acer sieboldianum
138.9,35.71,HUMAN_OBSERVATION,Acer pseudosieboldianum,Acer sieboldianum
139.08,36.74,HUMAN_OBSERVATION,Acer pseudosieboldianum,Acer sieboldianum
139.08,36.73,HUMAN_OBSERVATION,Acer pseudosieboldianum,Acer sieboldianum
138.9,36.78,HUMAN_OBSERVATION,Acer pseudosieboldianum,Acer sieboldianum
139.4,36.88,HUMAN_OBSERVATION,Acer pseudosieboldianum,Acer sieboldianum
139.02,36.72,HUMAN_OBSERVATION,Acer pseudosieboldianum,Acer sieboldianum
138.9,35.71,HUMAN_OBSERVATION,Acer pseudosieboldianum,Acer sieboldianum
139.02,36.72,HUMAN_OBSERVATION,Acer pseudosieboldianum,Acer sieboldianum
138.85,35.63,HUMAN_OBSERVATION,Acer pseudosieboldianum,Acer sieboldianum
139.02,36.72,HUMAN_OBSERVATION,Acer pseudosieboldianum,Acer sieboldianum
138.85,35.63,HUMAN_OBSERVATION,Acer pseudosieboldianum,Acer sieboldianum
138.85,35.64,HUMAN_OBSERVATION,Acer pseudosieboldianum,Acer sieboldianum
138.9,35.71,HUMAN_OBSERVATION,Acer pseudosieboldianum,Acer sieboldianum
139.15,36.68,HUMAN_OBSERVATION,Acer pseudosieboldianum,Acer sieboldianum
139.13,36.74,HUMAN_OBSERVATION,Acer pseudosieboldianum,Acer sieboldianum
139.4,36.88,HUMAN_OBSERVATION,Acer pseudosieboldianum,Acer sieboldianum
139.23,36.83,HUMAN_OBSERVATION,Acer pseudosieboldianum,Acer sieboldianum
139,36.58,HUMAN_OBSERVATION,Acer pseudosieboldianum,Acer sieboldianum
138.94,36.58,HUMAN_OBSERVATION,Acer pseudosieboldianum,Acer sieboldianum
139.54,36.91,HUMAN_OBSERVATION,Acer pseudosieboldianum,Acer sieboldianum
139.54,36.91,HUMAN_OBSERVATION,Acer pseudosieboldianum,Acer sieboldianum
139.54,36.92,HUMAN_OBSERVATION,Acer pseudosieboldianum,Acer sieboldianum
139.6,36.98,HUMAN_OBSERVATION,Acer pseudosieboldianum,Acer sieboldianum
138.86,35.63,HUMAN_OBSERVATION,Acer pseudosieboldianum,Acer sieboldianum
139.02,36.72,HUMAN_OBSERVATION,Acer pseudosieboldianum,Acer sieboldianum
139.6,36.98,HUMAN_OBSERVATION,Acer pseudosieboldianum,Acer sieboldianum
133.37,35.21,HUMAN_OBSERVATION,Acer pseudosieboldianum,Acer sieboldianum
139.09,36.56,HUMAN_OBSERVATION,Acer pseudosieboldianum,Acer sieboldianum
139.13,36.76,HUMAN_OBSERVATION,Acer pseudosieboldianum,Acer sieboldianum
139.08,36.76,HUMAN_OBSERVATION,Acer pseudosieboldianum,Acer sieboldianum
139.75,37.07,HUMAN_OBSERVATION,Acer pseudosieboldianum,Acer sieboldianum
139.66,36.99,HUMAN_OBSERVATION,Acer pseudosieboldianum,Acer sieboldianum
139.65,37,HUMAN_OBSERVATION,Acer pseudosieboldianum,Acer sieboldianum
139.65,37,HUMAN_OBSERVATION,Acer pseudosieboldianum,Acer sieboldianum
133.22,35.07,HUMAN_OBSERVATION,Acer pseudosieboldianum,Acer sieboldianum
139.66,36.99,HUMAN_OBSERVATION,Acer pseudosieboldianum,Acer sieboldianum
139.66,37,HUMAN_OBSERVATION,Acer pseudosieboldianum,Acer sieboldianum
138.96,35.83,HUMAN_OBSERVATION,Acer pseudosieboldianum,Acer sieboldianum
139.66,37,HUMAN_OBSERVATION,Acer pseudosieboldianum,Acer sieboldianum
139.07,36.78,HUMAN_OBSERVATION,Acer pseudosieboldianum,Acer sieboldianum
139.75,37.07,HUMAN_OBSERVATION,Acer pseudosieboldianum,Acer sieboldianum
139.75,37.07,HUMAN_OBSERVATION,Acer pseudosieboldianum,Acer sieboldianum
139.65,37,HUMAN_OBSERVATION,Acer pseudosieboldianum,Acer sieboldianum
138.97,35.8,HUMAN_OBSERVATION,Acer pseudosieboldianum,Acer sieboldianum
139.65,37,HUMAN_OBSERVATION,Acer pseudosieboldianum,Acer sieboldianum
139.42,36.545,HUMAN_OBSERVATION,Acer pseudosieboldianum,Acer sieboldianum
139.04399,36.64589,PRESERVED_SPECIMEN,Acer pseudosieboldianum,Acer sieboldianum
133.27,35.21,HUMAN_OBSERVATION,Acer pseudosieboldianum,Acer sieboldianum
133.11,35.22,HUMAN_OBSERVATION,Acer pseudosieboldianum,Acer sieboldianum
133.1,35.21,HUMAN_OBSERVATION,Acer pseudosieboldianum,Acer sieboldianum
133.28,35.19,HUMAN_OBSERVATION,Acer pseudosieboldianum,Acer sieboldianum
139.47,36.62,HUMAN_OBSERVATION,Acer pseudosieboldianum,Acer sieboldianum
139.48,36.62,HUMAN_OBSERVATION,Acer pseudosieboldianum,Acer sieboldianum
139.27,36.64,HUMAN_OBSERVATION,Acer pseudosieboldianum,Acer sieboldianum
139.23,36.6,HUMAN_OBSERVATION,Acer pseudosieboldianum,Acer sieboldianum
139.41,36.65,HUMAN_OBSERVATION,Acer pseudosieboldianum,Acer sieboldianum
139.38,36.63,HUMAN_OBSERVATION,Acer pseudosieboldianum,Acer sieboldianum
138.94,35.92,HUMAN_OBSERVATION,Acer pseudosieboldianum,Acer sieboldianum
133.1,35.03,HUMAN_OBSERVATION,Acer pseudosieboldianum,Acer sieboldianum
133.15,35.19,HUMAN_OBSERVATION,Acer pseudosieboldianum,Acer sieboldianum
133.08,35.07,HUMAN_OBSERVATION,Acer pseudosieboldianum,Acer sieboldianum
139.46,36.62,HUMAN_OBSERVATION,Acer pseudosieboldianum,Acer sieboldianum
138.94,35.92,HUMAN_OBSERVATION,Acer pseudosieboldianum,Acer sieboldianum
138.95,35.9,HUMAN_OBSERVATION,Acer pseudosieboldianum,Acer sieboldianum
138.93,35.84,HUMAN_OBSERVATION,Acer pseudosieboldianum,Acer sieboldianum
133.27,34.98,HUMAN_OBSERVATION,Acer pseudosieboldianum,Acer sieboldianum
138.95,35.92,HUMAN_OBSERVATION,Acer pseudosieboldianum,Acer sieboldianum
138.91,35.84,HUMAN_OBSERVATION,Acer pseudosieboldianum,Acer sieboldianum
138.91,35.84,HUMAN_OBSERVATION,Acer pseudosieboldianum,Acer sieboldianum
136.17,34.53,HUMAN_OBSERVATION,Acer pseudosieboldianum,Acer sieboldianum
133.35,35.13,HUMAN_OBSERVATION,Acer pseudosieboldianum,Acer sieboldianum
136.17,34.53,HUMAN_OBSERVATION,Acer pseudosieboldianum,Acer sieboldianum
138.95,35.9,HUMAN_OBSERVATION,Acer pseudosieboldianum,Acer sieboldianum
133.36,35.13,HUMAN_OBSERVATION,Acer pseudosieboldianum,Acer sieboldianum
133.44,35.27,HUMAN_OBSERVATION,Acer pseudosieboldianum,Acer sieboldianum
136.17,34.53,HUMAN_OBSERVATION,Acer pseudosieboldianum,Acer sieboldianum
136.17,34.53,HUMAN_OBSERVATION,Acer pseudosieboldianum,Acer sieboldianum
133.05,35.01,HUMAN_OBSERVATION,Acer pseudosieboldianum,Acer sieboldianum
138.91,35.83,HUMAN_OBSERVATION,Acer pseudosieboldianum,Acer sieboldianum
138.91,35.81,HUMAN_OBSERVATION,Acer pseudosieboldianum,Acer sieboldianum
138.91,35.8,HUMAN_OBSERVATION,Acer pseudosieboldianum,Acer sieboldianum
138.92,35.84,HUMAN_OBSERVATION,Acer pseudosieboldianum,Acer sieboldianum
138.91,35.82,HUMAN_OBSERVATION,Acer pseudosieboldianum,Acer sieboldianum
138.91,35.81,HUMAN_OBSERVATION,Acer pseudosieboldianum,Acer sieboldianum
133.2,35.04,HUMAN_OBSERVATION,Acer pseudosieboldianum,Acer sieboldianum
138.92,35.84,HUMAN_OBSERVATION,Acer pseudosieboldianum,Acer sieboldianum
138.92,35.83,HUMAN_OBSERVATION,Acer pseudosieboldianum,Acer sieboldianum
139.25,36.68,HUMAN_OBSERVATION,Acer pseudosieboldianum,Acer sieboldianum
133.32,35.16,HUMAN_OBSERVATION,Acer pseudosieboldianum,Acer sieboldianum
138.91,35.8,HUMAN_OBSERVATION,Acer pseudosieboldianum,Acer sieboldianum
138.91,35.8,HUMAN_OBSERVATION,Acer pseudosieboldianum,Acer sieboldianum
139.28,36.68,HUMAN_OBSERVATION,Acer pseudosieboldianum,Acer sieboldianum
139.42,36.54,HUMAN_OBSERVATION,Acer pseudosieboldianum,Acer sieboldianum
139.18,36.71,HUMAN_OBSERVATION,Acer pseudosieboldianum,Acer sieboldianum
138.96,36.76,HUMAN_OBSERVATION,Acer pseudosieboldianum,Acer sieboldianum
138.91,35.94,HUMAN_OBSERVATION,Acer pseudosieboldianum,Acer sieboldianum
139.04,37.06,HUMAN_OBSERVATION,Acer pseudosieboldianum,Acer sieboldianum
139.32,36.68,HUMAN_OBSERVATION,Acer pseudosieboldianum,Acer sieboldianum
139.27,36.68,HUMAN_OBSERVATION,Acer pseudosieboldianum,Acer sieboldianum
138.92,35.94,HUMAN_OBSERVATION,Acer pseudosieboldianum,Acer sieboldianum
138.93,35.93,HUMAN_OBSERVATION,Acer pseudosieboldianum,Acer sieboldianum
131.27,31.77,HUMAN_OBSERVATION,Acer pseudosieboldianum,Acer sieboldianum
139.01,37.08,HUMAN_OBSERVATION,Acer pseudosieboldianum,Acer sieboldianum
139,35.94,HUMAN_OBSERVATION,Acer pseudosieboldianum,Acer sieboldianum
139.19,36.01,HUMAN_OBSERVATION,Acer pseudosieboldianum,Acer sieboldianum
138.82,35.72,HUMAN_OBSERVATION,Acer pseudosieboldianum,Acer sieboldianum
138.77,35.78,HUMAN_OBSERVATION,Acer pseudosieboldianum,Acer sieboldianum
138.76,35.79,HUMAN_OBSERVATION,Acer pseudosieboldianum,Acer sieboldianum
138.79,35.68,HUMAN_OBSERVATION,Acer pseudosieboldianum,Acer sieboldianum
138.79,35.69,HUMAN_OBSERVATION,Acer pseudosieboldianum,Acer sieboldianum
138.82,35.69,HUMAN_OBSERVATION,Acer pseudosieboldianum,Acer sieboldianum
139.19,36.02,HUMAN_OBSERVATION,Acer pseudosieboldianum,Acer sieboldianum
138.84,35.73,HUMAN_OBSERVATION,Acer pseudosieboldianum,Acer sieboldianum
138.84,35.78,HUMAN_OBSERVATION,Acer pseudosieboldianum,Acer sieboldianum
136.2,34.54,HUMAN_OBSERVATION,Acer pseudosieboldianum,Acer sieboldianum
138.83,35.77,HUMAN_OBSERVATION,Acer pseudosieboldianum,Acer sieboldianum
138.85,35.81,HUMAN_OBSERVATION,Acer pseudosieboldianum,Acer sieboldianum
139.01,36.1,HUMAN_OBSERVATION,Acer pseudosieboldianum,Acer sieboldianum
138.86,35.82,HUMAN_OBSERVATION,Acer pseudosieboldianum,Acer sieboldianum
138.83,35.83,HUMAN_OBSERVATION,Acer pseudosieboldianum,Acer sieboldianum
138.84,35.78,HUMAN_OBSERVATION,Acer pseudosieboldianum,Acer sieboldianum
138.85,35.8,HUMAN_OBSERVATION,Acer pseudosieboldianum,Acer sieboldianum
138.84,35.8,HUMAN_OBSERVATION,Acer pseudosieboldianum,Acer sieboldianum
138.89,35.74,HUMAN_OBSERVATION,Acer pseudosieboldianum,Acer sieboldianum
138.92,35.75,HUMAN_OBSERVATION,Acer pseudosieboldianum,Acer sieboldianum
138.92,35.74,HUMAN_OBSERVATION,Acer pseudosieboldianum,Acer sieboldianum
138.89,35.74,HUMAN_OBSERVATION,Acer pseudosieboldianum,Acer sieboldianum
138.92,35.77,HUMAN_OBSERVATION,Acer pseudosieboldianum,Acer sieboldianum
138.91,35.68,HUMAN_OBSERVATION,Acer pseudosieboldianum,Acer sieboldianum
138.93,35.67,HUMAN_OBSERVATION,Acer pseudosieboldianum,Acer sieboldianum
138.93,35.71,HUMAN_OBSERVATION,Acer pseudosieboldianum,Acer sieboldianum
138.96,35.74,HUMAN_OBSERVATION,Acer pseudosieboldianum,Acer sieboldianum
138.95,35.73,HUMAN_OBSERVATION,Acer pseudosieboldianum,Acer sieboldianum
138.95,35.75,HUMAN_OBSERVATION,Acer pseudosieboldianum,Acer sieboldianum
138.96,35.74,HUMAN_OBSERVATION,Acer pseudosieboldianum,Acer sieboldianum
138.89,35.74,HUMAN_OBSERVATION,Acer pseudosieboldianum,Acer sieboldianum
138.88,36.48,HUMAN_OBSERVATION,Acer pseudosieboldianum,Acer sieboldianum
133.28,35.04,HUMAN_OBSERVATION,Acer pseudosieboldianum,Acer sieboldianum
138.9,36.49,HUMAN_OBSERVATION,Acer pseudosieboldianum,Acer sieboldianum
139.37,36.53,HUMAN_OBSERVATION,Acer pseudosieboldianum,Acer sieboldianum
139.36,36.57,HUMAN_OBSERVATION,Acer pseudosieboldianum,Acer sieboldianum
139.36,36.52,HUMAN_OBSERVATION,Acer pseudosieboldianum,Acer sieboldianum
139.35,36.83,HUMAN_OBSERVATION,Acer pseudosieboldianum,Acer sieboldianum
138.94,35.72,HUMAN_OBSERVATION,Acer pseudosieboldianum,Acer sieboldianum
133.27,35.06,HUMAN_OBSERVATION,Acer pseudosieboldianum,Acer sieboldianum
139.4,36.54,HUMAN_OBSERVATION,Acer pseudosieboldianum,Acer sieboldianum
139.26,36.79,HUMAN_OBSERVATION,Acer pseudosieboldianum,Acer sieboldianum
139.26,36.8,HUMAN_OBSERVATION,Acer pseudosieboldianum,Acer sieboldianum
139.31,36.81,HUMAN_OBSERVATION,Acer pseudosieboldianum,Acer sieboldianum
133.26,35.07,HUMAN_OBSERVATION,Acer pseudosieboldianum,Acer sieboldianum
138.82,35.78,HUMAN_OBSERVATION,Acer pseudosieboldianum,Acer sieboldianum
139.3,36.61,HUMAN_OBSERVATION,Acer pseudosieboldianum,Acer sieboldianum
138.8,35.78,HUMAN_OBSERVATION,Acer pseudosieboldianum,Acer sieboldianum
138.82,35.75,HUMAN_OBSERVATION,Acer pseudosieboldianum,Acer sieboldianum
139.32,36.62,HUMAN_OBSERVATION,Acer pseudosieboldianum,Acer sieboldianum
139.46,36.57,HUMAN_OBSERVATION,Acer pseudosieboldianum,Acer sieboldianum
139.34,36.6,HUMAN_OBSERVATION,Acer pseudosieboldianum,Acer sieboldianum
139.37,36.59,HUMAN_OBSERVATION,Acer pseudosieboldianum,Acer sieboldianum
133.29,35.06,HUMAN_OBSERVATION,Acer pseudosieboldianum,Acer sieboldianum
138.84,35.75,HUMAN_OBSERVATION,Acer pseudosieboldianum,Acer sieboldianum
139.35,36.64,HUMAN_OBSERVATION,Acer pseudosieboldianum,Acer sieboldianum
139.39,36.54,HUMAN_OBSERVATION,Acer pseudosieboldianum,Acer sieboldianum
139.43,36.57,HUMAN_OBSERVATION,Acer pseudosieboldianum,Acer sieboldianum
138.83,35.73,HUMAN_OBSERVATION,Acer pseudosieboldianum,Acer sieboldianum
140.57867,39.227954,PRESERVED_SPECIMEN,Acer pseudosieboldianum,Acer sieboldianum
138.52658,36.53265,PRESERVED_SPECIMEN,Acer pseudosieboldianum,Acer sieboldianum
140.855,39.111,HUMAN_OBSERVATION,Acer pseudosieboldianum,Acer sieboldianum
140.855,39.111,HUMAN_OBSERVATION,Acer pseudosieboldianum,Acer sieboldianum
140.855,39.109,HUMAN_OBSERVATION,Acer pseudosieboldianum,Acer sieboldianum
140.855,39.109,HUMAN_OBSERVATION,Acer pseudosieboldianum,Acer sieboldianum
140.855,39.109,HUMAN_OBSERVATION,Acer pseudosieboldianum,Acer sieboldianum
140.855,39.109,HUMAN_OBSERVATION,Acer pseudosieboldianum,Acer sieboldianum
140.855,39.109,HUMAN_OBSERVATION,Acer pseudosieboldianum,Acer sieboldianum
140.855,39.109,HUMAN_OBSERVATION,Acer pseudosieboldianum,Acer sieboldianum
140.855,39.109,HUMAN_OBSERVATION,Acer pseudosieboldianum,Acer sieboldianum
140.855,39.109,HUMAN_OBSERVATION,Acer pseudosieboldianum,Acer sieboldianum
140.855,39.109,HUMAN_OBSERVATION,Acer pseudosieboldianum,Acer sieboldianum
140.855,39.109,HUMAN_OBSERVATION,Acer pseudosieboldianum,Acer sieboldianum
140.855,39.109,HUMAN_OBSERVATION,Acer pseudosieboldianum,Acer sieboldianum
140.855,39.111,HUMAN_OBSERVATION,Acer pseudosieboldianum,Acer sieboldianum
140.855,39.109,HUMAN_OBSERVATION,Acer pseudosieboldianum,Acer sieboldianum
140.855,39.109,HUMAN_OBSERVATION,Acer pseudosieboldianum,Acer sieboldianum
140.855,39.109,HUMAN_OBSERVATION,Acer pseudosieboldianum,Acer sieboldianum
140.855,39.109,HUMAN_OBSERVATION,Acer pseudosieboldianum,Acer sieboldianum
138.803056,35.792778,PRESERVED_SPECIMEN,Acer pseudosieboldianum,Acer sieboldianum
139.11,36.13,HUMAN_OBSERVATION,Acer pseudosieboldianum,Acer sieboldianum
133.3,35.02,HUMAN_OBSERVATION,Acer pseudosieboldianum,Acer sieboldianum
133.34,35.04,HUMAN_OBSERVATION,Acer pseudosieboldianum,Acer sieboldianum
133.33,35.04,HUMAN_OBSERVATION,Acer pseudosieboldianum,Acer sieboldianum
133.27,35.08,HUMAN_OBSERVATION,Acer pseudosieboldianum,Acer sieboldianum
133.32,35.03,HUMAN_OBSERVATION,Acer pseudosieboldianum,Acer sieboldianum
133.29,35.07,HUMAN_OBSERVATION,Acer pseudosieboldianum,Acer sieboldianum
133.29,35.07,HUMAN_OBSERVATION,Acer pseudosieboldianum,Acer sieboldianum
139.07,35.66,HUMAN_OBSERVATION,Acer pseudosieboldianum,Acer sieboldianum
136.09,34.51,HUMAN_OBSERVATION,Acer pseudosieboldianum,Acer sieboldianum
139.03,35.66,HUMAN_OBSERVATION,Acer pseudosieboldianum,Acer sieboldianum
133.29,35,HUMAN_OBSERVATION,Acer pseudosieboldianum,Acer sieboldianum
139.05,35.65,HUMAN_OBSERVATION,Acer pseudosieboldianum,Acer sieboldianum
139.05,35.65,HUMAN_OBSERVATION,Acer pseudosieboldianum,Acer sieboldianum
139.03,35.66,HUMAN_OBSERVATION,Acer pseudosieboldianum,Acer sieboldianum
139.09,35.91,HUMAN_OBSERVATION,Acer pseudosieboldianum,Acer sieboldianum
139.06,35.89,HUMAN_OBSERVATION,Acer pseudosieboldianum,Acer sieboldianum
136.43,34.55,HUMAN_OBSERVATION,Acer pseudosieboldianum,Acer sieboldianum
136.4,34.51,HUMAN_OBSERVATION,Acer pseudosieboldianum,Acer sieboldianum
133.32,35.06,HUMAN_OBSERVATION,Acer pseudosieboldianum,Acer sieboldianum
138.74,35.61,HUMAN_OBSERVATION,Acer pseudosieboldianum,Acer sieboldianum
130.88,31.13,HUMAN_OBSERVATION,Acer pseudosieboldianum,Acer sieboldianum
138.74,35.61,HUMAN_OBSERVATION,Acer pseudosieboldianum,Acer sieboldianum
136.18,34.34,HUMAN_OBSERVATION,Acer pseudosieboldianum,Acer sieboldianum
136.1,34.56,HUMAN_OBSERVATION,Acer pseudosieboldianum,Acer sieboldianum
138.55,35.75,HUMAN_OBSERVATION,Acer pseudosieboldianum,Acer sieboldianum
138.59,35.55,HUMAN_OBSERVATION,Acer pseudosieboldianum,Acer sieboldianum
135.98,34.35,HUMAN_OBSERVATION,Acer pseudosieboldianum,Acer sieboldianum
135.98,34.35,HUMAN_OBSERVATION,Acer pseudosieboldianum,Acer sieboldianum
135.98,34.35,HUMAN_OBSERVATION,Acer pseudosieboldianum,Acer sieboldianum
131.21,31.72,HUMAN_OBSERVATION,Acer pseudosieboldianum,Acer sieboldianum
135.98,34.35,HUMAN_OBSERVATION,Acer pseudosieboldianum,Acer sieboldianum
133.22,34.95,HUMAN_OBSERVATION,Acer pseudosieboldianum,Acer sieboldianum
133.24,34.99,HUMAN_OBSERVATION,Acer pseudosieboldianum,Acer sieboldianum
138.88,35.64,HUMAN_OBSERVATION,Acer pseudosieboldianum,Acer sieboldianum
138.88,35.66,HUMAN_OBSERVATION,Acer pseudosieboldianum,Acer sieboldianum
138.88,35.65,HUMAN_OBSERVATION,Acer pseudosieboldianum,Acer sieboldianum
133.18,35,HUMAN_OBSERVATION,Acer pseudosieboldianum,Acer sieboldianum
133.16,34.95,HUMAN_OBSERVATION,Acer pseudosieboldianum,Acer sieboldianum
133.16,34.93,HUMAN_OBSERVATION,Acer pseudosieboldianum,Acer sieboldianum
133.17,34.97,HUMAN_OBSERVATION,Acer pseudosieboldianum,Acer sieboldianum
138.95,35.66,HUMAN_OBSERVATION,Acer pseudosieboldianum,Acer sieboldianum
138.8,35.79,PRESERVED_SPECIMEN,Acer pseudosieboldianum,Acer sieboldianum
138.8,35.79,PRESERVED_SPECIMEN,Acer pseudosieboldianum,Acer sieboldianum
129.2401,34.19746,PRESERVED_SPECIMEN,Acer pseudosieboldianum,Acer sieboldianum
138.8023,35.7888,PRESERVED_SPECIMEN,Acer pseudosieboldianum,Acer sieboldianum
138.803,35.793,MATERIAL_SAMPLE,Acer pseudosieboldianum,Acer sieboldianum
133.5,35.26,HUMAN_OBSERVATION,Acer pseudosieboldianum,Acer sieboldianum
133.37,35.32,HUMAN_OBSERVATION,Acer pseudosieboldianum,Acer sieboldianum
136.33,34.46,HUMAN_OBSERVATION,Acer pseudosieboldianum,Acer sieboldianum
133.42,35.13,HUMAN_OBSERVATION,Acer pseudosieboldianum,Acer sieboldianum
136.01,34.67,HUMAN_OBSERVATION,Acer pseudosieboldianum,Acer sieboldianum
137,36.566667,PRESERVED_SPECIMEN,Acer pseudosieboldianum,Acer sieboldianum
129.25381,34.21267,PRESERVED_SPECIMEN,Acer pseudosieboldianum,Acer sieboldianum
139.16875,35.5375,PRESERVED_SPECIMEN,Acer pseudosieboldianum,Acer sieboldianum
137.016667,36.616667,PRESERVED_SPECIMEN,Acer pseudosieboldianum,Acer sieboldianum
137.505564,35.212657,PRESERVED_SPECIMEN,Acer pseudosieboldianum,Acer sieboldianum
131.09,32.12,PRESERVED_SPECIMEN,Acer pseudosieboldianum,Acer sieboldianum
131.0856,32.1229,PRESERVED_SPECIMEN,Acer pseudosieboldianum,Acer sieboldianum
131.086,32.1231,MATERIAL_SAMPLE,Acer pseudosieboldianum,Acer sieboldianum
138.92316,35.94894,PRESERVED_SPECIMEN,Acer pseudosieboldianum,Acer sieboldianum
138.92316,35.94894,PRESERVED_SPECIMEN,Acer pseudosieboldianum,Acer sieboldianum
138.92316,35.94894,PRESERVED_SPECIMEN,Acer pseudosieboldianum,Acer sieboldianum
138.46,38.25,PRESERVED_SPECIMEN,Acer pseudosieboldianum,Acer sieboldianum
138.46,38.25,PRESERVED_SPECIMEN,Acer pseudosieboldianum,Acer sieboldianum
138.459,38.2503,PRESERVED_SPECIMEN,Acer pseudosieboldianum,Acer sieboldianum
138.459,38.2503,MATERIAL_SAMPLE,Acer pseudosieboldianum,Acer sieboldianum
140.702528,39.552818,PRESERVED_SPECIMEN,Acer pseudosieboldianum,Acer sieboldianum
138.2493,36.53367,PRESERVED_SPECIMEN,Acer pseudosieboldianum,Acer sieboldianum
135.656,33.665,HUMAN_OBSERVATION,Acer pseudosieboldianum,Acer sieboldianum
135.656,33.665,HUMAN_OBSERVATION,Acer pseudosieboldianum,Acer sieboldianum
135.656,33.665,HUMAN_OBSERVATION,Acer pseudosieboldianum,Acer sieboldianum
135.656,33.665,HUMAN_OBSERVATION,Acer pseudosieboldianum,Acer sieboldianum
135.656,33.665,HUMAN_OBSERVATION,Acer pseudosieboldianum,Acer sieboldianum
135.656,33.665,HUMAN_OBSERVATION,Acer pseudosieboldianum,Acer sieboldianum
135.656,33.665,HUMAN_OBSERVATION,Acer pseudosieboldianum,Acer sieboldianum
135.656,33.665,HUMAN_OBSERVATION,Acer pseudosieboldianum,Acer sieboldianum
135.656,33.665,HUMAN_OBSERVATION,Acer pseudosieboldianum,Acer sieboldianum
135.656,33.665,HUMAN_OBSERVATION,Acer pseudosieboldianum,Acer sieboldianum
135.656,33.665,HUMAN_OBSERVATION,Acer pseudosieboldianum,Acer sieboldianum
135.656,33.665,HUMAN_OBSERVATION,Acer pseudosieboldianum,Acer sieboldianum
135.656,33.665,HUMAN_OBSERVATION,Acer pseudosieboldianum,Acer sieboldianum
135.656,33.665,HUMAN_OBSERVATION,Acer pseudosieboldianum,Acer sieboldianum
135.656,33.665,HUMAN_OBSERVATION,Acer pseudosieboldianum,Acer sieboldianum
135.656,33.665,HUMAN_OBSERVATION,Acer pseudosieboldianum,Acer sieboldianum
135.656,33.665,HUMAN_OBSERVATION,Acer pseudosieboldianum,Acer sieboldianum
135.656,33.665,HUMAN_OBSERVATION,Acer pseudosieboldianum,Acer sieboldianum
135.656,33.665,HUMAN_OBSERVATION,Acer pseudosieboldianum,Acer sieboldianum
135.656,33.665,HUMAN_OBSERVATION,Acer pseudosieboldianum,Acer sieboldianum
135.656,33.665,HUMAN_OBSERVATION,Acer pseudosieboldianum,Acer sieboldianum
135.656,33.665,HUMAN_OBSERVATION,Acer pseudosieboldianum,Acer sieboldianum
137.4,36.616667,PRESERVED_SPECIMEN,Acer pseudosieboldianum,Acer sieboldianum
140.855,39.111,HUMAN_OBSERVATION,Acer pseudosieboldianum,Acer sieboldianum
140.855,39.111,HUMAN_OBSERVATION,Acer pseudosieboldianum,Acer sieboldianum
140.855,39.111,HUMAN_OBSERVATION,Acer pseudosieboldianum,Acer sieboldianum
135.656,33.665,HUMAN_OBSERVATION,Acer pseudosieboldianum,Acer sieboldianum
138,35.466667,PRESERVED_SPECIMEN,Acer pseudosieboldianum,Acer sieboldianum
137.666667,35.216667,PRESERVED_SPECIMEN,Acer pseudosieboldianum,Acer sieboldianum
137.213745,35.217015,PRESERVED_SPECIMEN,Acer pseudosieboldianum,Acer sieboldianum
137.213745,35.217015,PRESERVED_SPECIMEN,Acer pseudosieboldianum,Acer sieboldianum
137.210581,35.206987,PRESERVED_SPECIMEN,Acer pseudosieboldianum,Acer sieboldianum
140.466667,37.683333,PRESERVED_SPECIMEN,Acer pseudosieboldianum,Acer sieboldianum
139.273499,35.612694,PRESERVED_SPECIMEN,Acer pseudosieboldianum,Acer sieboldianum
138.20726,35.91446,PRESERVED_SPECIMEN,Acer pseudosieboldianum,Acer sieboldianum
140.60028,36.90056,PRESERVED_SPECIMEN,Acer pseudosieboldianum,Acer sieboldianum
140.59222,36.87306,PRESERVED_SPECIMEN,Acer pseudosieboldianum,Acer sieboldianum
134.54931,35.40303,PRESERVED_SPECIMEN,Acer pseudosieboldianum,Acer sieboldianum
134.5493,35.403,PRESERVED_SPECIMEN,Acer pseudosieboldianum,Acer sieboldianum
139.090591,35.174121,PRESERVED_SPECIMEN,Acer pseudosieboldianum,Acer sieboldianum
137.420246,35.079123,PRESERVED_SPECIMEN,Acer pseudosieboldianum,Acer sieboldianum
140.75,36.8,PRESERVED_SPECIMEN,Acer pseudosieboldianum,Acer sieboldianum
140.75,36.8,PRESERVED_SPECIMEN,Acer pseudosieboldianum,Acer sieboldianum
140.6003,36.9006,PRESERVED_SPECIMEN,Acer pseudosieboldianum,Acer sieboldianum
140.751,36.8019,MATERIAL_SAMPLE,Acer pseudosieboldianum,Acer sieboldianum
140.090833,37.655278,PRESERVED_SPECIMEN,Acer pseudosieboldianum,Acer sieboldianum
140.090833,37.655278,PRESERVED_SPECIMEN,Acer pseudosieboldianum,Acer sieboldianum
140.959167,39.391389,PRESERVED_SPECIMEN,Acer pseudosieboldianum,Acer sieboldianum
137.6,36.866667,PRESERVED_SPECIMEN,Acer pseudosieboldianum,Acer sieboldianum
133.628598,35.29066,PRESERVED_SPECIMEN,Acer pseudosieboldianum,Acer sieboldianum
140.75,39.43,PRESERVED_SPECIMEN,Acer pseudosieboldianum,Acer sieboldianum
141.12,39.39,PRESERVED_SPECIMEN,Acer pseudosieboldianum,Acer sieboldianum
140.75,39.43,PRESERVED_SPECIMEN,Acer pseudosieboldianum,Acer sieboldianum
141.12,39.39,PRESERVED_SPECIMEN,Acer pseudosieboldianum,Acer sieboldianum
140.7636,39.5181,PRESERVED_SPECIMEN,Acer pseudosieboldianum,Acer sieboldianum
140.9592,39.3914,PRESERVED_SPECIMEN,Acer pseudosieboldianum,Acer sieboldianum
141.117,39.3886,MATERIAL_SAMPLE,Acer pseudosieboldianum,Acer sieboldianum
140.75,39.4346,MATERIAL_SAMPLE,Acer pseudosieboldianum,Acer sieboldianum
137.685081,35.19853,PRESERVED_SPECIMEN,Acer pseudosieboldianum,Acer sieboldianum
138.92316,35.94894,PRESERVED_SPECIMEN,Acer pseudosieboldianum,Acer sieboldianum
138.92316,35.94894,PRESERVED_SPECIMEN,Acer pseudosieboldianum,Acer sieboldianum
138.11951,36.53367,PRESERVED_SPECIMEN,Acer pseudosieboldianum,Acer sieboldianum
138.828111,35.390754,PRESERVED_SPECIMEN,Acer pseudosieboldianum,Acer sieboldianum
137.8494,36.50323,PRESERVED_SPECIMEN,Acer pseudosieboldianum,Acer sieboldianum
139.48,37.34,PRESERVED_SPECIMEN,Acer pseudosieboldianum,Acer sieboldianum
139.48,37.34,PRESERVED_SPECIMEN,Acer pseudosieboldianum,Acer sieboldianum
139.478,37.3356,PRESERVED_SPECIMEN,Acer pseudosieboldianum,Acer sieboldianum
139.478,37.3356,MATERIAL_SAMPLE,Acer pseudosieboldianum,Acer sieboldianum
137.116667,36.483333,PRESERVED_SPECIMEN,Acer pseudosieboldianum,Acer sieboldianum
140.855,39.111,HUMAN_OBSERVATION,Acer pseudosieboldianum,Acer sieboldianum
140.855,39.111,HUMAN_OBSERVATION,Acer pseudosieboldianum,Acer sieboldianum
140.855,39.111,HUMAN_OBSERVATION,Acer pseudosieboldianum,Acer sieboldianum
140.9436237,39.1853193,PRESERVED_SPECIMEN,Acer pseudosieboldianum,Acer sieboldianum
140.090833,37.655278,PRESERVED_SPECIMEN,Acer pseudosieboldianum,Acer sieboldianum
136.7689,36.0019,PRESERVED_SPECIMEN,Acer pseudosieboldianum,Acer sieboldianum
137.21,36.0628,PRESERVED_SPECIMEN,Acer pseudosieboldianum,Acer sieboldianum
136.4178,35.4672,PRESERVED_SPECIMEN,Acer pseudosieboldianum,Acer sieboldianum
138.6414,36.11,PRESERVED_SPECIMEN,Acer pseudosieboldianum,Acer sieboldianum
136.4069,35.5247,PRESERVED_SPECIMEN,Acer pseudosieboldianum,Acer sieboldianum
137.375,35.82833,PRESERVED_SPECIMEN,Acer pseudosieboldianum,Acer sieboldianum
137.57917,35.7525,PRESERVED_SPECIMEN,Acer pseudosieboldianum,Acer sieboldianum
137.55,35.81,PRESERVED_SPECIMEN,Acer pseudosieboldianum,Acer sieboldianum
137.69,35.78,PRESERVED_SPECIMEN,Acer pseudosieboldianum,Acer sieboldianum
137.55,35.81,PRESERVED_SPECIMEN,Acer pseudosieboldianum,Acer sieboldianum
137.4005,35.8257,PRESERVED_SPECIMEN,Acer pseudosieboldianum,Acer sieboldianum
137.5727,35.749,PRESERVED_SPECIMEN,Acer pseudosieboldianum,Acer sieboldianum
137.694,35.7841,MATERIAL_SAMPLE,Acer pseudosieboldianum,Acer sieboldianum
137.551,35.8094,MATERIAL_SAMPLE,Acer pseudosieboldianum,Acer sieboldianum
137.778056,36.044167,PRESERVED_SPECIMEN,Acer pseudosieboldianum,Acer sieboldianum
139.42,36.545,HUMAN_OBSERVATION,Acer pseudosieboldianum,Acer sieboldianum
135.4973,34.9599,PRESERVED_SPECIMEN,Acer pseudosieboldianum,Acer sieboldianum
137.86246,36.53584,PRESERVED_SPECIMEN,Acer pseudosieboldianum,Acer sieboldianum
135.94306,35.50778,PRESERVED_SPECIMEN,Acer pseudosieboldianum,Acer sieboldianum
136.04,35.35,PRESERVED_SPECIMEN,Acer pseudosieboldianum,Acer sieboldianum
135.9431,35.5078,PRESERVED_SPECIMEN,Acer pseudosieboldianum,Acer sieboldianum
136.036,35.3531,MATERIAL_SAMPLE,Acer pseudosieboldianum,Acer sieboldianum
140.855,39.111,HUMAN_OBSERVATION,Acer pseudosieboldianum,Acer sieboldianum
140.855,39.111,HUMAN_OBSERVATION,Acer pseudosieboldianum,Acer sieboldianum
140.855,39.111,HUMAN_OBSERVATION,Acer pseudosieboldianum,Acer sieboldianum
138.1576,36.7413,HUMAN_OBSERVATION,Acer pseudosieboldianum,Acer sieboldianum
135.73819,34.67859,PRESERVED_SPECIMEN,Acer pseudosieboldianum,Acer sieboldianum
134.45,35.4833,PRESERVED_SPECIMEN,Acer pseudosieboldianum,Acer sieboldianum
135.79846,34.40693,PRESERVED_SPECIMEN,Acer pseudosieboldianum,Acer sieboldianum
135.7023,34.42061,PRESERVED_SPECIMEN,Acer pseudosieboldianum,Acer sieboldianum
135.79825,34.35528,PRESERVED_SPECIMEN,Acer pseudosieboldianum,Acer sieboldianum
139.240568,35.457424,PRESERVED_SPECIMEN,Acer pseudosieboldianum,Acer sieboldianum
140.046389,37.461667,PRESERVED_SPECIMEN,Acer pseudosieboldianum,Acer sieboldianum
141.44375,40.2875,PRESERVED_SPECIMEN,Acer pseudosieboldianum,Acer sieboldianum
139.281111,35.448611,PRESERVED_SPECIMEN,Acer pseudosieboldianum,Acer sieboldianum
137.166667,36.55,PRESERVED_SPECIMEN,Acer pseudosieboldianum,Acer sieboldianum
135.79846,34.40693,PRESERVED_SPECIMEN,Acer pseudosieboldianum,Acer sieboldianum
139.053098,35.115793,PRESERVED_SPECIMEN,Acer pseudosieboldianum,Acer sieboldianum
139.053098,35.115793,PRESERVED_SPECIMEN,Acer pseudosieboldianum,Acer sieboldianum
139.053098,35.115793,PRESERVED_SPECIMEN,Acer pseudosieboldianum,Acer sieboldianum
136.40278,35.2625,PRESERVED_SPECIMEN,Acer pseudosieboldianum,Acer sieboldianum
138.4881,35.9952,PRESERVED_SPECIMEN,Acer pseudosieboldianum,Acer sieboldianum
136.61,35.36,PRESERVED_SPECIMEN,Acer pseudosieboldianum,Acer sieboldianum
136.4028,35.2625,PRESERVED_SPECIMEN,Acer pseudosieboldianum,Acer sieboldianum
136.613,35.3594,MATERIAL_SAMPLE,Acer pseudosieboldianum,Acer sieboldianum
135.79846,34.40693,PRESERVED_SPECIMEN,Acer pseudosieboldianum,Acer sieboldianum
135.79846,34.40693,PRESERVED_SPECIMEN,Acer pseudosieboldianum,Acer sieboldianum
135.79846,34.40693,PRESERVED_SPECIMEN,Acer pseudosieboldianum,Acer sieboldianum
139.246369,37.423219,LIVING_SPECIMEN,Acer pseudosieboldianum,Acer sieboldianum
137.565,35.583,HUMAN_OBSERVATION,Acer pseudosieboldianum,Acer sieboldianum
137.565,35.583,HUMAN_OBSERVATION,Acer pseudosieboldianum,Acer sieboldianum
137.565,35.583,HUMAN_OBSERVATION,Acer pseudosieboldianum,Acer sieboldianum
137.565,35.583,HUMAN_OBSERVATION,Acer pseudosieboldianum,Acer sieboldianum
137.565,35.583,HUMAN_OBSERVATION,Acer pseudosieboldianum,Acer sieboldianum
137.565,35.583,HUMAN_OBSERVATION,Acer pseudosieboldianum,Acer sieboldianum
137.565,35.583,HUMAN_OBSERVATION,Acer pseudosieboldianum,Acer sieboldianum
137.565,35.583,HUMAN_OBSERVATION,Acer pseudosieboldianum,Acer sieboldianum
140.855,39.111,HUMAN_OBSERVATION,Acer pseudosieboldianum,Acer sieboldianum
140.855,39.111,HUMAN_OBSERVATION,Acer pseudosieboldianum,Acer sieboldianum
140.855,39.111,HUMAN_OBSERVATION,Acer pseudosieboldianum,Acer sieboldianum
140.855,39.109,HUMAN_OBSERVATION,Acer pseudosieboldianum,Acer sieboldianum
140.855,39.109,HUMAN_OBSERVATION,Acer pseudosieboldianum,Acer sieboldianum
140.855,39.109,HUMAN_OBSERVATION,Acer pseudosieboldianum,Acer sieboldianum
140.855,39.109,HUMAN_OBSERVATION,Acer pseudosieboldianum,Acer sieboldianum
140.855,39.109,HUMAN_OBSERVATION,Acer pseudosieboldianum,Acer sieboldianum
140.855,39.109,HUMAN_OBSERVATION,Acer pseudosieboldianum,Acer sieboldianum
140.855,39.109,HUMAN_OBSERVATION,Acer pseudosieboldianum,Acer sieboldianum
140.855,39.109,HUMAN_OBSERVATION,Acer pseudosieboldianum,Acer sieboldianum
140.855,39.109,HUMAN_OBSERVATION,Acer pseudosieboldianum,Acer sieboldianum
140.855,39.109,HUMAN_OBSERVATION,Acer pseudosieboldianum,Acer sieboldianum
137.565,35.583,HUMAN_OBSERVATION,Acer pseudosieboldianum,Acer sieboldianum
137.565,35.583,HUMAN_OBSERVATION,Acer pseudosieboldianum,Acer sieboldianum
137.565,35.583,HUMAN_OBSERVATION,Acer pseudosieboldianum,Acer sieboldianum
140.855,39.109,HUMAN_OBSERVATION,Acer pseudosieboldianum,Acer sieboldianum
140.855,39.109,HUMAN_OBSERVATION,Acer pseudosieboldianum,Acer sieboldianum
140.855,39.109,HUMAN_OBSERVATION,Acer pseudosieboldianum,Acer sieboldianum
135.79846,34.40693,PRESERVED_SPECIMEN,Acer pseudosieboldianum,Acer sieboldianum
133.88551,35.36802,PRESERVED_SPECIMEN,Acer pseudosieboldianum,Acer sieboldianum
136.464444,35.388611,PRESERVED_SPECIMEN,Acer pseudosieboldianum,Acer sieboldianum
133.6,33.7,PRESERVED_SPECIMEN,Acer pseudosieboldianum,Acer sieboldianum
134.066667,33.716667,PRESERVED_SPECIMEN,Acer pseudosieboldianum,Acer sieboldianum
132.66,33.19,MATERIAL_SAMPLE,Acer pseudosieboldianum,Acer sieboldianum
132.66,33.19,MATERIAL_SAMPLE,Acer pseudosieboldianum,Acer sieboldianum
131.55,34.35,MATERIAL_SAMPLE,Acer pseudosieboldianum,Acer sieboldianum
131.55,34.35,MATERIAL_SAMPLE,Acer pseudosieboldianum,Acer sieboldianum
132.66,33.19,MATERIAL_SAMPLE,Acer pseudosieboldianum,Acer sieboldianum
132.66,33.19,MATERIAL_SAMPLE,Acer pseudosieboldianum,Acer sieboldianum
131.55,34.35,PRESERVED_SPECIMEN,Acer pseudosieboldianum,Acer sieboldianum
131.551,34.3511,PRESERVED_SPECIMEN,Acer pseudosieboldianum,Acer sieboldianum
132.661,33.1917,PRESERVED_SPECIMEN,Acer pseudosieboldianum,Acer sieboldianum
132.661,33.1917,PRESERVED_SPECIMEN,Acer pseudosieboldianum,Acer sieboldianum
131.55055,34.351112,MATERIAL_SAMPLE,Acer pseudosieboldianum,Acer sieboldianum
132.66055,33.191666,MATERIAL_SAMPLE,Acer pseudosieboldianum,Acer sieboldianum
132.66055,33.191666,MATERIAL_SAMPLE,Acer pseudosieboldianum,Acer sieboldianum
138.793333,36.500556,PRESERVED_SPECIMEN,Acer pseudosieboldianum,Acer sieboldianum
134.133333,33.466667,PRESERVED_SPECIMEN,Acer pseudosieboldianum,Acer sieboldianum
132.883333,33.15,PRESERVED_SPECIMEN,Acer pseudosieboldianum,Acer sieboldianum
137.396048,35.086682,PRESERVED_SPECIMEN,Acer pseudosieboldianum,Acer sieboldianum
138.0669294,35.6032539,PRESERVED_SPECIMEN,Acer pseudosieboldianum,Acer sieboldianum
138.19467,36.74385,PRESERVED_SPECIMEN,Acer pseudosieboldianum,Acer sieboldianum
139.090601,34.907482,PRESERVED_SPECIMEN,Acer pseudosieboldianum,Acer sieboldianum
136.65,36.07,MATERIAL_SAMPLE,Acer pseudosieboldianum,Acer sieboldianum
136.65,36.07,MATERIAL_SAMPLE,Acer pseudosieboldianum,Acer sieboldianum
136.65,36.07,MATERIAL_SAMPLE,Acer pseudosieboldianum,Acer sieboldianum
135.84,34.01,MATERIAL_SAMPLE,Acer pseudosieboldianum,Acer sieboldianum
136.65,36.07,MATERIAL_SAMPLE,Acer pseudosieboldianum,Acer sieboldianum
135.84,34.01,MATERIAL_SAMPLE,Acer pseudosieboldianum,Acer sieboldianum
136.65,36.07,PRESERVED_SPECIMEN,Acer pseudosieboldianum,Acer sieboldianum
135.84,34.01,PRESERVED_SPECIMEN,Acer pseudosieboldianum,Acer sieboldianum
131.8046,34.36953,PRESERVED_SPECIMEN,Acer pseudosieboldianum,Acer sieboldianum
131.8046,34.36953,PRESERVED_SPECIMEN,Acer pseudosieboldianum,Acer sieboldianum
135.837,34.0117,PRESERVED_SPECIMEN,Acer pseudosieboldianum,Acer sieboldianum
136.647,36.0722,PRESERVED_SPECIMEN,Acer pseudosieboldianum,Acer sieboldianum
136.647,36.0722,PRESERVED_SPECIMEN,Acer pseudosieboldianum,Acer sieboldianum
136.64722,36.072224,MATERIAL_SAMPLE,Acer pseudosieboldianum,Acer sieboldianum
135.83722,34.011665,MATERIAL_SAMPLE,Acer pseudosieboldianum,Acer sieboldianum
136.64722,36.072224,MATERIAL_SAMPLE,Acer pseudosieboldianum,Acer sieboldianum
136.069,34.197,HUMAN_OBSERVATION,Acer pseudosieboldianum,Acer sieboldianum
136.069,34.197,HUMAN_OBSERVATION,Acer pseudosieboldianum,Acer sieboldianum
136.069,34.197,HUMAN_OBSERVATION,Acer pseudosieboldianum,Acer sieboldianum
136.069,34.197,HUMAN_OBSERVATION,Acer pseudosieboldianum,Acer sieboldianum
136.069,34.197,HUMAN_OBSERVATION,Acer pseudosieboldianum,Acer sieboldianum
136.07,34.196,HUMAN_OBSERVATION,Acer pseudosieboldianum,Acer sieboldianum
136.083,34.193,HUMAN_OBSERVATION,Acer pseudosieboldianum,Acer sieboldianum
136.083,34.193,HUMAN_OBSERVATION,Acer pseudosieboldianum,Acer sieboldianum
136.083,34.193,HUMAN_OBSERVATION,Acer pseudosieboldianum,Acer sieboldianum
136.083,34.193,HUMAN_OBSERVATION,Acer pseudosieboldianum,Acer sieboldianum
136.083,34.194,HUMAN_OBSERVATION,Acer pseudosieboldianum,Acer sieboldianum
136.094,34.189,HUMAN_OBSERVATION,Acer pseudosieboldianum,Acer sieboldianum
136.069,34.197,HUMAN_OBSERVATION,Acer pseudosieboldianum,Acer sieboldianum
136.069,34.197,HUMAN_OBSERVATION,Acer pseudosieboldianum,Acer sieboldianum
136.069,34.197,HUMAN_OBSERVATION,Acer pseudosieboldianum,Acer sieboldianum
136.07,34.196,HUMAN_OBSERVATION,Acer pseudosieboldianum,Acer sieboldianum
136.069,34.197,HUMAN_OBSERVATION,Acer pseudosieboldianum,Acer sieboldianum
136.069,34.197,HUMAN_OBSERVATION,Acer pseudosieboldianum,Acer sieboldianum
136.069,34.197,HUMAN_OBSERVATION,Acer pseudosieboldianum,Acer sieboldianum
136.069,34.197,HUMAN_OBSERVATION,Acer pseudosieboldianum,Acer sieboldianum
136.069,34.197,HUMAN_OBSERVATION,Acer pseudosieboldianum,Acer sieboldianum
136.07,34.196,HUMAN_OBSERVATION,Acer pseudosieboldianum,Acer sieboldianum
136.083,34.193,HUMAN_OBSERVATION,Acer pseudosieboldianum,Acer sieboldianum
136.083,34.193,HUMAN_OBSERVATION,Acer pseudosieboldianum,Acer sieboldianum
136.083,34.193,HUMAN_OBSERVATION,Acer pseudosieboldianum,Acer sieboldianum
136.083,34.193,HUMAN_OBSERVATION,Acer pseudosieboldianum,Acer sieboldianum
136.083,34.193,HUMAN_OBSERVATION,Acer pseudosieboldianum,Acer sieboldianum
136.083,34.193,HUMAN_OBSERVATION,Acer pseudosieboldianum,Acer sieboldianum
136.083,34.193,HUMAN_OBSERVATION,Acer pseudosieboldianum,Acer sieboldianum
136.083,34.193,HUMAN_OBSERVATION,Acer pseudosieboldianum,Acer sieboldianum
136.069,34.197,HUMAN_OBSERVATION,Acer pseudosieboldianum,Acer sieboldianum
136.069,34.197,HUMAN_OBSERVATION,Acer pseudosieboldianum,Acer sieboldianum
136.069,34.197,HUMAN_OBSERVATION,Acer pseudosieboldianum,Acer sieboldianum
136.069,34.197,HUMAN_OBSERVATION,Acer pseudosieboldianum,Acer sieboldianum
136.07,34.196,HUMAN_OBSERVATION,Acer pseudosieboldianum,Acer sieboldianum
136.083,34.193,HUMAN_OBSERVATION,Acer pseudosieboldianum,Acer sieboldianum
136.083,34.193,HUMAN_OBSERVATION,Acer pseudosieboldianum,Acer sieboldianum
136.083,34.193,HUMAN_OBSERVATION,Acer pseudosieboldianum,Acer sieboldianum
136.083,34.193,HUMAN_OBSERVATION,Acer pseudosieboldianum,Acer sieboldianum
131.2843556,33.1312733,LIVING_SPECIMEN,Acer pseudosieboldianum,Acer sieboldianum
131.286667,33.127778,PRESERVED_SPECIMEN,Acer pseudosieboldianum,Acer sieboldianum
140.855,39.111,HUMAN_OBSERVATION,Acer pseudosieboldianum,Acer sieboldianum
140.855,39.111,HUMAN_OBSERVATION,Acer pseudosieboldianum,Acer sieboldianum
140.855,39.111,HUMAN_OBSERVATION,Acer pseudosieboldianum,Acer sieboldianum
134.5519693,35.3312562,LIVING_SPECIMEN,Acer pseudosieboldianum,Acer sieboldianum
134.5213877,35.3696121,LIVING_SPECIMEN,Acer pseudosieboldianum,Acer sieboldianum
134.554722,35.328056,PRESERVED_SPECIMEN,Acer pseudosieboldianum,Acer sieboldianum
134.524167,35.366389,PRESERVED_SPECIMEN,Acer pseudosieboldianum,Acer sieboldianum
137.433333,36.45,PRESERVED_SPECIMEN,Acer pseudosieboldianum,Acer sieboldianum
134.533333,35.366667,PRESERVED_SPECIMEN,Acer pseudosieboldianum,Acer sieboldianum
133.783333,33.766667,PRESERVED_SPECIMEN,Acer pseudosieboldianum,Acer sieboldianum
133.266667,33.783333,PRESERVED_SPECIMEN,Acer pseudosieboldianum,Acer sieboldianum
132.933333,33.283333,PRESERVED_SPECIMEN,Acer pseudosieboldianum,Acer sieboldianum
130.53,30.36,MATERIAL_SAMPLE,Acer pseudosieboldianum,Acer sieboldianum
130.53,30.36,MATERIAL_SAMPLE,Acer pseudosieboldianum,Acer sieboldianum
130.53,30.361,PRESERVED_SPECIMEN,Acer pseudosieboldianum,Acer sieboldianum
130.53,30.361,MATERIAL_SAMPLE,Acer pseudosieboldianum,Acer sieboldianum
140.36012,36.77835,PRESERVED_SPECIMEN,Acer pseudosieboldianum,Acer sieboldianum
139.240568,35.482421,PRESERVED_SPECIMEN,Acer pseudosieboldianum,Acer sieboldianum
132.66,35.16,OCCURRENCE,Acer pseudosieboldianum,Acer sieboldianum
140.82,38.27,OCCURRENCE,Acer pseudosieboldianum,Acer sieboldianum
133.516667,33.666667,PRESERVED_SPECIMEN,Acer pseudosieboldianum,Acer sieboldianum
132.866667,33.283333,PRESERVED_SPECIMEN,Acer pseudosieboldianum,Acer sieboldianum
132.666667,33.05,PRESERVED_SPECIMEN,Acer pseudosieboldianum,Acer sieboldianum
127.135638,37.174558,HUMAN_OBSERVATION,Rhododendron schlippenbachii,Rhododendron schlippenbachii
128.308153,36.067069,HUMAN_OBSERVATION,Rhododendron schlippenbachii,Rhododendron schlippenbachii
127.743683,37.870383,HUMAN_OBSERVATION,Rhododendron schlippenbachii,Rhododendron schlippenbachii
128.146934,37.457563,HUMAN_OBSERVATION,Rhododendron schlippenbachii,Rhododendron schlippenbachii
127.400008,35.755845,HUMAN_OBSERVATION,Rhododendron schlippenbachii,Rhododendron schlippenbachii
128.993303,37.181125,HUMAN_OBSERVATION,Rhododendron schlippenbachii,Rhododendron schlippenbachii
128.76296,37.866829,HUMAN_OBSERVATION,Rhododendron schlippenbachii,Rhododendron schlippenbachii
127.53896400000001,36.669186,HUMAN_OBSERVATION,Rhododendron schlippenbachii,Rhododendron schlippenbachii
128.460688,38.111969,HUMAN_OBSERVATION,Rhododendron schlippenbachii,Rhododendron schlippenbachii
131.222499,42.594405,HUMAN_OBSERVATION,Rhododendron schlippenbachii,Rhododendron schlippenbachii
128.671676,37.611346,HUMAN_OBSERVATION,Rhododendron schlippenbachii,Rhododendron schlippenbachii
130.914902,42.46175,HUMAN_OBSERVATION,Rhododendron schlippenbachii,Rhododendron schlippenbachii
131.213689,42.579584,HUMAN_OBSERVATION,Rhododendron schlippenbachii,Rhododendron schlippenbachii
127.159777,37.3767,HUMAN_OBSERVATION,Rhododendron schlippenbachii,Rhododendron schlippenbachii
127.167209,37.755311,HUMAN_OBSERVATION,Rhododendron schlippenbachii,Rhododendron schlippenbachii
127.167351,37.755259,HUMAN_OBSERVATION,Rhododendron schlippenbachii,Rhododendron schlippenbachii
126.978547,37.658225,HUMAN_OBSERVATION,Rhododendron schlippenbachii,Rhododendron schlippenbachii
128.293701,36.07168,HUMAN_OBSERVATION,Rhododendron schlippenbachii,Rhododendron schlippenbachii
127.764775,35.687597,HUMAN_OBSERVATION,Rhododendron schlippenbachii,Rhododendron schlippenbachii
127.256232,37.680106,HUMAN_OBSERVATION,Rhododendron schlippenbachii,Rhododendron schlippenbachii
128.147086,37.457307,HUMAN_OBSERVATION,Rhododendron schlippenbachii,Rhododendron schlippenbachii
129.349683,35.794614,HUMAN_OBSERVATION,Rhododendron schlippenbachii,Rhododendron schlippenbachii
127.101065,37.640888,HUMAN_OBSERVATION,Rhododendron schlippenbachii,Rhododendron schlippenbachii
127.024534,36.681702,HUMAN_OBSERVATION,Rhododendron schlippenbachii,Rhododendron schlippenbachii
127.2113,36.353497,HUMAN_OBSERVATION,Rhododendron schlippenbachii,Rhododendron schlippenbachii
128.009339,37.329762,HUMAN_OBSERVATION,Rhododendron schlippenbachii,Rhododendron schlippenbachii
128.010619,37.338797,HUMAN_OBSERVATION,Rhododendron schlippenbachii,Rhododendron schlippenbachii
131.888393,43.012339,HUMAN_OBSERVATION,Rhododendron schlippenbachii,Rhododendron schlippenbachii
131.204797,42.591432,HUMAN_OBSERVATION,Rhododendron schlippenbachii,Rhododendron schlippenbachii
131.20697,42.583325,HUMAN_OBSERVATION,Rhododendron schlippenbachii,Rhododendron schlippenbachii
131.12958,42.619243,HUMAN_OBSERVATION,Rhododendron schlippenbachii,Rhododendron schlippenbachii
130.74968,42.41608,HUMAN_OBSERVATION,Rhododendron schlippenbachii,Rhododendron schlippenbachii
130.748902,42.417233,HUMAN_OBSERVATION,Rhododendron schlippenbachii,Rhododendron schlippenbachii
131.209533,42.583917,HUMAN_OBSERVATION,Rhododendron schlippenbachii,Rhododendron schlippenbachii
131.21437,42.592155,HUMAN_OBSERVATION,Rhododendron schlippenbachii,Rhododendron schlippenbachii
131.210005,42.58435,HUMAN_OBSERVATION,Rhododendron schlippenbachii,Rhododendron schlippenbachii
131.215272,42.597003,HUMAN_OBSERVATION,Rhododendron schlippenbachii,Rhododendron schlippenbachii
131.21173,42.58403,HUMAN_OBSERVATION,Rhododendron schlippenbachii,Rhododendron schlippenbachii
128.444741,38.032789,HUMAN_OBSERVATION,Rhododendron schlippenbachii,Rhododendron schlippenbachii
129.090435,35.159888,HUMAN_OBSERVATION,Rhododendron schlippenbachii,Rhododendron schlippenbachii
129.090697,35.15985,HUMAN_OBSERVATION,Rhododendron schlippenbachii,Rhododendron schlippenbachii
131.175955,42.627547,HUMAN_OBSERVATION,Rhododendron schlippenbachii,Rhododendron schlippenbachii
131.213314,42.64228,HUMAN_OBSERVATION,Rhododendron schlippenbachii,Rhododendron schlippenbachii
131.212977,42.579013,HUMAN_OBSERVATION,Rhododendron schlippenbachii,Rhododendron schlippenbachii
128.499405,35.727243,HUMAN_OBSERVATION,Rhododendron schlippenbachii,Rhododendron schlippenbachii
131.21118,42.578972,HUMAN_OBSERVATION,Rhododendron schlippenbachii,Rhododendron schlippenbachii
128.524198,35.715075,HUMAN_OBSERVATION,Rhododendron schlippenbachii,Rhododendron schlippenbachii
128.524063,35.715217,HUMAN_OBSERVATION,Rhododendron schlippenbachii,Rhododendron schlippenbachii
129.032689,35.314364,HUMAN_OBSERVATION,Rhododendron schlippenbachii,Rhododendron schlippenbachii
127.583939,36.071989,HUMAN_OBSERVATION,Rhododendron schlippenbachii,Rhododendron schlippenbachii
129.025074,35.314171,HUMAN_OBSERVATION,Rhododendron schlippenbachii,Rhododendron schlippenbachii
129.032945,35.314292,HUMAN_OBSERVATION,Rhododendron schlippenbachii,Rhododendron schlippenbachii
127.584705,36.072857,HUMAN_OBSERVATION,Rhododendron schlippenbachii,Rhododendron schlippenbachii
127.584705,36.072857,HUMAN_OBSERVATION,Rhododendron schlippenbachii,Rhododendron schlippenbachii
129.033188,35.314384,HUMAN_OBSERVATION,Rhododendron schlippenbachii,Rhododendron schlippenbachii
127.590199,36.07457,HUMAN_OBSERVATION,Rhododendron schlippenbachii,Rhododendron schlippenbachii
127.573579,36.073182,HUMAN_OBSERVATION,Rhododendron schlippenbachii,Rhododendron schlippenbachii
129.000572,35.245732,HUMAN_OBSERVATION,Rhododendron schlippenbachii,Rhododendron schlippenbachii
127.573713,36.071676,HUMAN_OBSERVATION,Rhododendron schlippenbachii,Rhododendron schlippenbachii
127.573355,36.072256,HUMAN_OBSERVATION,Rhododendron schlippenbachii,Rhododendron schlippenbachii
127.573355,36.072256,HUMAN_OBSERVATION,Rhododendron schlippenbachii,Rhododendron schlippenbachii
127.573355,36.072256,HUMAN_OBSERVATION,Rhododendron schlippenbachii,Rhododendron schlippenbachii
129.024998,35.913037,HUMAN_OBSERVATION,Rhododendron schlippenbachii,Rhododendron schlippenbachii
127.573579,36.073182,HUMAN_OBSERVATION,Rhododendron schlippenbachii,Rhododendron schlippenbachii
127.573579,36.073182,HUMAN_OBSERVATION,Rhododendron schlippenbachii,Rhododendron schlippenbachii
127.582966,36.071572,HUMAN_OBSERVATION,Rhododendron schlippenbachii,Rhododendron schlippenbachii
128.20534,36.48499,HUMAN_OBSERVATION,Rhododendron schlippenbachii,Rhododendron schlippenbachii
129.000757,35.251819,HUMAN_OBSERVATION,Rhododendron schlippenbachii,Rhododendron schlippenbachii
129.000613,35.251567,HUMAN_OBSERVATION,Rhododendron schlippenbachii,Rhododendron schlippenbachii
129.000826,35.245177,HUMAN_OBSERVATION,Rhododendron schlippenbachii,Rhododendron schlippenbachii
129.000826,35.245177,HUMAN_OBSERVATION,Rhododendron schlippenbachii,Rhododendron schlippenbachii
127.582966,36.071572,HUMAN_OBSERVATION,Rhododendron schlippenbachii,Rhododendron schlippenbachii
129.001039,35.245129,HUMAN_OBSERVATION,Rhododendron schlippenbachii,Rhododendron schlippenbachii
129.000625,35.245333,HUMAN_OBSERVATION,Rhododendron schlippenbachii,Rhododendron schlippenbachii
127.01180600000001,34.405964,HUMAN_OBSERVATION,Rhododendron schlippenbachii,Rhododendron schlippenbachii
127.356471,36.764522,HUMAN_OBSERVATION,Rhododendron schlippenbachii,Rhododendron schlippenbachii
127.118995,35.470813,HUMAN_OBSERVATION,Rhododendron schlippenbachii,Rhododendron schlippenbachii
127.210362,36.795074,HUMAN_OBSERVATION,Rhododendron schlippenbachii,Rhododendron schlippenbachii
128.147209,37.457635,HUMAN_OBSERVATION,Rhododendron schlippenbachii,Rhododendron schlippenbachii
127.253493,37.678293,HUMAN_OBSERVATION,Rhododendron schlippenbachii,Rhododendron schlippenbachii
129.257154,36.00003,HUMAN_OBSERVATION,Rhododendron schlippenbachii,Rhododendron schlippenbachii
126.951251,37.501159,HUMAN_OBSERVATION,Rhododendron schlippenbachii,Rhododendron schlippenbachii
126.869173,37.54345,HUMAN_OBSERVATION,Rhododendron schlippenbachii,Rhododendron schlippenbachii
126.667222,34.75337,HUMAN_OBSERVATION,Rhododendron schlippenbachii,Rhododendron schlippenbachii
128.620059,35.197306,HUMAN_OBSERVATION,Rhododendron schlippenbachii,Rhododendron schlippenbachii
126.634045,36.664933,HUMAN_OBSERVATION,Rhododendron schlippenbachii,Rhododendron schlippenbachii
126.634045,36.664933,HUMAN_OBSERVATION,Rhododendron schlippenbachii,Rhododendron schlippenbachii
128.527982,35.696938,HUMAN_OBSERVATION,Rhododendron schlippenbachii,Rhododendron schlippenbachii
128.527982,35.696938,HUMAN_OBSERVATION,Rhododendron schlippenbachii,Rhododendron schlippenbachii
128.527982,35.696938,HUMAN_OBSERVATION,Rhododendron schlippenbachii,Rhododendron schlippenbachii
131.163751,42.606464,HUMAN_OBSERVATION,Rhododendron schlippenbachii,Rhododendron schlippenbachii
130.914569,42.595778,HUMAN_OBSERVATION,Rhododendron schlippenbachii,Rhododendron schlippenbachii
131.163532,42.60628,HUMAN_OBSERVATION,Rhododendron schlippenbachii,Rhododendron schlippenbachii
131.163583,42.606111,HUMAN_OBSERVATION,Rhododendron schlippenbachii,Rhododendron schlippenbachii
131.163574,42.606059,HUMAN_OBSERVATION,Rhododendron schlippenbachii,Rhododendron schlippenbachii
127.00901,37.724726,HUMAN_OBSERVATION,Rhododendron schlippenbachii,Rhododendron schlippenbachii
128.758759,37.684753,HUMAN_OBSERVATION,Rhododendron schlippenbachii,Rhododendron schlippenbachii
131.211044,42.579128,HUMAN_OBSERVATION,Rhododendron schlippenbachii,Rhododendron schlippenbachii
131.18838,42.987543,HUMAN_OBSERVATION,Rhododendron schlippenbachii,Rhododendron schlippenbachii
131.186667,42.985403,HUMAN_OBSERVATION,Rhododendron schlippenbachii,Rhododendron schlippenbachii
131.182734,42.982213,HUMAN_OBSERVATION,Rhododendron schlippenbachii,Rhododendron schlippenbachii
131.188413,42.988712,HUMAN_OBSERVATION,Rhododendron schlippenbachii,Rhododendron schlippenbachii
131.183171,42.982325,HUMAN_OBSERVATION,Rhododendron schlippenbachii,Rhododendron schlippenbachii
126.635317,36.718417,HUMAN_OBSERVATION,Rhododendron schlippenbachii,Rhododendron schlippenbachii
131.201417,42.592219,HUMAN_OBSERVATION,Rhododendron schlippenbachii,Rhododendron schlippenbachii
131.205825,42.591861,HUMAN_OBSERVATION,Rhododendron schlippenbachii,Rhododendron schlippenbachii
126.642653,36.465992,PRESERVED_SPECIMEN,Rhododendron schlippenbachii,Rhododendron schlippenbachii
126.665353,36.454056,PRESERVED_SPECIMEN,Rhododendron schlippenbachii,Rhododendron schlippenbachii
132.820301,42.786379,HUMAN_OBSERVATION,Rhododendron schlippenbachii,Rhododendron schlippenbachii
130.706986,42.541553,HUMAN_OBSERVATION,Rhododendron schlippenbachii,Rhododendron schlippenbachii
130.916926,42.593916,HUMAN_OBSERVATION,Rhododendron schlippenbachii,Rhododendron schlippenbachii
127.004561,37.603322,HUMAN_OBSERVATION,Rhododendron schlippenbachii,Rhododendron schlippenbachii
128.146892,37.457547,HUMAN_OBSERVATION,Rhododendron schlippenbachii,Rhododendron schlippenbachii
127.279221,36.788213,HUMAN_OBSERVATION,Rhododendron schlippenbachii,Rhododendron schlippenbachii
128.146763,37.456793,HUMAN_OBSERVATION,Rhododendron schlippenbachii,Rhododendron schlippenbachii
127.254872,37.678948,HUMAN_OBSERVATION,Rhododendron schlippenbachii,Rhododendron schlippenbachii
127.48896,38.190334,PRESERVED_SPECIMEN,Rhododendron schlippenbachii,Rhododendron schlippenbachii
127.198639,37.474577,HUMAN_OBSERVATION,Rhododendron schlippenbachii,Rhododendron schlippenbachii
127.1659,37.26131,HUMAN_OBSERVATION,Rhododendron schlippenbachii,Rhododendron schlippenbachii
127.9697,35.48606,HUMAN_OBSERVATION,Rhododendron schlippenbachii,Rhododendron schlippenbachii
127.9081,36.73056,HUMAN_OBSERVATION,Rhododendron schlippenbachii,Rhododendron schlippenbachii
129.0331,35.62073,HUMAN_OBSERVATION,Rhododendron schlippenbachii,Rhododendron schlippenbachii
127.0867,35.75331,HUMAN_OBSERVATION,Rhododendron schlippenbachii,Rhododendron schlippenbachii
127.2567,35.26851,HUMAN_OBSERVATION,Rhododendron schlippenbachii,Rhododendron schlippenbachii
127.6889,35.94792,HUMAN_OBSERVATION,Rhododendron schlippenbachii,Rhododendron schlippenbachii
128.9147,37.75222,HUMAN_OBSERVATION,Rhododendron schlippenbachii,Rhododendron schlippenbachii
127.6889,35.94793,HUMAN_OBSERVATION,Rhododendron schlippenbachii,Rhododendron schlippenbachii
128.4455,36.10312,HUMAN_OBSERVATION,Rhododendron schlippenbachii,Rhododendron schlippenbachii
129.1938,35.50087,HUMAN_OBSERVATION,Rhododendron schlippenbachii,Rhododendron schlippenbachii
129.0329,35.62072,HUMAN_OBSERVATION,Rhododendron schlippenbachii,Rhododendron schlippenbachii
126.5883,35.61417,HUMAN_OBSERVATION,Rhododendron schlippenbachii,Rhododendron schlippenbachii
128.2128,37.23089,HUMAN_OBSERVATION,Rhododendron schlippenbachii,Rhododendron schlippenbachii
131.140308,42.618186,HUMAN_OBSERVATION,Rhododendron schlippenbachii,Rhododendron schlippenbachii
131.140224,42.618213,HUMAN_OBSERVATION,Rhododendron schlippenbachii,Rhododendron schlippenbachii
131.140248,42.618184,HUMAN_OBSERVATION,Rhododendron schlippenbachii,Rhododendron schlippenbachii
131.881758,43.049786,HUMAN_OBSERVATION,Rhododendron schlippenbachii,Rhododendron schlippenbachii
128.395416,37.685032,HUMAN_OBSERVATION,Rhododendron schlippenbachii,Rhododendron schlippenbachii
127.489296,38.190235,HUMAN_OBSERVATION,Rhododendron schlippenbachii,Rhododendron schlippenbachii
128.395867,37.7044,HUMAN_OBSERVATION,Rhododendron schlippenbachii,Rhododendron schlippenbachii
129.00621,37.171074,HUMAN_OBSERVATION,Rhododendron schlippenbachii,Rhododendron schlippenbachii
128.396561,37.701832,HUMAN_OBSERVATION,Rhododendron schlippenbachii,Rhododendron schlippenbachii
128.391754,37.691879,HUMAN_OBSERVATION,Rhododendron schlippenbachii,Rhododendron schlippenbachii
128.381012,37.700497,HUMAN_OBSERVATION,Rhododendron schlippenbachii,Rhododendron schlippenbachii
129.025787,37.156281,HUMAN_OBSERVATION,Rhododendron schlippenbachii,Rhododendron schlippenbachii
128.391022,37.685574,HUMAN_OBSERVATION,Rhododendron schlippenbachii,Rhododendron schlippenbachii
128.999329,37.167801,PRESERVED_SPECIMEN,Rhododendron schlippenbachii,Rhododendron schlippenbachii
127.059714,37.420385,HUMAN_OBSERVATION,Rhododendron schlippenbachii,Rhododendron schlippenbachii
127.171458,37.470599,HUMAN_OBSERVATION,Rhododendron schlippenbachii,Rhododendron schlippenbachii
127.182199,37.467821,HUMAN_OBSERVATION,Rhododendron schlippenbachii,Rhododendron schlippenbachii
127.045907,37.396722,HUMAN_OBSERVATION,Rhododendron schlippenbachii,Rhododendron schlippenbachii
127.072605,37.401039,HUMAN_OBSERVATION,Rhododendron schlippenbachii,Rhododendron schlippenbachii
127.059088,37.42714,HUMAN_OBSERVATION,Rhododendron schlippenbachii,Rhododendron schlippenbachii
127.166892,37.456405,HUMAN_OBSERVATION,Rhododendron schlippenbachii,Rhododendron schlippenbachii
131.2152,42.5797,HUMAN_OBSERVATION,Rhododendron schlippenbachii,Rhododendron schlippenbachii
128.50519,37.53994,PRESERVED_SPECIMEN,Rhododendron schlippenbachii,Rhododendron schlippenbachii
128.50519,37.53994,PRESERVED_SPECIMEN,Rhododendron schlippenbachii,Rhododendron schlippenbachii
127.849362,36.067135,PRESERVED_SPECIMEN,Rhododendron schlippenbachii,Rhododendron schlippenbachii
128.52626,35.69766,HUMAN_OBSERVATION,Rhododendron schlippenbachii,Rhododendron schlippenbachii
128.51991,35.70544,HUMAN_OBSERVATION,Rhododendron schlippenbachii,Rhododendron schlippenbachii
128.52948,35.69606,HUMAN_OBSERVATION,Rhododendron schlippenbachii,Rhododendron schlippenbachii
127.5262,35.29327,HUMAN_OBSERVATION,Rhododendron schlippenbachii,Rhododendron schlippenbachii
127.6119,35.43751,HUMAN_OBSERVATION,Rhododendron schlippenbachii,Rhododendron schlippenbachii
128.4847,36.95755,HUMAN_OBSERVATION,Rhododendron schlippenbachii,Rhododendron schlippenbachii
127.0881,35.746,HUMAN_OBSERVATION,Rhododendron schlippenbachii,Rhododendron schlippenbachii
127.5233,35.29917,HUMAN_OBSERVATION,Rhododendron schlippenbachii,Rhododendron schlippenbachii
127.5288,35.29434,HUMAN_OBSERVATION,Rhododendron schlippenbachii,Rhododendron schlippenbachii
127.4098,35.63685,HUMAN_OBSERVATION,Rhododendron schlippenbachii,Rhododendron schlippenbachii
127.5131,35.30479,HUMAN_OBSERVATION,Rhododendron schlippenbachii,Rhododendron schlippenbachii
127.5191,35.29766,HUMAN_OBSERVATION,Rhododendron schlippenbachii,Rhododendron schlippenbachii
127.4684,35.66581,HUMAN_OBSERVATION,Rhododendron schlippenbachii,Rhododendron schlippenbachii
126.9732,35.48848,HUMAN_OBSERVATION,Rhododendron schlippenbachii,Rhododendron schlippenbachii
127.9746,35.49443,HUMAN_OBSERVATION,Rhododendron schlippenbachii,Rhododendron schlippenbachii
127.4653,35.66727,HUMAN_OBSERVATION,Rhododendron schlippenbachii,Rhododendron schlippenbachii
128.7525,37.69389,HUMAN_OBSERVATION,Rhododendron schlippenbachii,Rhododendron schlippenbachii
126.4629,33.35863,HUMAN_OBSERVATION,Rhododendron schlippenbachii,Rhododendron schlippenbachii
128.7467,37.71528,HUMAN_OBSERVATION,Rhododendron schlippenbachii,Rhododendron schlippenbachii
126.943418,37.450974,HUMAN_OBSERVATION,Rhododendron schlippenbachii,Rhododendron schlippenbachii
127.066382,36.730022,HUMAN_OBSERVATION,Rhododendron schlippenbachii,Rhododendron schlippenbachii
130.923174,42.594661,HUMAN_OBSERVATION,Rhododendron schlippenbachii,Rhododendron schlippenbachii
127.090999,37.437261,HUMAN_OBSERVATION,Rhododendron schlippenbachii,Rhododendron schlippenbachii
126.611287,35.617605,HUMAN_OBSERVATION,Rhododendron schlippenbachii,Rhododendron schlippenbachii
126.573707,35.629661,HUMAN_OBSERVATION,Rhododendron schlippenbachii,Rhododendron schlippenbachii
127.0655,35.76072,HUMAN_OBSERVATION,Rhododendron schlippenbachii,Rhododendron schlippenbachii
127.7465,35.85927,HUMAN_OBSERVATION,Rhododendron schlippenbachii,Rhododendron schlippenbachii
126.6152,36.70382,HUMAN_OBSERVATION,Rhododendron schlippenbachii,Rhododendron schlippenbachii
127.5284,35.29439,HUMAN_OBSERVATION,Rhododendron schlippenbachii,Rhododendron schlippenbachii
127.0913,35.73242,HUMAN_OBSERVATION,Rhododendron schlippenbachii,Rhododendron schlippenbachii
129.008621,37.149914,HUMAN_OBSERVATION,Rhododendron schlippenbachii,Rhododendron schlippenbachii
129.004868,37.166962,HUMAN_OBSERVATION,Rhododendron schlippenbachii,Rhododendron schlippenbachii
129.006317,37.17128,HUMAN_OBSERVATION,Rhododendron schlippenbachii,Rhododendron schlippenbachii
129.00882,37.14999,HUMAN_OBSERVATION,Rhododendron schlippenbachii,Rhododendron schlippenbachii
129.010742,37.148697,HUMAN_OBSERVATION,Rhododendron schlippenbachii,Rhododendron schlippenbachii
129.006241,37.172607,HUMAN_OBSERVATION,Rhododendron schlippenbachii,Rhododendron schlippenbachii
129.005997,37.172607,HUMAN_OBSERVATION,Rhododendron schlippenbachii,Rhododendron schlippenbachii
129.006302,37.172607,HUMAN_OBSERVATION,Rhododendron schlippenbachii,Rhododendron schlippenbachii
129.004852,37.172607,HUMAN_OBSERVATION,Rhododendron schlippenbachii,Rhododendron schlippenbachii
129.00621,37.170921,HUMAN_OBSERVATION,Rhododendron schlippenbachii,Rhododendron schlippenbachii
128.450078,37.766619,PRESERVED_SPECIMEN,Rhododendron schlippenbachii,Rhododendron schlippenbachii
127.5222,35.36513,HUMAN_OBSERVATION,Rhododendron schlippenbachii,Rhododendron schlippenbachii
127.5252,35.29327,HUMAN_OBSERVATION,Rhododendron schlippenbachii,Rhododendron schlippenbachii
127.4195,35.6326,HUMAN_OBSERVATION,Rhododendron schlippenbachii,Rhododendron schlippenbachii
127.6247,35.6721,HUMAN_OBSERVATION,Rhododendron schlippenbachii,Rhododendron schlippenbachii
127.769,35.86095,HUMAN_OBSERVATION,Rhododendron schlippenbachii,Rhododendron schlippenbachii
130.915785,42.463166,HUMAN_OBSERVATION,Rhododendron schlippenbachii,Rhododendron schlippenbachii
126.9062,35.49032,HUMAN_OBSERVATION,Rhododendron schlippenbachii,Rhododendron schlippenbachii
127.106,35.50138,HUMAN_OBSERVATION,Rhododendron schlippenbachii,Rhododendron schlippenbachii
126.5294,35.57998,HUMAN_OBSERVATION,Rhododendron schlippenbachii,Rhododendron schlippenbachii
126.9027,35.50029,HUMAN_OBSERVATION,Rhododendron schlippenbachii,Rhododendron schlippenbachii
127.5335,35.59798,HUMAN_OBSERVATION,Rhododendron schlippenbachii,Rhododendron schlippenbachii
128.1343,38.16637,HUMAN_OBSERVATION,Rhododendron schlippenbachii,Rhododendron schlippenbachii
131.201625,42.593038,HUMAN_OBSERVATION,Rhododendron schlippenbachii,Rhododendron schlippenbachii
131.20354,42.573373,HUMAN_OBSERVATION,Rhododendron schlippenbachii,Rhododendron schlippenbachii
131.203644,42.600267,HUMAN_OBSERVATION,Rhododendron schlippenbachii,Rhododendron schlippenbachii
131.21545,42.59498,HUMAN_OBSERVATION,Rhododendron schlippenbachii,Rhododendron schlippenbachii
131.193738,42.592438,HUMAN_OBSERVATION,Rhododendron schlippenbachii,Rhododendron schlippenbachii
131.194033,42.589312,HUMAN_OBSERVATION,Rhododendron schlippenbachii,Rhododendron schlippenbachii
131.205517,42.591753,HUMAN_OBSERVATION,Rhododendron schlippenbachii,Rhododendron schlippenbachii
131.21129,42.60179,HUMAN_OBSERVATION,Rhododendron schlippenbachii,Rhododendron schlippenbachii
127.073177,37.40181,HUMAN_OBSERVATION,Rhododendron schlippenbachii,Rhododendron schlippenbachii
127.171465,37.470663,HUMAN_OBSERVATION,Rhododendron schlippenbachii,Rhododendron schlippenbachii
130.914525,42.461959,HUMAN_OBSERVATION,Rhododendron schlippenbachii,Rhododendron schlippenbachii
128.185298,37.320445,PRESERVED_SPECIMEN,Rhododendron schlippenbachii,Rhododendron schlippenbachii
128.185451,37.320603,PRESERVED_SPECIMEN,Rhododendron schlippenbachii,Rhododendron schlippenbachii
128.184664,37.319855,PRESERVED_SPECIMEN,Rhododendron schlippenbachii,Rhododendron schlippenbachii
129.197007,37.366878,PRESERVED_SPECIMEN,Rhododendron schlippenbachii,Rhododendron schlippenbachii
129.281064,35.577837,HUMAN_OBSERVATION,Rhododendron schlippenbachii,Rhododendron schlippenbachii
128.5101,38.00722,HUMAN_OBSERVATION,Rhododendron schlippenbachii,Rhododendron schlippenbachii
129.2786,35.57607,HUMAN_OBSERVATION,Rhododendron schlippenbachii,Rhododendron schlippenbachii
128.6712,37.61084,HUMAN_OBSERVATION,Rhododendron schlippenbachii,Rhododendron schlippenbachii
128.1197,38.17857,HUMAN_OBSERVATION,Rhododendron schlippenbachii,Rhododendron schlippenbachii
127.046218,37.396233,HUMAN_OBSERVATION,Rhododendron schlippenbachii,Rhododendron schlippenbachii
127.090935,37.437367,HUMAN_OBSERVATION,Rhododendron schlippenbachii,Rhododendron schlippenbachii
127.274561,38.199859,PRESERVED_SPECIMEN,Rhododendron schlippenbachii,Rhododendron schlippenbachii
129.2426,35.52768,HUMAN_OBSERVATION,Rhododendron schlippenbachii,Rhododendron schlippenbachii
129.2425,35.52758,HUMAN_OBSERVATION,Rhododendron schlippenbachii,Rhododendron schlippenbachii
129.2426,35.52767,HUMAN_OBSERVATION,Rhododendron schlippenbachii,Rhododendron schlippenbachii
128.458299,37.536021,PRESERVED_SPECIMEN,Rhododendron schlippenbachii,Rhododendron schlippenbachii
127.5235,35.36745,HUMAN_OBSERVATION,Rhododendron schlippenbachii,Rhododendron schlippenbachii
127.1541,35.17438,HUMAN_OBSERVATION,Rhododendron schlippenbachii,Rhododendron schlippenbachii
127.5233,35.36657,HUMAN_OBSERVATION,Rhododendron schlippenbachii,Rhododendron schlippenbachii
127.1542,35.17438,HUMAN_OBSERVATION,Rhododendron schlippenbachii,Rhododendron schlippenbachii
129.335556,36.565278,HUMAN_OBSERVATION,Rhododendron schlippenbachii,Rhododendron schlippenbachii
127.358652,36.768647,HUMAN_OBSERVATION,Rhododendron schlippenbachii,Rhododendron schlippenbachii
127.358652,36.768647,HUMAN_OBSERVATION,Rhododendron schlippenbachii,Rhododendron schlippenbachii
127.285315,36.770063,HUMAN_OBSERVATION,Rhododendron schlippenbachii,Rhododendron schlippenbachii
127.136026,35.116504,HUMAN_OBSERVATION,Rhododendron schlippenbachii,Rhododendron schlippenbachii
126.958137,35.465822,HUMAN_OBSERVATION,Rhododendron schlippenbachii,Rhododendron schlippenbachii
127.078913,36.721836,HUMAN_OBSERVATION,Rhododendron schlippenbachii,Rhododendron schlippenbachii
128.146959,37.457583,HUMAN_OBSERVATION,Rhododendron schlippenbachii,Rhododendron schlippenbachii
128.057937,37.196198,PRESERVED_SPECIMEN,Rhododendron schlippenbachii,Rhododendron schlippenbachii
128.057937,37.196198,PRESERVED_SPECIMEN,Rhododendron schlippenbachii,Rhododendron schlippenbachii
128.347639,36.851556,PRESERVED_SPECIMEN,Rhododendron schlippenbachii,Rhododendron schlippenbachii
128.321833,36.850028,PRESERVED_SPECIMEN,Rhododendron schlippenbachii,Rhododendron schlippenbachii
128.24,38.004722,HUMAN_OBSERVATION,Rhododendron schlippenbachii,Rhododendron schlippenbachii
127.534544,35.813621,HUMAN_OBSERVATION,Rhododendron schlippenbachii,Rhododendron schlippenbachii
127.513056,35.792222,HUMAN_OBSERVATION,Rhododendron schlippenbachii,Rhododendron schlippenbachii
129.049178,35.486745,HUMAN_OBSERVATION,Rhododendron schlippenbachii,Rhododendron schlippenbachii
129.208008,35.55592,HUMAN_OBSERVATION,Rhododendron schlippenbachii,Rhododendron schlippenbachii
129.2081,35.555838,HUMAN_OBSERVATION,Rhododendron schlippenbachii,Rhododendron schlippenbachii
129.060364,35.474788,HUMAN_OBSERVATION,Rhododendron schlippenbachii,Rhododendron schlippenbachii
128.320078,35.243558,HUMAN_OBSERVATION,Rhododendron schlippenbachii,Rhododendron schlippenbachii
127.023364,35.566163,HUMAN_OBSERVATION,Rhododendron schlippenbachii,Rhododendron schlippenbachii
129.052076,35.486996,HUMAN_OBSERVATION,Rhododendron schlippenbachii,Rhododendron schlippenbachii
129.050314,35.487247000000004,HUMAN_OBSERVATION,Rhododendron schlippenbachii,Rhododendron schlippenbachii
128.553783,35.207941,HUMAN_OBSERVATION,Rhododendron schlippenbachii,Rhododendron schlippenbachii
131.148914,42.751064,HUMAN_OBSERVATION,Rhododendron schlippenbachii,Rhododendron schlippenbachii
131.191501,42.661272,HUMAN_OBSERVATION,Rhododendron schlippenbachii,Rhododendron schlippenbachii
127.806944,36.073056,PRESERVED_SPECIMEN,Rhododendron schlippenbachii,Rhododendron schlippenbachii
127.806944,36.073056,PRESERVED_SPECIMEN,Rhododendron schlippenbachii,Rhododendron schlippenbachii
127.806944,36.073056,PRESERVED_SPECIMEN,Rhododendron schlippenbachii,Rhododendron schlippenbachii
127.806944,36.073056,PRESERVED_SPECIMEN,Rhododendron schlippenbachii,Rhododendron schlippenbachii
127.806944,36.073056,PRESERVED_SPECIMEN,Rhododendron schlippenbachii,Rhododendron schlippenbachii
127.806944,36.073056,PRESERVED_SPECIMEN,Rhododendron schlippenbachii,Rhododendron schlippenbachii
132.152348,43.691373,HUMAN_OBSERVATION,Rhododendron schlippenbachii,Rhododendron schlippenbachii
131.208417,42.561083000000004,HUMAN_OBSERVATION,Rhododendron schlippenbachii,Rhododendron schlippenbachii
131.166319,42.579689,HUMAN_OBSERVATION,Rhododendron schlippenbachii,Rhododendron schlippenbachii
127.524668,35.29685,HUMAN_OBSERVATION,Rhododendron schlippenbachii,Rhododendron schlippenbachii
127.52982,35.296098,HUMAN_OBSERVATION,Rhododendron schlippenbachii,Rhododendron schlippenbachii
127.529259,35.296456,HUMAN_OBSERVATION,Rhododendron schlippenbachii,Rhododendron schlippenbachii
127.525336,35.292995,HUMAN_OBSERVATION,Rhododendron schlippenbachii,Rhododendron schlippenbachii
127.525165,35.293091,HUMAN_OBSERVATION,Rhododendron schlippenbachii,Rhododendron schlippenbachii
127.474133,35.656752,HUMAN_OBSERVATION,Rhododendron schlippenbachii,Rhododendron schlippenbachii
127.532192,35.293722,HUMAN_OBSERVATION,Rhododendron schlippenbachii,Rhododendron schlippenbachii
127.472531,35.657553,HUMAN_OBSERVATION,Rhododendron schlippenbachii,Rhododendron schlippenbachii
128.213056,37.030556,HUMAN_OBSERVATION,Rhododendron schlippenbachii,Rhododendron schlippenbachii
127.517974,35.300551,HUMAN_OBSERVATION,Rhododendron schlippenbachii,Rhododendron schlippenbachii
127.688155,35.943753,HUMAN_OBSERVATION,Rhododendron schlippenbachii,Rhododendron schlippenbachii
129.053494,35.462932,HUMAN_OBSERVATION,Rhododendron schlippenbachii,Rhododendron schlippenbachii
127.457354,35.666894,HUMAN_OBSERVATION,Rhododendron schlippenbachii,Rhododendron schlippenbachii
128.995589,37.208128,HUMAN_OBSERVATION,Rhododendron schlippenbachii,Rhododendron schlippenbachii
127.383143,35.607231,HUMAN_OBSERVATION,Rhododendron schlippenbachii,Rhododendron schlippenbachii
127.610556,35.431111,HUMAN_OBSERVATION,Rhododendron schlippenbachii,Rhododendron schlippenbachii
127.688464,35.943923,HUMAN_OBSERVATION,Rhododendron schlippenbachii,Rhododendron schlippenbachii
125.898172,34.747743,HUMAN_OBSERVATION,Rhododendron schlippenbachii,Rhododendron schlippenbachii
131.204368,42.590882,HUMAN_OBSERVATION,Rhododendron schlippenbachii,Rhododendron schlippenbachii
127.276735,35.804761,HUMAN_OBSERVATION,Rhododendron schlippenbachii,Rhododendron schlippenbachii
127.702534,35.836858,HUMAN_OBSERVATION,Rhododendron schlippenbachii,Rhododendron schlippenbachii
127.51268,35.304822,HUMAN_OBSERVATION,Rhododendron schlippenbachii,Rhododendron schlippenbachii
126.972885,35.488496,HUMAN_OBSERVATION,Rhododendron schlippenbachii,Rhododendron schlippenbachii
131.212821,42.591973,HUMAN_OBSERVATION,Rhododendron schlippenbachii,Rhododendron schlippenbachii
131.210546,42.561447,HUMAN_OBSERVATION,Rhododendron schlippenbachii,Rhododendron schlippenbachii
131.20821,42.578996,HUMAN_OBSERVATION,Rhododendron schlippenbachii,Rhododendron schlippenbachii
131.20008,42.587597,HUMAN_OBSERVATION,Rhododendron schlippenbachii,Rhododendron schlippenbachii
131.20821,42.578996,HUMAN_OBSERVATION,Rhododendron schlippenbachii,Rhododendron schlippenbachii
131.212821,42.591973,HUMAN_OBSERVATION,Rhododendron schlippenbachii,Rhododendron schlippenbachii
131.20008,42.587597,HUMAN_OBSERVATION,Rhododendron schlippenbachii,Rhododendron schlippenbachii
131.210546,42.561447,HUMAN_OBSERVATION,Rhododendron schlippenbachii,Rhododendron schlippenbachii
130.9157,42.463233,HUMAN_OBSERVATION,Rhododendron schlippenbachii,Rhododendron schlippenbachii
128.124253,38.215297,HUMAN_OBSERVATION,Rhododendron schlippenbachii,Rhododendron schlippenbachii
129.149839,36.394766,HUMAN_OBSERVATION,Rhododendron schlippenbachii,Rhododendron schlippenbachii
129.151507,36.394397,HUMAN_OBSERVATION,Rhododendron schlippenbachii,Rhododendron schlippenbachii
127.522199,35.364822,HUMAN_OBSERVATION,Rhododendron schlippenbachii,Rhododendron schlippenbachii
127.4246,35.635613,HUMAN_OBSERVATION,Rhododendron schlippenbachii,Rhododendron schlippenbachii
127.417865,35.626527,HUMAN_OBSERVATION,Rhododendron schlippenbachii,Rhododendron schlippenbachii
129.278228,35.577858,HUMAN_OBSERVATION,Rhododendron schlippenbachii,Rhododendron schlippenbachii
127.202772,35.477554,HUMAN_OBSERVATION,Rhododendron schlippenbachii,Rhododendron schlippenbachii
126.574748,35.490503,HUMAN_OBSERVATION,Rhododendron schlippenbachii,Rhododendron schlippenbachii
126.63212300000001,35.687136,HUMAN_OBSERVATION,Rhododendron schlippenbachii,Rhododendron schlippenbachii
126.629773,35.683787,HUMAN_OBSERVATION,Rhododendron schlippenbachii,Rhododendron schlippenbachii
126.575074,35.490655,HUMAN_OBSERVATION,Rhododendron schlippenbachii,Rhododendron schlippenbachii
126.974502,35.487134,HUMAN_OBSERVATION,Rhododendron schlippenbachii,Rhododendron schlippenbachii
126.863512,35.52534,HUMAN_OBSERVATION,Rhododendron schlippenbachii,Rhododendron schlippenbachii
126.891077,35.794618,HUMAN_OBSERVATION,Rhododendron schlippenbachii,Rhododendron schlippenbachii
129.14426,35.463847,HUMAN_OBSERVATION,Rhododendron schlippenbachii,Rhododendron schlippenbachii
127.345314,35.745468,HUMAN_OBSERVATION,Rhododendron schlippenbachii,Rhododendron schlippenbachii
128.308333,37.88,HUMAN_OBSERVATION,Rhododendron schlippenbachii,Rhododendron schlippenbachii
128.708056,37.478056,HUMAN_OBSERVATION,Rhododendron schlippenbachii,Rhododendron schlippenbachii
128.428333,37.1075,HUMAN_OBSERVATION,Rhododendron schlippenbachii,Rhododendron schlippenbachii
128.65,37.481111,HUMAN_OBSERVATION,Rhododendron schlippenbachii,Rhododendron schlippenbachii
127.570442,35.31,HUMAN_OBSERVATION,Rhododendron schlippenbachii,Rhododendron schlippenbachii
129.078735,35.242285,HUMAN_OBSERVATION,Rhododendron schlippenbachii,Rhododendron schlippenbachii
129.214945,35.551835,HUMAN_OBSERVATION,Rhododendron schlippenbachii,Rhododendron schlippenbachii
127.244406,36.686665,HUMAN_OBSERVATION,Rhododendron schlippenbachii,Rhododendron schlippenbachii
128.146943,37.457276,HUMAN_OBSERVATION,Rhododendron schlippenbachii,Rhododendron schlippenbachii
127.472,36.074917,PRESERVED_SPECIMEN,Rhododendron schlippenbachii,Rhododendron schlippenbachii
127.472,36.074917,PRESERVED_SPECIMEN,Rhododendron schlippenbachii,Rhododendron schlippenbachii
127.472,36.074917,PRESERVED_SPECIMEN,Rhododendron schlippenbachii,Rhododendron schlippenbachii
127.472,36.074917,PRESERVED_SPECIMEN,Rhododendron schlippenbachii,Rhododendron schlippenbachii
127.472,36.074917,PRESERVED_SPECIMEN,Rhododendron schlippenbachii,Rhododendron schlippenbachii
126.98804,37.471279,HUMAN_OBSERVATION,Rhododendron schlippenbachii,Rhododendron schlippenbachii
127.542305,35.54995,PRESERVED_SPECIMEN,Rhododendron schlippenbachii,Rhododendron schlippenbachii
127.194289,37.480275,HUMAN_OBSERVATION,Rhododendron schlippenbachii,Rhododendron schlippenbachii
129.250062,35.640297,HUMAN_OBSERVATION,Rhododendron schlippenbachii,Rhododendron schlippenbachii
127.415556,35.634444,HUMAN_OBSERVATION,Rhododendron schlippenbachii,Rhododendron schlippenbachii
127.188008,35.557592,HUMAN_OBSERVATION,Rhododendron schlippenbachii,Rhododendron schlippenbachii
129.376145,35.666787,HUMAN_OBSERVATION,Rhododendron schlippenbachii,Rhododendron schlippenbachii
127.095906,35.742529,HUMAN_OBSERVATION,Rhododendron schlippenbachii,Rhododendron schlippenbachii
127.095876,35.749103,HUMAN_OBSERVATION,Rhododendron schlippenbachii,Rhododendron schlippenbachii
129.122655,37.525067,HUMAN_OBSERVATION,Rhododendron schlippenbachii,Rhododendron schlippenbachii
126.649537,35.662457,HUMAN_OBSERVATION,Rhododendron schlippenbachii,Rhododendron schlippenbachii
127.065556,35.761944,HUMAN_OBSERVATION,Rhododendron schlippenbachii,Rhododendron schlippenbachii
126.583576,35.603974,HUMAN_OBSERVATION,Rhododendron schlippenbachii,Rhododendron schlippenbachii
127.087505,35.810255,HUMAN_OBSERVATION,Rhododendron schlippenbachii,Rhododendron schlippenbachii
127.342185,35.8207,HUMAN_OBSERVATION,Rhododendron schlippenbachii,Rhododendron schlippenbachii
127.560556,35.529444,HUMAN_OBSERVATION,Rhododendron schlippenbachii,Rhododendron schlippenbachii
127.58367,35.36735,HUMAN_OBSERVATION,Rhododendron schlippenbachii,Rhododendron schlippenbachii
129.063056,35.554167,HUMAN_OBSERVATION,Rhododendron schlippenbachii,Rhododendron schlippenbachii
129.216389,35.787778,HUMAN_OBSERVATION,Rhododendron schlippenbachii,Rhododendron schlippenbachii
129.411111,35.767778,HUMAN_OBSERVATION,Rhododendron schlippenbachii,Rhododendron schlippenbachii
129.000445,35.589007,HUMAN_OBSERVATION,Rhododendron schlippenbachii,Rhododendron schlippenbachii
128.145371,37.456291,HUMAN_OBSERVATION,Rhododendron schlippenbachii,Rhododendron schlippenbachii
127.178828,37.481768,HUMAN_OBSERVATION,Rhododendron schlippenbachii,Rhododendron schlippenbachii
128.144625,37.456081,HUMAN_OBSERVATION,Rhododendron schlippenbachii,Rhododendron schlippenbachii
126.946039,37.459554,HUMAN_OBSERVATION,Rhododendron schlippenbachii,Rhododendron schlippenbachii
127.469444,35.6425,HUMAN_OBSERVATION,Rhododendron schlippenbachii,Rhododendron schlippenbachii
128.998134,37.254501,HUMAN_OBSERVATION,Rhododendron schlippenbachii,Rhododendron schlippenbachii
127.323056,35.857222,HUMAN_OBSERVATION,Rhododendron schlippenbachii,Rhododendron schlippenbachii
128.99937,37.253483,HUMAN_OBSERVATION,Rhododendron schlippenbachii,Rhododendron schlippenbachii
126.896667,35.495,HUMAN_OBSERVATION,Rhododendron schlippenbachii,Rhododendron schlippenbachii
129.032436,35.549238,HUMAN_OBSERVATION,Rhododendron schlippenbachii,Rhododendron schlippenbachii
127.531389,35.294542,HUMAN_OBSERVATION,Rhododendron schlippenbachii,Rhododendron schlippenbachii
127.688333,35.943889,HUMAN_OBSERVATION,Rhododendron schlippenbachii,Rhododendron schlippenbachii
127.52111,35.295875,HUMAN_OBSERVATION,Rhododendron schlippenbachii,Rhododendron schlippenbachii
127.32321,35.85709,HUMAN_OBSERVATION,Rhododendron schlippenbachii,Rhododendron schlippenbachii
128.447778,38.020833,HUMAN_OBSERVATION,Rhododendron schlippenbachii,Rhododendron schlippenbachii
128.44351,38.47398,HUMAN_OBSERVATION,Rhododendron schlippenbachii,Rhododendron schlippenbachii
127.447,35.526722,PRESERVED_SPECIMEN,Rhododendron schlippenbachii,Rhododendron schlippenbachii
127.578796,35.567963,PRESERVED_SPECIMEN,Rhododendron schlippenbachii,Rhododendron schlippenbachii
126.921667,35.439167,HUMAN_OBSERVATION,Rhododendron schlippenbachii,Rhododendron schlippenbachii
127.477492,35.676544,HUMAN_OBSERVATION,Rhododendron schlippenbachii,Rhododendron schlippenbachii
129.087359,36.231526,HUMAN_OBSERVATION,Rhododendron schlippenbachii,Rhododendron schlippenbachii
127.547291,35.348366,HUMAN_OBSERVATION,Rhododendron schlippenbachii,Rhododendron schlippenbachii
127.547291,35.348366,HUMAN_OBSERVATION,Rhododendron schlippenbachii,Rhododendron schlippenbachii
127.050494,37.415346,HUMAN_OBSERVATION,Rhododendron schlippenbachii,Rhododendron schlippenbachii
128.921515,36.783246,HUMAN_OBSERVATION,Rhododendron schlippenbachii,Rhododendron schlippenbachii
127.058503,37.422297,HUMAN_OBSERVATION,Rhododendron schlippenbachii,Rhododendron schlippenbachii
128.921783,36.782883,HUMAN_OBSERVATION,Rhododendron schlippenbachii,Rhododendron schlippenbachii
128.920686,36.783706,HUMAN_OBSERVATION,Rhododendron schlippenbachii,Rhododendron schlippenbachii
127.047553,37.413617,HUMAN_OBSERVATION,Rhododendron schlippenbachii,Rhododendron schlippenbachii
128.905457,35.418633,HUMAN_OBSERVATION,Rhododendron schlippenbachii,Rhododendron schlippenbachii
128.90955,35.426256,HUMAN_OBSERVATION,Rhododendron schlippenbachii,Rhododendron schlippenbachii
127.403652,35.757053,HUMAN_OBSERVATION,Rhododendron schlippenbachii,Rhododendron schlippenbachii
128.736944,35.980278,HUMAN_OBSERVATION,Rhododendron schlippenbachii,Rhododendron schlippenbachii
128.905487,35.418712,HUMAN_OBSERVATION,Rhododendron schlippenbachii,Rhododendron schlippenbachii
127.469521,35.675085,HUMAN_OBSERVATION,Rhododendron schlippenbachii,Rhododendron schlippenbachii
127.061072,37.419412,HUMAN_OBSERVATION,Rhododendron schlippenbachii,Rhododendron schlippenbachii
128.707917,37.995103,HUMAN_OBSERVATION,Rhododendron schlippenbachii,Rhododendron schlippenbachii
127.053619,37.419914,HUMAN_OBSERVATION,Rhododendron schlippenbachii,Rhododendron schlippenbachii
127.059678,37.41465,HUMAN_OBSERVATION,Rhododendron schlippenbachii,Rhododendron schlippenbachii
128.664078,37.997258,HUMAN_OBSERVATION,Rhododendron schlippenbachii,Rhododendron schlippenbachii
127.519022,35.297624,HUMAN_OBSERVATION,Rhododendron schlippenbachii,Rhododendron schlippenbachii
127.106033,35.501193,HUMAN_OBSERVATION,Rhododendron schlippenbachii,Rhododendron schlippenbachii
128.464016,38.219556,HUMAN_OBSERVATION,Rhododendron schlippenbachii,Rhododendron schlippenbachii
127.6025,35.634167,HUMAN_OBSERVATION,Rhododendron schlippenbachii,Rhododendron schlippenbachii
127.417778,35.874722,HUMAN_OBSERVATION,Rhododendron schlippenbachii,Rhododendron schlippenbachii
126.826217,35.49365,HUMAN_OBSERVATION,Rhododendron schlippenbachii,Rhododendron schlippenbachii
128.906389,36.264444,HUMAN_OBSERVATION,Rhododendron schlippenbachii,Rhododendron schlippenbachii
129.122222,36.343056,HUMAN_OBSERVATION,Rhododendron schlippenbachii,Rhododendron schlippenbachii
129.106389,35.650833,HUMAN_OBSERVATION,Rhododendron schlippenbachii,Rhododendron schlippenbachii
128.143182,37.459917,HUMAN_OBSERVATION,Rhododendron schlippenbachii,Rhododendron schlippenbachii
127.097252,37.639075,HUMAN_OBSERVATION,Rhododendron schlippenbachii,Rhododendron schlippenbachii
127.031534,36.671241,HUMAN_OBSERVATION,Rhododendron schlippenbachii,Rhododendron schlippenbachii
128.143182,37.459917,HUMAN_OBSERVATION,Rhododendron schlippenbachii,Rhododendron schlippenbachii
129.087306,35.654167,PRESERVED_SPECIMEN,Rhododendron schlippenbachii,Rhododendron schlippenbachii
128.538803,35.714336,PRESERVED_SPECIMEN,Rhododendron schlippenbachii,Rhododendron schlippenbachii
129.087306,35.654167,PRESERVED_SPECIMEN,Rhododendron schlippenbachii,Rhododendron schlippenbachii
127.095719,35.742507,HUMAN_OBSERVATION,Rhododendron schlippenbachii,Rhododendron schlippenbachii
129.082603,35.251718,HUMAN_OBSERVATION,Rhododendron schlippenbachii,Rhododendron schlippenbachii
127.065178,35.757992,HUMAN_OBSERVATION,Rhododendron schlippenbachii,Rhododendron schlippenbachii
129.080878,35.558239,HUMAN_OBSERVATION,Rhododendron schlippenbachii,Rhododendron schlippenbachii
129.284444,35.622222,HUMAN_OBSERVATION,Rhododendron schlippenbachii,Rhododendron schlippenbachii
127.70856,35.339981,HUMAN_OBSERVATION,Rhododendron schlippenbachii,Rhododendron schlippenbachii
129.039323,35.620046,HUMAN_OBSERVATION,Rhododendron schlippenbachii,Rhododendron schlippenbachii
128.143182,37.459917,HUMAN_OBSERVATION,Rhododendron schlippenbachii,Rhododendron schlippenbachii
131.211278,42.57823,HUMAN_OBSERVATION,Rhododendron schlippenbachii,Rhododendron schlippenbachii
128.143182,37.459917,HUMAN_OBSERVATION,Rhododendron schlippenbachii,Rhododendron schlippenbachii
127.613609,35.307013,HUMAN_OBSERVATION,Rhododendron schlippenbachii,Rhododendron schlippenbachii
129.883333,36.444444,PRESERVED_SPECIMEN,Rhododendron schlippenbachii,Rhododendron schlippenbachii
129.883333,36.444444,PRESERVED_SPECIMEN,Rhododendron schlippenbachii,Rhododendron schlippenbachii
129.883333,36.444444,PRESERVED_SPECIMEN,Rhododendron schlippenbachii,Rhododendron schlippenbachii
129.883333,36.444444,PRESERVED_SPECIMEN,Rhododendron schlippenbachii,Rhododendron schlippenbachii
129.883333,36.444444,PRESERVED_SPECIMEN,Rhododendron schlippenbachii,Rhododendron schlippenbachii
129.883333,36.444444,PRESERVED_SPECIMEN,Rhododendron schlippenbachii,Rhododendron schlippenbachii
127.521857,35.301595,HUMAN_OBSERVATION,Rhododendron schlippenbachii,Rhododendron schlippenbachii
128.143182,37.459917,HUMAN_OBSERVATION,Rhododendron schlippenbachii,Rhododendron schlippenbachii
128.143182,37.459917,HUMAN_OBSERVATION,Rhododendron schlippenbachii,Rhododendron schlippenbachii
128.515121,35.719414,PRESERVED_SPECIMEN,Rhododendron schlippenbachii,Rhododendron schlippenbachii
128.515121,35.719414,PRESERVED_SPECIMEN,Rhododendron schlippenbachii,Rhododendron schlippenbachii
127.974167,35.494722,PRESERVED_SPECIMEN,Rhododendron schlippenbachii,Rhododendron schlippenbachii
127.974722,35.491111,PRESERVED_SPECIMEN,Rhododendron schlippenbachii,Rhododendron schlippenbachii
127.520976,35.296724,HUMAN_OBSERVATION,Rhododendron schlippenbachii,Rhododendron schlippenbachii
126.994147,37.57323,HUMAN_OBSERVATION,Rhododendron schlippenbachii,Rhododendron schlippenbachii
126.994928,37.573883,HUMAN_OBSERVATION,Rhododendron schlippenbachii,Rhododendron schlippenbachii
128.456925,38.125917,HUMAN_OBSERVATION,Rhododendron schlippenbachii,Rhododendron schlippenbachii
126.445643,37.607319,PRESERVED_SPECIMEN,Rhododendron schlippenbachii,Rhododendron schlippenbachii
130.917809,42.594834,HUMAN_OBSERVATION,Rhododendron schlippenbachii,Rhododendron schlippenbachii
130.922626,42.593266,HUMAN_OBSERVATION,Rhododendron schlippenbachii,Rhododendron schlippenbachii
130.923973,42.601428,HUMAN_OBSERVATION,Rhododendron schlippenbachii,Rhododendron schlippenbachii
127.683449,35.76972,HUMAN_OBSERVATION,Rhododendron schlippenbachii,Rhododendron schlippenbachii
127.026944,37.327222,HUMAN_OBSERVATION,Rhododendron schlippenbachii,Rhododendron schlippenbachii
127.74615,35.860166,HUMAN_OBSERVATION,Rhododendron schlippenbachii,Rhododendron schlippenbachii
128.404312,38.531667,HUMAN_OBSERVATION,Rhododendron schlippenbachii,Rhododendron schlippenbachii
127.201172,37.480545,HUMAN_OBSERVATION,Rhododendron schlippenbachii,Rhododendron schlippenbachii
127.199126,37.476215,HUMAN_OBSERVATION,Rhododendron schlippenbachii,Rhododendron schlippenbachii
127.199447,37.476581,HUMAN_OBSERVATION,Rhododendron schlippenbachii,Rhododendron schlippenbachii
128.371567,38.301467,HUMAN_OBSERVATION,Rhododendron schlippenbachii,Rhododendron schlippenbachii
127.523889,35.3675,HUMAN_OBSERVATION,Rhododendron schlippenbachii,Rhododendron schlippenbachii
128.516937,35.719799,PRESERVED_SPECIMEN,Rhododendron schlippenbachii,Rhododendron schlippenbachii
128.516937,35.719799,PRESERVED_SPECIMEN,Rhododendron schlippenbachii,Rhododendron schlippenbachii
126.949347,37.630055,HUMAN_OBSERVATION,Rhododendron schlippenbachii,Rhododendron schlippenbachii
128.668056,37.591944,HUMAN_OBSERVATION,Rhododendron schlippenbachii,Rhododendron schlippenbachii
126.943956,37.450547,HUMAN_OBSERVATION,Rhododendron schlippenbachii,Rhododendron schlippenbachii
127.692444,36.406639,HUMAN_OBSERVATION,Rhododendron schlippenbachii,Rhododendron schlippenbachii
129.039361,36.257944,HUMAN_OBSERVATION,Rhododendron schlippenbachii,Rhododendron schlippenbachii
128.778367,37.213025,HUMAN_OBSERVATION,Rhododendron schlippenbachii,Rhododendron schlippenbachii
127.859778,35.321139,HUMAN_OBSERVATION,Rhododendron schlippenbachii,Rhododendron schlippenbachii
128.526394,37.380556,HUMAN_OBSERVATION,Rhododendron schlippenbachii,Rhododendron schlippenbachii
128.013981,38.052639,HUMAN_OBSERVATION,Rhododendron schlippenbachii,Rhododendron schlippenbachii
128.918522,35.276694,HUMAN_OBSERVATION,Rhododendron schlippenbachii,Rhododendron schlippenbachii
128.413611,35.196389,HUMAN_OBSERVATION,Rhododendron schlippenbachii,Rhododendron schlippenbachii
129.048611,36.515806,HUMAN_OBSERVATION,Rhododendron schlippenbachii,Rhododendron schlippenbachii
128.562306,38.250333,HUMAN_OBSERVATION,Rhododendron schlippenbachii,Rhododendron schlippenbachii
128.403972,38.472167,HUMAN_OBSERVATION,Rhododendron schlippenbachii,Rhododendron schlippenbachii
128.491136,37.210281,HUMAN_OBSERVATION,Rhododendron schlippenbachii,Rhododendron schlippenbachii
129.131803,35.314311,HUMAN_OBSERVATION,Rhododendron schlippenbachii,Rhododendron schlippenbachii
128.164897,38.047972,HUMAN_OBSERVATION,Rhododendron schlippenbachii,Rhododendron schlippenbachii
128.647667,37.617917,HUMAN_OBSERVATION,Rhododendron schlippenbachii,Rhododendron schlippenbachii
127.250167,35.266306,HUMAN_OBSERVATION,Rhododendron schlippenbachii,Rhododendron schlippenbachii
127.160806,38.128444,HUMAN_OBSERVATION,Rhododendron schlippenbachii,Rhododendron schlippenbachii
128.722517,37.204183,HUMAN_OBSERVATION,Rhododendron schlippenbachii,Rhododendron schlippenbachii
129.045944,37.417964,HUMAN_OBSERVATION,Rhododendron schlippenbachii,Rhododendron schlippenbachii
127.530444,36.465861,HUMAN_OBSERVATION,Rhododendron schlippenbachii,Rhododendron schlippenbachii
129.157944,37.121528,HUMAN_OBSERVATION,Rhododendron schlippenbachii,Rhododendron schlippenbachii
129.2115,36.632917,HUMAN_OBSERVATION,Rhododendron schlippenbachii,Rhododendron schlippenbachii
128.5125,37.948472,HUMAN_OBSERVATION,Rhododendron schlippenbachii,Rhododendron schlippenbachii
127.805889,35.221278,HUMAN_OBSERVATION,Rhododendron schlippenbachii,Rhododendron schlippenbachii
128.008514,34.718211,HUMAN_OBSERVATION,Rhododendron schlippenbachii,Rhododendron schlippenbachii
127.6825,35.195194,HUMAN_OBSERVATION,Rhododendron schlippenbachii,Rhododendron schlippenbachii
127.284294,37.680935,HUMAN_OBSERVATION,Rhododendron schlippenbachii,Rhododendron schlippenbachii
127.28373,37.677631,HUMAN_OBSERVATION,Rhododendron schlippenbachii,Rhododendron schlippenbachii
127.284142,37.677231,HUMAN_OBSERVATION,Rhododendron schlippenbachii,Rhododendron schlippenbachii
126.943025,37.454208,HUMAN_OBSERVATION,Rhododendron schlippenbachii,Rhododendron schlippenbachii
126.947297,37.460358,HUMAN_OBSERVATION,Rhododendron schlippenbachii,Rhododendron schlippenbachii
128.448631,38.155613,HUMAN_OBSERVATION,Rhododendron schlippenbachii,Rhododendron schlippenbachii
128.834333,37.012694,HUMAN_OBSERVATION,Rhododendron schlippenbachii,Rhododendron schlippenbachii
129.405331,35.910181,HUMAN_OBSERVATION,Rhododendron schlippenbachii,Rhododendron schlippenbachii
128.57075,37.184378,HUMAN_OBSERVATION,Rhododendron schlippenbachii,Rhododendron schlippenbachii
127.538386,36.825117,HUMAN_OBSERVATION,Rhododendron schlippenbachii,Rhododendron schlippenbachii
128.580956,37.167756,HUMAN_OBSERVATION,Rhododendron schlippenbachii,Rhododendron schlippenbachii
129.122083,37.091444,HUMAN_OBSERVATION,Rhododendron schlippenbachii,Rhododendron schlippenbachii
128.591525,37.213456,HUMAN_OBSERVATION,Rhododendron schlippenbachii,Rhododendron schlippenbachii
128.301111,35.25625,HUMAN_OBSERVATION,Rhododendron schlippenbachii,Rhododendron schlippenbachii
128.349194,38.21375,HUMAN_OBSERVATION,Rhododendron schlippenbachii,Rhododendron schlippenbachii
129.129667,37.083722,HUMAN_OBSERVATION,Rhododendron schlippenbachii,Rhododendron schlippenbachii
128.203611,35.315278,HUMAN_OBSERVATION,Rhododendron schlippenbachii,Rhododendron schlippenbachii
128.557333,37.945556,HUMAN_OBSERVATION,Rhododendron schlippenbachii,Rhododendron schlippenbachii
128.289183,37.385708,HUMAN_OBSERVATION,Rhododendron schlippenbachii,Rhododendron schlippenbachii
127.683158,36.821967,HUMAN_OBSERVATION,Rhododendron schlippenbachii,Rhododendron schlippenbachii
128.670556,37.608639,HUMAN_OBSERVATION,Rhododendron schlippenbachii,Rhododendron schlippenbachii
128.637856,37.092297,HUMAN_OBSERVATION,Rhododendron schlippenbachii,Rhododendron schlippenbachii
128.552944,37.941611,HUMAN_OBSERVATION,Rhododendron schlippenbachii,Rhododendron schlippenbachii
126.608611,35.273333,HUMAN_OBSERVATION,Rhododendron schlippenbachii,Rhododendron schlippenbachii
128.285178,37.5846,HUMAN_OBSERVATION,Rhododendron schlippenbachii,Rhododendron schlippenbachii
127.699433,35.444067,HUMAN_OBSERVATION,Rhododendron schlippenbachii,Rhododendron schlippenbachii
128.770722,37.556417,HUMAN_OBSERVATION,Rhododendron schlippenbachii,Rhododendron schlippenbachii
127.372806,38.196778,HUMAN_OBSERVATION,Rhododendron schlippenbachii,Rhododendron schlippenbachii
128.167806,37.834389,HUMAN_OBSERVATION,Rhododendron schlippenbachii,Rhododendron schlippenbachii
128.356139,37.808,HUMAN_OBSERVATION,Rhododendron schlippenbachii,Rhododendron schlippenbachii
128.296917,38.067111,HUMAN_OBSERVATION,Rhododendron schlippenbachii,Rhododendron schlippenbachii
128.542222,35.48125,HUMAN_OBSERVATION,Rhododendron schlippenbachii,Rhododendron schlippenbachii
127.258361,35.206444,HUMAN_OBSERVATION,Rhododendron schlippenbachii,Rhododendron schlippenbachii
128.85835,37.275936,HUMAN_OBSERVATION,Rhododendron schlippenbachii,Rhododendron schlippenbachii
128.956619,35.900303,HUMAN_OBSERVATION,Rhododendron schlippenbachii,Rhododendron schlippenbachii
129.143944,37.057111,HUMAN_OBSERVATION,Rhododendron schlippenbachii,Rhododendron schlippenbachii
128.607472,37.645222,HUMAN_OBSERVATION,Rhododendron schlippenbachii,Rhododendron schlippenbachii
128.660833,37.578472,HUMAN_OBSERVATION,Rhododendron schlippenbachii,Rhododendron schlippenbachii
129.077111,37.114917,HUMAN_OBSERVATION,Rhododendron schlippenbachii,Rhododendron schlippenbachii
128.698503,35.799933,HUMAN_OBSERVATION,Rhododendron schlippenbachii,Rhododendron schlippenbachii
127.148,35.178861,HUMAN_OBSERVATION,Rhododendron schlippenbachii,Rhododendron schlippenbachii
128.161057,36.700325,HUMAN_OBSERVATION,Rhododendron schlippenbachii,Rhododendron schlippenbachii
127.5738,35.543556,HUMAN_OBSERVATION,Rhododendron schlippenbachii,Rhododendron schlippenbachii
128.975975,37.290625,HUMAN_OBSERVATION,Rhododendron schlippenbachii,Rhododendron schlippenbachii
128.786942,35.773639,HUMAN_OBSERVATION,Rhododendron schlippenbachii,Rhododendron schlippenbachii
128.902944,37.149333,HUMAN_OBSERVATION,Rhododendron schlippenbachii,Rhododendron schlippenbachii
128.254456,37.60865,HUMAN_OBSERVATION,Rhododendron schlippenbachii,Rhododendron schlippenbachii
128.327621,37.561333,HUMAN_OBSERVATION,Rhododendron schlippenbachii,Rhododendron schlippenbachii
128.327042,37.562229,HUMAN_OBSERVATION,Rhododendron schlippenbachii,Rhododendron schlippenbachii
126.991653,37.621167,HUMAN_OBSERVATION,Rhododendron schlippenbachii,Rhododendron schlippenbachii
127.378155,36.844035,HUMAN_OBSERVATION,Rhododendron schlippenbachii,Rhododendron schlippenbachii
128.138131,37.240694,HUMAN_OBSERVATION,Rhododendron schlippenbachii,Rhododendron schlippenbachii
129.058878,35.279367,HUMAN_OBSERVATION,Rhododendron schlippenbachii,Rhododendron schlippenbachii
128.291444,37.82225,HUMAN_OBSERVATION,Rhododendron schlippenbachii,Rhododendron schlippenbachii
128.321461,37.401897,HUMAN_OBSERVATION,Rhododendron schlippenbachii,Rhododendron schlippenbachii
128.681625,35.787308,HUMAN_OBSERVATION,Rhododendron schlippenbachii,Rhododendron schlippenbachii
127.685364,36.82855,HUMAN_OBSERVATION,Rhododendron schlippenbachii,Rhododendron schlippenbachii
129.123222,37.090333,HUMAN_OBSERVATION,Rhododendron schlippenbachii,Rhododendron schlippenbachii
127.869056,35.325667,HUMAN_OBSERVATION,Rhododendron schlippenbachii,Rhododendron schlippenbachii
129.127083,37.085167,HUMAN_OBSERVATION,Rhododendron schlippenbachii,Rhododendron schlippenbachii
129.119861,37.092444,HUMAN_OBSERVATION,Rhododendron schlippenbachii,Rhododendron schlippenbachii
129.106556,37.197389,HUMAN_OBSERVATION,Rhododendron schlippenbachii,Rhododendron schlippenbachii
127.680722,35.204583,HUMAN_OBSERVATION,Rhododendron schlippenbachii,Rhododendron schlippenbachii
128.544583,37.929611,HUMAN_OBSERVATION,Rhododendron schlippenbachii,Rhododendron schlippenbachii
128.310181,37.303969,HUMAN_OBSERVATION,Rhododendron schlippenbachii,Rhododendron schlippenbachii
128.293611,35.253472,HUMAN_OBSERVATION,Rhododendron schlippenbachii,Rhododendron schlippenbachii
128.384722,37.779639,HUMAN_OBSERVATION,Rhododendron schlippenbachii,Rhododendron schlippenbachii
128.080933,38.145378,HUMAN_OBSERVATION,Rhododendron schlippenbachii,Rhododendron schlippenbachii
128.533042,37.233014,HUMAN_OBSERVATION,Rhododendron schlippenbachii,Rhododendron schlippenbachii
128.893778,37.180583,HUMAN_OBSERVATION,Rhododendron schlippenbachii,Rhododendron schlippenbachii
128.511619,37.393611,HUMAN_OBSERVATION,Rhododendron schlippenbachii,Rhododendron schlippenbachii
128.916778,37.159056,HUMAN_OBSERVATION,Rhododendron schlippenbachii,Rhododendron schlippenbachii
128.956669,35.8943,HUMAN_OBSERVATION,Rhododendron schlippenbachii,Rhododendron schlippenbachii
128.653833,37.611222,HUMAN_OBSERVATION,Rhododendron schlippenbachii,Rhododendron schlippenbachii
128.975519,36.157211,HUMAN_OBSERVATION,Rhododendron schlippenbachii,Rhododendron schlippenbachii
127.266028,35.363194,HUMAN_OBSERVATION,Rhododendron schlippenbachii,Rhododendron schlippenbachii
127.246767,35.309333,HUMAN_OBSERVATION,Rhododendron schlippenbachii,Rhododendron schlippenbachii
127.281667,35.565278,HUMAN_OBSERVATION,Rhododendron schlippenbachii,Rhododendron schlippenbachii
128.392528,37.789278,HUMAN_OBSERVATION,Rhododendron schlippenbachii,Rhododendron schlippenbachii
128.751431,37.678567,HUMAN_OBSERVATION,Rhododendron schlippenbachii,Rhododendron schlippenbachii
128.67025,37.605556,HUMAN_OBSERVATION,Rhododendron schlippenbachii,Rhododendron schlippenbachii
128.761556,37.542417,HUMAN_OBSERVATION,Rhododendron schlippenbachii,Rhododendron schlippenbachii
128.377778,35.196806,HUMAN_OBSERVATION,Rhododendron schlippenbachii,Rhododendron schlippenbachii
128.857806,37.578,HUMAN_OBSERVATION,Rhododendron schlippenbachii,Rhododendron schlippenbachii
128.431222,38.47375,HUMAN_OBSERVATION,Rhododendron schlippenbachii,Rhododendron schlippenbachii
128.577083,35.47,HUMAN_OBSERVATION,Rhododendron schlippenbachii,Rhododendron schlippenbachii
128.136339,37.226919,HUMAN_OBSERVATION,Rhododendron schlippenbachii,Rhododendron schlippenbachii
128.510611,38.296889,HUMAN_OBSERVATION,Rhododendron schlippenbachii,Rhododendron schlippenbachii
128.286403,37.320506,HUMAN_OBSERVATION,Rhododendron schlippenbachii,Rhododendron schlippenbachii
128.428361,38.475861,HUMAN_OBSERVATION,Rhododendron schlippenbachii,Rhododendron schlippenbachii
128.610056,37.727167,HUMAN_OBSERVATION,Rhododendron schlippenbachii,Rhododendron schlippenbachii
128.680944,37.550389,HUMAN_OBSERVATION,Rhododendron schlippenbachii,Rhododendron schlippenbachii
128.608306,37.648278,HUMAN_OBSERVATION,Rhododendron schlippenbachii,Rhododendron schlippenbachii
128.813833,36.613917,HUMAN_OBSERVATION,Rhododendron schlippenbachii,Rhododendron schlippenbachii
128.41625,35.2025,HUMAN_OBSERVATION,Rhododendron schlippenbachii,Rhododendron schlippenbachii
128.30487,37.69115,HUMAN_OBSERVATION,Rhododendron schlippenbachii,Rhododendron schlippenbachii
126.134422,34.706808,HUMAN_OBSERVATION,Rhododendron schlippenbachii,Rhododendron schlippenbachii
128.606683,37.5965,HUMAN_OBSERVATION,Rhododendron schlippenbachii,Rhododendron schlippenbachii
127.410944,38.310361,PRESERVED_SPECIMEN,Rhododendron schlippenbachii,Rhododendron schlippenbachii
127.319167,38.307194,PRESERVED_SPECIMEN,Rhododendron schlippenbachii,Rhododendron schlippenbachii
127.902667,38.309556,PRESERVED_SPECIMEN,Rhododendron schlippenbachii,Rhododendron schlippenbachii
128.074417,38.299139,PRESERVED_SPECIMEN,Rhododendron schlippenbachii,Rhododendron schlippenbachii
127.865306,38.288111,PRESERVED_SPECIMEN,Rhododendron schlippenbachii,Rhododendron schlippenbachii
128.514333,38.289889,PRESERVED_SPECIMEN,Rhododendron schlippenbachii,Rhododendron schlippenbachii
127.611778,38.308611,PRESERVED_SPECIMEN,Rhododendron schlippenbachii,Rhododendron schlippenbachii
128.991667,35.7,HUMAN_OBSERVATION,Rhododendron schlippenbachii,Rhododendron schlippenbachii
126.955237,37.658385,HUMAN_OBSERVATION,Rhododendron schlippenbachii,Rhododendron schlippenbachii
127.450317,37.1479,HUMAN_OBSERVATION,Rhododendron schlippenbachii,Rhododendron schlippenbachii
127.562361,37.044306,HUMAN_OBSERVATION,Rhododendron schlippenbachii,Rhododendron schlippenbachii
127.400389,37.018028,HUMAN_OBSERVATION,Rhododendron schlippenbachii,Rhododendron schlippenbachii
127.146114,36.0244,HUMAN_OBSERVATION,Rhododendron schlippenbachii,Rhododendron schlippenbachii
127.45035,37.14936,HUMAN_OBSERVATION,Rhododendron schlippenbachii,Rhododendron schlippenbachii
127.602028,36.2145,HUMAN_OBSERVATION,Rhododendron schlippenbachii,Rhododendron schlippenbachii
126.815222,36.430667,HUMAN_OBSERVATION,Rhododendron schlippenbachii,Rhododendron schlippenbachii
126.601111,36.276667,HUMAN_OBSERVATION,Rhododendron schlippenbachii,Rhododendron schlippenbachii
126.46981100000001,37.257528,HUMAN_OBSERVATION,Rhododendron schlippenbachii,Rhododendron schlippenbachii
127.277006,37.205119,HUMAN_OBSERVATION,Rhododendron schlippenbachii,Rhododendron schlippenbachii
127.230306,36.414194,HUMAN_OBSERVATION,Rhododendron schlippenbachii,Rhododendron schlippenbachii
127.35,36.228611,HUMAN_OBSERVATION,Rhododendron schlippenbachii,Rhododendron schlippenbachii
127.698797,34.821389,HUMAN_OBSERVATION,Rhododendron schlippenbachii,Rhododendron schlippenbachii
127.454917,37.153533,HUMAN_OBSERVATION,Rhododendron schlippenbachii,Rhododendron schlippenbachii
127.031139,37.345917,HUMAN_OBSERVATION,Rhododendron schlippenbachii,Rhododendron schlippenbachii
127.357222,34.640833,HUMAN_OBSERVATION,Rhododendron schlippenbachii,Rhododendron schlippenbachii
127.186028,37.053203,HUMAN_OBSERVATION,Rhododendron schlippenbachii,Rhododendron schlippenbachii
127.18,34.721389,HUMAN_OBSERVATION,Rhododendron schlippenbachii,Rhododendron schlippenbachii
127.4553,37.1541,HUMAN_OBSERVATION,Rhododendron schlippenbachii,Rhododendron schlippenbachii
127.608833,36.216833,HUMAN_OBSERVATION,Rhododendron schlippenbachii,Rhododendron schlippenbachii
128.084139,36.18975,HUMAN_OBSERVATION,Rhododendron schlippenbachii,Rhododendron schlippenbachii
126.620278,36.230556,HUMAN_OBSERVATION,Rhododendron schlippenbachii,Rhododendron schlippenbachii
127.329458,36.045728,HUMAN_OBSERVATION,Rhododendron schlippenbachii,Rhododendron schlippenbachii
126.667419,36.117142,HUMAN_OBSERVATION,Rhododendron schlippenbachii,Rhododendron schlippenbachii
127.698797,34.821389,HUMAN_OBSERVATION,Rhododendron schlippenbachii,Rhododendron schlippenbachii
126.900389,37.365111,HUMAN_OBSERVATION,Rhododendron schlippenbachii,Rhododendron schlippenbachii
127.410556,34.6825,HUMAN_OBSERVATION,Rhododendron schlippenbachii,Rhododendron schlippenbachii
127.090089,37.681147,HUMAN_OBSERVATION,Rhododendron schlippenbachii,Rhododendron schlippenbachii
127.605467,34.673283,HUMAN_OBSERVATION,Rhododendron schlippenbachii,Rhododendron schlippenbachii
126.960556,37.4425,HUMAN_OBSERVATION,Rhododendron schlippenbachii,Rhododendron schlippenbachii
127.855,37.186667,HUMAN_OBSERVATION,Rhododendron schlippenbachii,Rhododendron schlippenbachii
127.643439,34.943139,HUMAN_OBSERVATION,Rhododendron schlippenbachii,Rhododendron schlippenbachii
126.6125,36.267778,HUMAN_OBSERVATION,Rhododendron schlippenbachii,Rhododendron schlippenbachii
127.570528,37.066889,HUMAN_OBSERVATION,Rhododendron schlippenbachii,Rhododendron schlippenbachii
127.1905,37.212753,HUMAN_OBSERVATION,Rhododendron schlippenbachii,Rhododendron schlippenbachii
127.442722,34.958383,HUMAN_OBSERVATION,Rhododendron schlippenbachii,Rhododendron schlippenbachii
127.103703,37.067789,HUMAN_OBSERVATION,Rhododendron schlippenbachii,Rhododendron schlippenbachii
127.855,37.186667,HUMAN_OBSERVATION,Rhododendron schlippenbachii,Rhododendron schlippenbachii
127.699622,37.127903,HUMAN_OBSERVATION,Rhododendron schlippenbachii,Rhododendron schlippenbachii
127.285542,36.404114,HUMAN_OBSERVATION,Rhododendron schlippenbachii,Rhododendron schlippenbachii
127.699622,37.127903,HUMAN_OBSERVATION,Rhododendron schlippenbachii,Rhododendron schlippenbachii
127.855,37.186667,HUMAN_OBSERVATION,Rhododendron schlippenbachii,Rhododendron schlippenbachii
127.855,37.186667,HUMAN_OBSERVATION,Rhododendron schlippenbachii,Rhododendron schlippenbachii
127.855,37.186667,HUMAN_OBSERVATION,Rhododendron schlippenbachii,Rhododendron schlippenbachii
127.855,37.186667,HUMAN_OBSERVATION,Rhododendron schlippenbachii,Rhododendron schlippenbachii
127.887278,36.155139,HUMAN_OBSERVATION,Rhododendron schlippenbachii,Rhododendron schlippenbachii
127.699622,37.127903,HUMAN_OBSERVATION,Rhododendron schlippenbachii,Rhododendron schlippenbachii
127.282778,36.368611,HUMAN_OBSERVATION,Rhododendron schlippenbachii,Rhododendron schlippenbachii
127.699622,37.127903,HUMAN_OBSERVATION,Rhododendron schlippenbachii,Rhododendron schlippenbachii
127.716044,34.742586,HUMAN_OBSERVATION,Rhododendron schlippenbachii,Rhododendron schlippenbachii
127.699622,37.127903,HUMAN_OBSERVATION,Rhododendron schlippenbachii,Rhododendron schlippenbachii
127.4679,37.3593,HUMAN_OBSERVATION,Rhododendron schlippenbachii,Rhododendron schlippenbachii
127.920925,36.077553,HUMAN_OBSERVATION,Rhododendron schlippenbachii,Rhododendron schlippenbachii
128.26836,34.96777,HUMAN_OBSERVATION,Rhododendron schlippenbachii,Rhododendron schlippenbachii
127.608558,34.80995,HUMAN_OBSERVATION,Rhododendron schlippenbachii,Rhododendron schlippenbachii
127.837528,36.068028,HUMAN_OBSERVATION,Rhododendron schlippenbachii,Rhododendron schlippenbachii
127.397917,37.025778,HUMAN_OBSERVATION,Rhododendron schlippenbachii,Rhododendron schlippenbachii
127.203333,36.286667,HUMAN_OBSERVATION,Rhododendron schlippenbachii,Rhododendron schlippenbachii
127.054083,37.350139,HUMAN_OBSERVATION,Rhododendron schlippenbachii,Rhododendron schlippenbachii
127.970611,37.119567,HUMAN_OBSERVATION,Rhododendron schlippenbachii,Rhododendron schlippenbachii
127.932922,36.090714,HUMAN_OBSERVATION,Rhododendron schlippenbachii,Rhododendron schlippenbachii
127.294672,36.401764,HUMAN_OBSERVATION,Rhododendron schlippenbachii,Rhododendron schlippenbachii
128.055278,36.184944,HUMAN_OBSERVATION,Rhododendron schlippenbachii,Rhododendron schlippenbachii
127.450348,37.14734,HUMAN_OBSERVATION,Rhododendron schlippenbachii,Rhododendron schlippenbachii
127.970611,37.119567,HUMAN_OBSERVATION,Rhododendron schlippenbachii,Rhododendron schlippenbachii
127.970611,37.119567,HUMAN_OBSERVATION,Rhododendron schlippenbachii,Rhododendron schlippenbachii
127.773214,34.680456,HUMAN_OBSERVATION,Rhododendron schlippenbachii,Rhododendron schlippenbachii
127.699622,37.127903,HUMAN_OBSERVATION,Rhododendron schlippenbachii,Rhododendron schlippenbachii
127.699622,37.127903,HUMAN_OBSERVATION,Rhododendron schlippenbachii,Rhododendron schlippenbachii
126.692267,36.281042,HUMAN_OBSERVATION,Rhododendron schlippenbachii,Rhododendron schlippenbachii
127.183772,34.799444,HUMAN_OBSERVATION,Rhododendron schlippenbachii,Rhododendron schlippenbachii
127.66665,37.405583,HUMAN_OBSERVATION,Rhododendron schlippenbachii,Rhododendron schlippenbachii
126.781244,36.308367,HUMAN_OBSERVATION,Rhododendron schlippenbachii,Rhododendron schlippenbachii
128.90617,37.111584,HUMAN_OBSERVATION,Rhododendron schlippenbachii,Rhododendron schlippenbachii
128.90535,37.111875,HUMAN_OBSERVATION,Rhododendron schlippenbachii,Rhododendron schlippenbachii
127.406556,37.014194,HUMAN_OBSERVATION,Rhododendron schlippenbachii,Rhododendron schlippenbachii
127.826722,37.201,HUMAN_OBSERVATION,Rhododendron schlippenbachii,Rhododendron schlippenbachii
128.360556,36.488333,HUMAN_OBSERVATION,Rhododendron schlippenbachii,Rhododendron schlippenbachii
127.690639,37.15225,HUMAN_OBSERVATION,Rhododendron schlippenbachii,Rhododendron schlippenbachii
127.826722,37.201,HUMAN_OBSERVATION,Rhododendron schlippenbachii,Rhododendron schlippenbachii
127.2883,34.541039,HUMAN_OBSERVATION,Rhododendron schlippenbachii,Rhododendron schlippenbachii
127.80075,36.077111,HUMAN_OBSERVATION,Rhododendron schlippenbachii,Rhododendron schlippenbachii
127.6788,37.138697,HUMAN_OBSERVATION,Rhododendron schlippenbachii,Rhododendron schlippenbachii
126.659411,36.457233,HUMAN_OBSERVATION,Rhododendron schlippenbachii,Rhododendron schlippenbachii
127.206633,35.904953,HUMAN_OBSERVATION,Rhododendron schlippenbachii,Rhododendron schlippenbachii
127.690639,37.15225,HUMAN_OBSERVATION,Rhododendron schlippenbachii,Rhododendron schlippenbachii
127.055833,37.3155,HUMAN_OBSERVATION,Rhododendron schlippenbachii,Rhododendron schlippenbachii
127.776306,37.068861,HUMAN_OBSERVATION,Rhododendron schlippenbachii,Rhododendron schlippenbachii
127.826722,37.201,HUMAN_OBSERVATION,Rhododendron schlippenbachii,Rhododendron schlippenbachii
127.371667,36.215556,HUMAN_OBSERVATION,Rhododendron schlippenbachii,Rhododendron schlippenbachii
127.776306,37.068861,HUMAN_OBSERVATION,Rhododendron schlippenbachii,Rhododendron schlippenbachii
127.216139,34.954722,HUMAN_OBSERVATION,Rhododendron schlippenbachii,Rhododendron schlippenbachii
126.615833,36.268889,HUMAN_OBSERVATION,Rhododendron schlippenbachii,Rhododendron schlippenbachii
128.389722,36.304722,HUMAN_OBSERVATION,Rhododendron schlippenbachii,Rhododendron schlippenbachii
127.776306,37.068861,HUMAN_OBSERVATION,Rhododendron schlippenbachii,Rhododendron schlippenbachii
127.905017,34.791139,HUMAN_OBSERVATION,Rhododendron schlippenbachii,Rhododendron schlippenbachii
127.088317,37.392778,HUMAN_OBSERVATION,Rhododendron schlippenbachii,Rhododendron schlippenbachii
128.108592,38.655113,HUMAN_OBSERVATION,Rhododendron schlippenbachii,Rhododendron schlippenbachii
127.46121,37.149293,HUMAN_OBSERVATION,Rhododendron schlippenbachii,Rhododendron schlippenbachii
127.466504,37.15588,HUMAN_OBSERVATION,Rhododendron schlippenbachii,Rhododendron schlippenbachii
127.39744,37.010826,HUMAN_OBSERVATION,Rhododendron schlippenbachii,Rhododendron schlippenbachii
127.858639,37.185389,HUMAN_OBSERVATION,Rhododendron schlippenbachii,Rhododendron schlippenbachii
127.858639,37.185389,HUMAN_OBSERVATION,Rhododendron schlippenbachii,Rhododendron schlippenbachii
127.856278,37.185944,HUMAN_OBSERVATION,Rhododendron schlippenbachii,Rhododendron schlippenbachii
127.456875,37.14749,HUMAN_OBSERVATION,Rhododendron schlippenbachii,Rhododendron schlippenbachii
127.399789,37.015277,HUMAN_OBSERVATION,Rhododendron schlippenbachii,Rhododendron schlippenbachii
127.400509,37.018261,HUMAN_OBSERVATION,Rhododendron schlippenbachii,Rhododendron schlippenbachii
127.461389,36.077222,HUMAN_OBSERVATION,Rhododendron schlippenbachii,Rhododendron schlippenbachii
128.095061,34.973117,HUMAN_OBSERVATION,Rhododendron schlippenbachii,Rhododendron schlippenbachii
127.826472,36.098722,HUMAN_OBSERVATION,Rhododendron schlippenbachii,Rhododendron schlippenbachii
127.1916,37.472305,HUMAN_OBSERVATION,Rhododendron schlippenbachii,Rhododendron schlippenbachii
127.741056,37.075722,HUMAN_OBSERVATION,Rhododendron schlippenbachii,Rhododendron schlippenbachii
127.661508,36.064742,HUMAN_OBSERVATION,Rhododendron schlippenbachii,Rhododendron schlippenbachii
127.946083,37.113333,HUMAN_OBSERVATION,Rhododendron schlippenbachii,Rhododendron schlippenbachii
127.946083,37.113333,HUMAN_OBSERVATION,Rhododendron schlippenbachii,Rhododendron schlippenbachii
127.854472,37.186444,HUMAN_OBSERVATION,Rhododendron schlippenbachii,Rhododendron schlippenbachii
127.854472,37.186444,HUMAN_OBSERVATION,Rhododendron schlippenbachii,Rhododendron schlippenbachii
127.685694,36.062292,HUMAN_OBSERVATION,Rhododendron schlippenbachii,Rhododendron schlippenbachii
127.946083,37.113333,HUMAN_OBSERVATION,Rhododendron schlippenbachii,Rhododendron schlippenbachii
126.9095,34.902972,HUMAN_OBSERVATION,Rhododendron schlippenbachii,Rhododendron schlippenbachii
128.142583,36.243167,HUMAN_OBSERVATION,Rhododendron schlippenbachii,Rhododendron schlippenbachii
127.454034,37.156231,HUMAN_OBSERVATION,Rhododendron schlippenbachii,Rhododendron schlippenbachii
127.855028,37.186972,HUMAN_OBSERVATION,Rhododendron schlippenbachii,Rhododendron schlippenbachii
127.950972,36.223389,HUMAN_OBSERVATION,Rhododendron schlippenbachii,Rhododendron schlippenbachii
126.901783,34.540867,HUMAN_OBSERVATION,Rhododendron schlippenbachii,Rhododendron schlippenbachii
127.450781,37.150534,HUMAN_OBSERVATION,Rhododendron schlippenbachii,Rhododendron schlippenbachii
127.441944,36.204167,HUMAN_OBSERVATION,Rhododendron schlippenbachii,Rhododendron schlippenbachii
127.085972,34.934,HUMAN_OBSERVATION,Rhododendron schlippenbachii,Rhododendron schlippenbachii
127.571214,37.068938,HUMAN_OBSERVATION,Rhododendron schlippenbachii,Rhododendron schlippenbachii
127.389747,34.522086,HUMAN_OBSERVATION,Rhododendron schlippenbachii,Rhododendron schlippenbachii
127.866722,36.061417,HUMAN_OBSERVATION,Rhododendron schlippenbachii,Rhododendron schlippenbachii
126.778611,37.449444,HUMAN_OBSERVATION,Rhododendron schlippenbachii,Rhododendron schlippenbachii
127.603797,34.66535,HUMAN_OBSERVATION,Rhododendron schlippenbachii,Rhododendron schlippenbachii
127.453324,37.155552,HUMAN_OBSERVATION,Rhododendron schlippenbachii,Rhododendron schlippenbachii
127.912111,36.172917,HUMAN_OBSERVATION,Rhododendron schlippenbachii,Rhododendron schlippenbachii
127.44674,37.14246,HUMAN_OBSERVATION,Rhododendron schlippenbachii,Rhododendron schlippenbachii
128.26015,34.96379,HUMAN_OBSERVATION,Rhododendron schlippenbachii,Rhododendron schlippenbachii
127.453482,37.155589,HUMAN_OBSERVATION,Rhododendron schlippenbachii,Rhododendron schlippenbachii
128.108139,36.151833,HUMAN_OBSERVATION,Rhododendron schlippenbachii,Rhododendron schlippenbachii
127.501597,34.965367,HUMAN_OBSERVATION,Rhododendron schlippenbachii,Rhododendron schlippenbachii
127.584708,34.817358,HUMAN_OBSERVATION,Rhododendron schlippenbachii,Rhododendron schlippenbachii
127.716136,34.824136,HUMAN_OBSERVATION,Rhododendron schlippenbachii,Rhododendron schlippenbachii
127.3925,37.026822,HUMAN_OBSERVATION,Rhododendron schlippenbachii,Rhododendron schlippenbachii
127.869717,34.992381,HUMAN_OBSERVATION,Rhododendron schlippenbachii,Rhododendron schlippenbachii
127.444894,37.14134,HUMAN_OBSERVATION,Rhododendron schlippenbachii,Rhododendron schlippenbachii
127.855889,36.201139,HUMAN_OBSERVATION,Rhododendron schlippenbachii,Rhododendron schlippenbachii
127.267694,37.4825,HUMAN_OBSERVATION,Rhododendron schlippenbachii,Rhododendron schlippenbachii
128.316778,38.428111,PRESERVED_SPECIMEN,Rhododendron schlippenbachii,Rhododendron schlippenbachii
127.097678,37.631053,HUMAN_OBSERVATION,Rhododendron schlippenbachii,Rhododendron schlippenbachii
128.647861,35.802417,PRESERVED_SPECIMEN,Rhododendron schlippenbachii,Rhododendron schlippenbachii
127.546278,37.845056,HUMAN_OBSERVATION,Rhododendron schlippenbachii,Rhododendron schlippenbachii
127.405167,38.056222,HUMAN_OBSERVATION,Rhododendron schlippenbachii,Rhododendron schlippenbachii
127.997361,36.076111,HUMAN_OBSERVATION,Rhododendron schlippenbachii,Rhododendron schlippenbachii
127.399306,38.053806,HUMAN_OBSERVATION,Rhododendron schlippenbachii,Rhododendron schlippenbachii
128.133705,35.963145,HUMAN_OBSERVATION,Rhododendron schlippenbachii,Rhododendron schlippenbachii
128.018778,37.088444,HUMAN_OBSERVATION,Rhododendron schlippenbachii,Rhododendron schlippenbachii
128.454,35.285667,HUMAN_OBSERVATION,Rhododendron schlippenbachii,Rhododendron schlippenbachii
128.018417,37.090333,HUMAN_OBSERVATION,Rhododendron schlippenbachii,Rhododendron schlippenbachii
127.394167,38.025556,HUMAN_OBSERVATION,Rhododendron schlippenbachii,Rhododendron schlippenbachii
127.640528,37.926806,HUMAN_OBSERVATION,Rhododendron schlippenbachii,Rhododendron schlippenbachii
128.000194,36.078472,HUMAN_OBSERVATION,Rhododendron schlippenbachii,Rhododendron schlippenbachii
127.444333,37.427361,HUMAN_OBSERVATION,Rhododendron schlippenbachii,Rhododendron schlippenbachii
127.211704,36.797544,HUMAN_OBSERVATION,Rhododendron schlippenbachii,Rhododendron schlippenbachii
127.72982,38.952581,HUMAN_OBSERVATION,Rhododendron schlippenbachii,Rhododendron schlippenbachii
127.775651,38.425975,HUMAN_OBSERVATION,Rhododendron schlippenbachii,Rhododendron schlippenbachii
127.611656,37.918889,HUMAN_OBSERVATION,Rhododendron schlippenbachii,Rhododendron schlippenbachii
128.304631,36.230027,HUMAN_OBSERVATION,Rhododendron schlippenbachii,Rhododendron schlippenbachii
127.889928,37.260364,HUMAN_OBSERVATION,Rhododendron schlippenbachii,Rhododendron schlippenbachii
128.210409,36.21037,HUMAN_OBSERVATION,Rhododendron schlippenbachii,Rhododendron schlippenbachii
129.034234,35.820984,HUMAN_OBSERVATION,Rhododendron schlippenbachii,Rhododendron schlippenbachii
128.571306,36.201325,HUMAN_OBSERVATION,Rhododendron schlippenbachii,Rhododendron schlippenbachii
127.401667,38.021833,HUMAN_OBSERVATION,Rhododendron schlippenbachii,Rhododendron schlippenbachii
127.462044,35.744256,HUMAN_OBSERVATION,Rhododendron schlippenbachii,Rhododendron schlippenbachii
127.398556,38.023194,HUMAN_OBSERVATION,Rhododendron schlippenbachii,Rhododendron schlippenbachii
126.704294,34.64019,HUMAN_OBSERVATION,Rhododendron schlippenbachii,Rhododendron schlippenbachii
128.088326,37.642901,HUMAN_OBSERVATION,Rhododendron schlippenbachii,Rhododendron schlippenbachii
127.443944,38.099389,HUMAN_OBSERVATION,Rhododendron schlippenbachii,Rhododendron schlippenbachii
129.095711,35.38925,HUMAN_OBSERVATION,Rhododendron schlippenbachii,Rhododendron schlippenbachii
127.603775,37.791725,HUMAN_OBSERVATION,Rhododendron schlippenbachii,Rhododendron schlippenbachii
127.180684,37.469105,HUMAN_OBSERVATION,Rhododendron schlippenbachii,Rhododendron schlippenbachii
127.331889,37.409444,HUMAN_OBSERVATION,Rhododendron schlippenbachii,Rhododendron schlippenbachii
127.441208,38.015669,HUMAN_OBSERVATION,Rhododendron schlippenbachii,Rhododendron schlippenbachii
127.640583,37.922806,HUMAN_OBSERVATION,Rhododendron schlippenbachii,Rhododendron schlippenbachii
127.418656,38.012178,HUMAN_OBSERVATION,Rhododendron schlippenbachii,Rhododendron schlippenbachii
127.414322,38.068989,HUMAN_OBSERVATION,Rhododendron schlippenbachii,Rhododendron schlippenbachii
127.418311,38.013786,HUMAN_OBSERVATION,Rhododendron schlippenbachii,Rhododendron schlippenbachii
127.272611,35.791303,HUMAN_OBSERVATION,Rhododendron schlippenbachii,Rhododendron schlippenbachii
127.426111,37.437833,HUMAN_OBSERVATION,Rhododendron schlippenbachii,Rhododendron schlippenbachii
127.419167,35.633889,HUMAN_OBSERVATION,Rhododendron schlippenbachii,Rhododendron schlippenbachii
126.19884,34.282386,HUMAN_OBSERVATION,Rhododendron schlippenbachii,Rhododendron schlippenbachii
127.451611,38.046389,HUMAN_OBSERVATION,Rhododendron schlippenbachii,Rhododendron schlippenbachii
127.441389,38.016194,HUMAN_OBSERVATION,Rhododendron schlippenbachii,Rhododendron schlippenbachii
127.906078,35.485372,HUMAN_OBSERVATION,Rhododendron schlippenbachii,Rhododendron schlippenbachii
127.628583,37.924417,HUMAN_OBSERVATION,Rhododendron schlippenbachii,Rhododendron schlippenbachii
127.388472,38.052167,HUMAN_OBSERVATION,Rhododendron schlippenbachii,Rhododendron schlippenbachii
127.441389,38.016194,HUMAN_OBSERVATION,Rhododendron schlippenbachii,Rhododendron schlippenbachii
128.026222,36.092111,HUMAN_OBSERVATION,Rhododendron schlippenbachii,Rhododendron schlippenbachii
128.402304,37.212211,HUMAN_OBSERVATION,Rhododendron schlippenbachii,Rhododendron schlippenbachii
128.208376,37.320091,HUMAN_OBSERVATION,Rhododendron schlippenbachii,Rhododendron schlippenbachii
127.596194,37.924833,HUMAN_OBSERVATION,Rhododendron schlippenbachii,Rhododendron schlippenbachii
128.025889,36.092222,HUMAN_OBSERVATION,Rhododendron schlippenbachii,Rhododendron schlippenbachii
127.600278,37.922667,HUMAN_OBSERVATION,Rhododendron schlippenbachii,Rhododendron schlippenbachii
126.862705,34.719032,HUMAN_OBSERVATION,Rhododendron schlippenbachii,Rhododendron schlippenbachii
127.534068,36.019114,HUMAN_OBSERVATION,Rhododendron schlippenbachii,Rhododendron schlippenbachii
127.080372,36.721355,HUMAN_OBSERVATION,Rhododendron schlippenbachii,Rhododendron schlippenbachii
128.143244,37.459735,HUMAN_OBSERVATION,Rhododendron schlippenbachii,Rhododendron schlippenbachii
129.151944,35.761667,HUMAN_OBSERVATION,Rhododendron schlippenbachii,Rhododendron schlippenbachii
127.035811,36.688386,HUMAN_OBSERVATION,Rhododendron schlippenbachii,Rhododendron schlippenbachii
129.229498,35.816788,HUMAN_OBSERVATION,Rhododendron schlippenbachii,Rhododendron schlippenbachii
129.1525,35.761667,HUMAN_OBSERVATION,Rhododendron schlippenbachii,Rhododendron schlippenbachii
129.371111,36.604444,HUMAN_OBSERVATION,Rhododendron schlippenbachii,Rhododendron schlippenbachii
128.061944,37.971389,HUMAN_OBSERVATION,Rhododendron schlippenbachii,Rhododendron schlippenbachii
126.894167,34.597778,HUMAN_OBSERVATION,Rhododendron schlippenbachii,Rhododendron schlippenbachii
129.371111,36.605,HUMAN_OBSERVATION,Rhododendron schlippenbachii,Rhododendron schlippenbachii
127.350833,36.047778,HUMAN_OBSERVATION,Rhododendron schlippenbachii,Rhododendron schlippenbachii
131.20525,42.586472,LIVING_SPECIMEN,Rhododendron schlippenbachii,Rhododendron schlippenbachii
131.205278,42.586389,PRESERVED_SPECIMEN,Rhododendron schlippenbachii,Rhododendron schlippenbachii
127.56301,35.081,PRESERVED_SPECIMEN,Rhododendron schlippenbachii,Rhododendron schlippenbachii
128.97885,35.608772,HUMAN_OBSERVATION,Rhododendron schlippenbachii,Rhododendron schlippenbachii
129.696667,37.139167,HUMAN_OBSERVATION,Rhododendron schlippenbachii,Rhododendron schlippenbachii
129.696667,37.139167,HUMAN_OBSERVATION,Rhododendron schlippenbachii,Rhododendron schlippenbachii
126.96025,36.669031,HUMAN_OBSERVATION,Rhododendron schlippenbachii,Rhododendron schlippenbachii
127.781594,35.707025,HUMAN_OBSERVATION,Rhododendron schlippenbachii,Rhododendron schlippenbachii
126.907678,36.526364,HUMAN_OBSERVATION,Rhododendron schlippenbachii,Rhododendron schlippenbachii
127.859111,37.734333,HUMAN_OBSERVATION,Rhododendron schlippenbachii,Rhododendron schlippenbachii
129.378672,35.637389,HUMAN_OBSERVATION,Rhododendron schlippenbachii,Rhododendron schlippenbachii
129.258358,35.613172,HUMAN_OBSERVATION,Rhododendron schlippenbachii,Rhododendron schlippenbachii
127.859111,37.734333,HUMAN_OBSERVATION,Rhododendron schlippenbachii,Rhododendron schlippenbachii
127.260614,37.523692,HUMAN_OBSERVATION,Rhododendron schlippenbachii,Rhododendron schlippenbachii
126.928556,37.756222,HUMAN_OBSERVATION,Rhododendron schlippenbachii,Rhododendron schlippenbachii
127.859111,37.734333,HUMAN_OBSERVATION,Rhododendron schlippenbachii,Rhododendron schlippenbachii
127.859111,37.734333,HUMAN_OBSERVATION,Rhododendron schlippenbachii,Rhododendron schlippenbachii
129.202611,35.527389,HUMAN_OBSERVATION,Rhododendron schlippenbachii,Rhododendron schlippenbachii
127.289803,36.918458,HUMAN_OBSERVATION,Rhododendron schlippenbachii,Rhododendron schlippenbachii
127.091158,37.661358,HUMAN_OBSERVATION,Rhododendron schlippenbachii,Rhododendron schlippenbachii
128.564831,36.919919,HUMAN_OBSERVATION,Rhododendron schlippenbachii,Rhododendron schlippenbachii
126.928556,37.756222,HUMAN_OBSERVATION,Rhododendron schlippenbachii,Rhododendron schlippenbachii
128.707222,36.933611,HUMAN_OBSERVATION,Rhododendron schlippenbachii,Rhododendron schlippenbachii
126.397786,36.781953,HUMAN_OBSERVATION,Rhododendron schlippenbachii,Rhododendron schlippenbachii
127.464611,37.836389,HUMAN_OBSERVATION,Rhododendron schlippenbachii,Rhododendron schlippenbachii
128.321992,35.461553,HUMAN_OBSERVATION,Rhododendron schlippenbachii,Rhododendron schlippenbachii
127.040611,37.785583,HUMAN_OBSERVATION,Rhododendron schlippenbachii,Rhododendron schlippenbachii
127.214417,36.858083,HUMAN_OBSERVATION,Rhododendron schlippenbachii,Rhododendron schlippenbachii
129.154278,35.690472,HUMAN_OBSERVATION,Rhododendron schlippenbachii,Rhododendron schlippenbachii
127.742492,35.725692,HUMAN_OBSERVATION,Rhododendron schlippenbachii,Rhododendron schlippenbachii
128.189194,35.75175,HUMAN_OBSERVATION,Rhododendron schlippenbachii,Rhododendron schlippenbachii
127.951667,35.722778,HUMAN_OBSERVATION,Rhododendron schlippenbachii,Rhododendron schlippenbachii
126.399428,36.791131,HUMAN_OBSERVATION,Rhododendron schlippenbachii,Rhododendron schlippenbachii
128.057228,35.673162,PRESERVED_SPECIMEN,Rhododendron schlippenbachii,Rhododendron schlippenbachii
128.057228,35.673162,PRESERVED_SPECIMEN,Rhododendron schlippenbachii,Rhododendron schlippenbachii
128.057228,35.673162,PRESERVED_SPECIMEN,Rhododendron schlippenbachii,Rhododendron schlippenbachii
128.057228,35.673162,PRESERVED_SPECIMEN,Rhododendron schlippenbachii,Rhododendron schlippenbachii
128.057228,35.673162,PRESERVED_SPECIMEN,Rhododendron schlippenbachii,Rhododendron schlippenbachii
128.057228,35.673162,PRESERVED_SPECIMEN,Rhododendron schlippenbachii,Rhododendron schlippenbachii
128.057228,35.673162,PRESERVED_SPECIMEN,Rhododendron schlippenbachii,Rhododendron schlippenbachii
128.057228,35.673162,PRESERVED_SPECIMEN,Rhododendron schlippenbachii,Rhododendron schlippenbachii
128.057228,35.673162,PRESERVED_SPECIMEN,Rhododendron schlippenbachii,Rhododendron schlippenbachii
128.057228,35.673162,PRESERVED_SPECIMEN,Rhododendron schlippenbachii,Rhododendron schlippenbachii
127.078913,36.721974,HUMAN_OBSERVATION,Rhododendron schlippenbachii,Rhododendron schlippenbachii
128.122222,35.858333,HUMAN_OBSERVATION,Rhododendron schlippenbachii,Rhododendron schlippenbachii
128.811056,36.931,HUMAN_OBSERVATION,Rhododendron schlippenbachii,Rhododendron schlippenbachii
127.615722,37.807667,HUMAN_OBSERVATION,Rhododendron schlippenbachii,Rhododendron schlippenbachii
127.036861,36.6985,HUMAN_OBSERVATION,Rhododendron schlippenbachii,Rhododendron schlippenbachii
127.342972,36.854181,HUMAN_OBSERVATION,Rhododendron schlippenbachii,Rhododendron schlippenbachii
127.309436,37.563953,HUMAN_OBSERVATION,Rhododendron schlippenbachii,Rhododendron schlippenbachii
128.822231,35.576131,HUMAN_OBSERVATION,Rhododendron schlippenbachii,Rhododendron schlippenbachii
127.212333,36.628389,HUMAN_OBSERVATION,Rhododendron schlippenbachii,Rhododendron schlippenbachii
126.6275,36.85,HUMAN_OBSERVATION,Rhododendron schlippenbachii,Rhododendron schlippenbachii
127.288167,37.666944,HUMAN_OBSERVATION,Rhododendron schlippenbachii,Rhododendron schlippenbachii
129.400561,36.867997,HUMAN_OBSERVATION,Rhododendron schlippenbachii,Rhododendron schlippenbachii
127.060145,36.755469,HUMAN_OBSERVATION,Rhododendron schlippenbachii,Rhododendron schlippenbachii
127.564667,37.968111,HUMAN_OBSERVATION,Rhododendron schlippenbachii,Rhododendron schlippenbachii
127.932889,35.601528,HUMAN_OBSERVATION,Rhododendron schlippenbachii,Rhododendron schlippenbachii
128.053111,35.662639,HUMAN_OBSERVATION,Rhododendron schlippenbachii,Rhododendron schlippenbachii
127.471333,37.934694,HUMAN_OBSERVATION,Rhododendron schlippenbachii,Rhododendron schlippenbachii
128.219444,35.405556,HUMAN_OBSERVATION,Rhododendron schlippenbachii,Rhododendron schlippenbachii
124.697333,37.818694,HUMAN_OBSERVATION,Rhododendron schlippenbachii,Rhododendron schlippenbachii
128.778247,35.696622,HUMAN_OBSERVATION,Rhododendron schlippenbachii,Rhododendron schlippenbachii
127.089628,37.666944,HUMAN_OBSERVATION,Rhododendron schlippenbachii,Rhododendron schlippenbachii
124.728583,37.761639,HUMAN_OBSERVATION,Rhododendron schlippenbachii,Rhododendron schlippenbachii
127.342972,36.854181,HUMAN_OBSERVATION,Rhododendron schlippenbachii,Rhododendron schlippenbachii
128.908133,36.789953,HUMAN_OBSERVATION,Rhododendron schlippenbachii,Rhododendron schlippenbachii
129.196047,36.9132,HUMAN_OBSERVATION,Rhododendron schlippenbachii,Rhododendron schlippenbachii
128.919306,36.990389,HUMAN_OBSERVATION,Rhododendron schlippenbachii,Rhododendron schlippenbachii
127.289817,36.929853,HUMAN_OBSERVATION,Rhododendron schlippenbachii,Rhododendron schlippenbachii
127.085264,37.700425,HUMAN_OBSERVATION,Rhododendron schlippenbachii,Rhododendron schlippenbachii
129.298319,36.930781,HUMAN_OBSERVATION,Rhododendron schlippenbachii,Rhododendron schlippenbachii
126.919517,37.738081,HUMAN_OBSERVATION,Rhododendron schlippenbachii,Rhododendron schlippenbachii
129.241178,36.774808,HUMAN_OBSERVATION,Rhododendron schlippenbachii,Rhododendron schlippenbachii
128.649486,35.727808,HUMAN_OBSERVATION,Rhododendron schlippenbachii,Rhododendron schlippenbachii
126.790345,37.692349,HUMAN_OBSERVATION,Rhododendron schlippenbachii,Rhododendron schlippenbachii
126.715023,37.553365,HUMAN_OBSERVATION,Rhododendron schlippenbachii,Rhododendron schlippenbachii
128.195464,35.730828,HUMAN_OBSERVATION,Rhododendron schlippenbachii,Rhododendron schlippenbachii
126.961481,37.763736,HUMAN_OBSERVATION,Rhododendron schlippenbachii,Rhododendron schlippenbachii
129.364972,35.691236,HUMAN_OBSERVATION,Rhododendron schlippenbachii,Rhododendron schlippenbachii
127.498922,37.579939,HUMAN_OBSERVATION,Rhododendron schlippenbachii,Rhododendron schlippenbachii
128.142986,37.459666,HUMAN_OBSERVATION,Rhododendron schlippenbachii,Rhododendron schlippenbachii
126.420389,36.418278,HUMAN_OBSERVATION,Rhododendron schlippenbachii,Rhododendron schlippenbachii
128.683333,36.85,HUMAN_OBSERVATION,Rhododendron schlippenbachii,Rhododendron schlippenbachii
128.525,36.825,HUMAN_OBSERVATION,Rhododendron schlippenbachii,Rhododendron schlippenbachii
128.732172,35.579533,HUMAN_OBSERVATION,Rhododendron schlippenbachii,Rhododendron schlippenbachii
126.336139,36.453778,HUMAN_OBSERVATION,Rhododendron schlippenbachii,Rhododendron schlippenbachii
127.299811,37.566222,HUMAN_OBSERVATION,Rhododendron schlippenbachii,Rhododendron schlippenbachii
129.380667,36.955033,HUMAN_OBSERVATION,Rhododendron schlippenbachii,Rhododendron schlippenbachii
129.394111,36.868017,HUMAN_OBSERVATION,Rhododendron schlippenbachii,Rhododendron schlippenbachii
128.321992,35.461553,HUMAN_OBSERVATION,Rhododendron schlippenbachii,Rhododendron schlippenbachii
128.195464,35.730828,HUMAN_OBSERVATION,Rhododendron schlippenbachii,Rhododendron schlippenbachii
127.205881,37.719619,HUMAN_OBSERVATION,Rhododendron schlippenbachii,Rhododendron schlippenbachii
128.968889,35.649722,HUMAN_OBSERVATION,Rhododendron schlippenbachii,Rhododendron schlippenbachii
127.117528,37.58475,HUMAN_OBSERVATION,Rhododendron schlippenbachii,Rhododendron schlippenbachii
129.150806,35.694194,HUMAN_OBSERVATION,Rhododendron schlippenbachii,Rhododendron schlippenbachii
126.854705,37.542175,HUMAN_OBSERVATION,Rhododendron schlippenbachii,Rhododendron schlippenbachii
129.065828,36.967475,HUMAN_OBSERVATION,Rhododendron schlippenbachii,Rhododendron schlippenbachii
126.715023,37.553365,HUMAN_OBSERVATION,Rhododendron schlippenbachii,Rhododendron schlippenbachii
129.066942,36.978686,HUMAN_OBSERVATION,Rhododendron schlippenbachii,Rhododendron schlippenbachii
127.3025,36.932917,HUMAN_OBSERVATION,Rhododendron schlippenbachii,Rhododendron schlippenbachii
126.936017,37.7404,HUMAN_OBSERVATION,Rhododendron schlippenbachii,Rhododendron schlippenbachii
129.102986,35.638358,HUMAN_OBSERVATION,Rhododendron schlippenbachii,Rhododendron schlippenbachii
129.048958,35.521036,HUMAN_OBSERVATION,Rhododendron schlippenbachii,Rhododendron schlippenbachii
129.397322,35.590464,HUMAN_OBSERVATION,Rhododendron schlippenbachii,Rhododendron schlippenbachii
129.378672,35.637389,HUMAN_OBSERVATION,Rhododendron schlippenbachii,Rhododendron schlippenbachii
129.312122,36.773319,HUMAN_OBSERVATION,Rhododendron schlippenbachii,Rhododendron schlippenbachii
127.226833,37.713889,HUMAN_OBSERVATION,Rhododendron schlippenbachii,Rhododendron schlippenbachii
126.402869,36.790692,HUMAN_OBSERVATION,Rhododendron schlippenbachii,Rhododendron schlippenbachii
128.192164,35.743086,HUMAN_OBSERVATION,Rhododendron schlippenbachii,Rhododendron schlippenbachii
127.301636,37.570594,HUMAN_OBSERVATION,Rhododendron schlippenbachii,Rhododendron schlippenbachii
128.081964,35.592092,HUMAN_OBSERVATION,Rhododendron schlippenbachii,Rhododendron schlippenbachii
127.048332,37.434888,HUMAN_OBSERVATION,Rhododendron schlippenbachii,Rhododendron schlippenbachii
129.252222,38.036667,HUMAN_OBSERVATION,Rhododendron schlippenbachii,Rhododendron schlippenbachii
129.252222,38.036667,HUMAN_OBSERVATION,Rhododendron schlippenbachii,Rhododendron schlippenbachii
129.268333,37.037778,HUMAN_OBSERVATION,Rhododendron schlippenbachii,Rhododendron schlippenbachii
127.298589,35.445289,HUMAN_OBSERVATION,Rhododendron schlippenbachii,Rhododendron schlippenbachii
127.057319,35.483431,HUMAN_OBSERVATION,Rhododendron schlippenbachii,Rhododendron schlippenbachii
127.373611,35.689444,HUMAN_OBSERVATION,Rhododendron schlippenbachii,Rhododendron schlippenbachii
126.576106,35.490736,HUMAN_OBSERVATION,Rhododendron schlippenbachii,Rhododendron schlippenbachii
127.159722,35.728333,HUMAN_OBSERVATION,Rhododendron schlippenbachii,Rhododendron schlippenbachii
127.547694,35.610806,HUMAN_OBSERVATION,Rhododendron schlippenbachii,Rhododendron schlippenbachii
127.70186,35.77235,HUMAN_OBSERVATION,Rhododendron schlippenbachii,Rhododendron schlippenbachii
127.67879,35.770041,HUMAN_OBSERVATION,Rhododendron schlippenbachii,Rhododendron schlippenbachii
128.357333,37.896333,HUMAN_OBSERVATION,Rhododendron schlippenbachii,Rhododendron schlippenbachii
127.174664,35.454614,HUMAN_OBSERVATION,Rhododendron schlippenbachii,Rhododendron schlippenbachii
127.455744,35.496053,HUMAN_OBSERVATION,Rhododendron schlippenbachii,Rhododendron schlippenbachii
127.640222,35.113806,HUMAN_OBSERVATION,Rhododendron schlippenbachii,Rhododendron schlippenbachii
127.556778,35.100333,HUMAN_OBSERVATION,Rhododendron schlippenbachii,Rhododendron schlippenbachii
129.202389,37.098667,HUMAN_OBSERVATION,Rhododendron schlippenbachii,Rhododendron schlippenbachii
127.587089,35.329967,HUMAN_OBSERVATION,Rhododendron schlippenbachii,Rhododendron schlippenbachii
129.216111,37.121111,HUMAN_OBSERVATION,Rhododendron schlippenbachii,Rhododendron schlippenbachii
129.218167,37.07725,HUMAN_OBSERVATION,Rhododendron schlippenbachii,Rhododendron schlippenbachii
127.587089,35.329967,HUMAN_OBSERVATION,Rhododendron schlippenbachii,Rhododendron schlippenbachii
127.587081,35.32895,HUMAN_OBSERVATION,Rhododendron schlippenbachii,Rhododendron schlippenbachii
129.229194,37.072472,HUMAN_OBSERVATION,Rhododendron schlippenbachii,Rhododendron schlippenbachii
128.084444,36.118889,HUMAN_OBSERVATION,Rhododendron schlippenbachii,Rhododendron schlippenbachii
127.973056,36.674444,HUMAN_OBSERVATION,Rhododendron schlippenbachii,Rhododendron schlippenbachii
127.216389,35.531389,HUMAN_OBSERVATION,Rhododendron schlippenbachii,Rhododendron schlippenbachii
128.473889,36.990278000000004,HUMAN_OBSERVATION,Rhododendron schlippenbachii,Rhododendron schlippenbachii
127.968611,36.126111,HUMAN_OBSERVATION,Rhododendron schlippenbachii,Rhododendron schlippenbachii
128.065,35.522778,HUMAN_OBSERVATION,Rhododendron schlippenbachii,Rhododendron schlippenbachii
127.968611,36.126111,HUMAN_OBSERVATION,Rhododendron schlippenbachii,Rhododendron schlippenbachii
127.993333,36.233611,HUMAN_OBSERVATION,Rhododendron schlippenbachii,Rhododendron schlippenbachii
128.044167,36.1775,HUMAN_OBSERVATION,Rhododendron schlippenbachii,Rhododendron schlippenbachii
128.044167,36.1775,HUMAN_OBSERVATION,Rhododendron schlippenbachii,Rhododendron schlippenbachii
128.543056,36.926944,HUMAN_OBSERVATION,Rhododendron schlippenbachii,Rhododendron schlippenbachii
128.51,36.947778,HUMAN_OBSERVATION,Rhododendron schlippenbachii,Rhododendron schlippenbachii
128.473889,36.990278000000004,HUMAN_OBSERVATION,Rhododendron schlippenbachii,Rhododendron schlippenbachii
129.121944,36.146111,HUMAN_OBSERVATION,Rhododendron schlippenbachii,Rhododendron schlippenbachii
129.121944,36.146111,HUMAN_OBSERVATION,Rhododendron schlippenbachii,Rhododendron schlippenbachii
129.035556,36.534167,HUMAN_OBSERVATION,Rhododendron schlippenbachii,Rhododendron schlippenbachii
128.086944,36.189722,HUMAN_OBSERVATION,Rhododendron schlippenbachii,Rhododendron schlippenbachii
129.090278,37.152222,HUMAN_OBSERVATION,Rhododendron schlippenbachii,Rhododendron schlippenbachii
129.090278,37.152222,HUMAN_OBSERVATION,Rhododendron schlippenbachii,Rhododendron schlippenbachii
127.5425,36.781389,HUMAN_OBSERVATION,Rhododendron schlippenbachii,Rhododendron schlippenbachii
126.721111,36.5225,HUMAN_OBSERVATION,Rhododendron schlippenbachii,Rhododendron schlippenbachii
128.543056,36.926944,HUMAN_OBSERVATION,Rhododendron schlippenbachii,Rhododendron schlippenbachii
126.721111,36.5225,HUMAN_OBSERVATION,Rhododendron schlippenbachii,Rhododendron schlippenbachii
128.643333,35.460556,HUMAN_OBSERVATION,Rhododendron schlippenbachii,Rhododendron schlippenbachii
128.643333,35.460556,HUMAN_OBSERVATION,Rhododendron schlippenbachii,Rhododendron schlippenbachii
127.993333,36.233611,HUMAN_OBSERVATION,Rhododendron schlippenbachii,Rhododendron schlippenbachii
128.049167,36.1175,HUMAN_OBSERVATION,Rhododendron schlippenbachii,Rhododendron schlippenbachii
128.509167,37.039167,HUMAN_OBSERVATION,Rhododendron schlippenbachii,Rhododendron schlippenbachii
128.069167,36.058056,HUMAN_OBSERVATION,Rhododendron schlippenbachii,Rhododendron schlippenbachii
128.032778,36.174722,HUMAN_OBSERVATION,Rhododendron schlippenbachii,Rhododendron schlippenbachii
128.009444,36.156389,HUMAN_OBSERVATION,Rhododendron schlippenbachii,Rhododendron schlippenbachii
128.086944,36.189722,HUMAN_OBSERVATION,Rhododendron schlippenbachii,Rhododendron schlippenbachii
128.1275,36.203889,HUMAN_OBSERVATION,Rhododendron schlippenbachii,Rhododendron schlippenbachii
128.613056,37.980833,HUMAN_OBSERVATION,Rhododendron schlippenbachii,Rhododendron schlippenbachii
128.1275,36.203889,HUMAN_OBSERVATION,Rhododendron schlippenbachii,Rhododendron schlippenbachii
128.4675,37.017222,HUMAN_OBSERVATION,Rhododendron schlippenbachii,Rhododendron schlippenbachii
128.613056,37.980833,HUMAN_OBSERVATION,Rhododendron schlippenbachii,Rhododendron schlippenbachii
127.985556,36.119722,HUMAN_OBSERVATION,Rhododendron schlippenbachii,Rhododendron schlippenbachii
128.069167,36.058056,HUMAN_OBSERVATION,Rhododendron schlippenbachii,Rhododendron schlippenbachii
127.831944,35.406111,HUMAN_OBSERVATION,Rhododendron schlippenbachii,Rhododendron schlippenbachii
127.831944,35.406111,HUMAN_OBSERVATION,Rhododendron schlippenbachii,Rhododendron schlippenbachii
128.009444,36.156389,HUMAN_OBSERVATION,Rhododendron schlippenbachii,Rhododendron schlippenbachii
126.140839,34.644853,HUMAN_OBSERVATION,Rhododendron schlippenbachii,Rhododendron schlippenbachii
127.352778,35.914444,HUMAN_OBSERVATION,Rhododendron schlippenbachii,Rhododendron schlippenbachii
129.198611,35.965833,HUMAN_OBSERVATION,Rhododendron schlippenbachii,Rhododendron schlippenbachii
128.466861,35.990233,HUMAN_OBSERVATION,Rhododendron schlippenbachii,Rhododendron schlippenbachii
128.255575,35.885756,HUMAN_OBSERVATION,Rhododendron schlippenbachii,Rhododendron schlippenbachii
128.787717,35.771261,HUMAN_OBSERVATION,Rhododendron schlippenbachii,Rhododendron schlippenbachii
128.087644,37.047222,HUMAN_OBSERVATION,Rhododendron schlippenbachii,Rhododendron schlippenbachii
129.509722,35.843333,HUMAN_OBSERVATION,Rhododendron schlippenbachii,Rhododendron schlippenbachii
127.841297,35.827794,HUMAN_OBSERVATION,Rhododendron schlippenbachii,Rhododendron schlippenbachii
129.370181,37.133347,HUMAN_OBSERVATION,Rhododendron schlippenbachii,Rhododendron schlippenbachii
127.633919,35.783522,HUMAN_OBSERVATION,Rhododendron schlippenbachii,Rhododendron schlippenbachii
128.969417,37.038389,HUMAN_OBSERVATION,Rhododendron schlippenbachii,Rhododendron schlippenbachii
127.165594,36.714189,HUMAN_OBSERVATION,Lindera obtusiloba,Lindera obtusiloba
127.023809,36.655158,HUMAN_OBSERVATION,Lindera obtusiloba,Lindera obtusiloba
127.145608,36.681036,HUMAN_OBSERVATION,Lindera obtusiloba,Lindera obtusiloba
127.20092,36.837178,HUMAN_OBSERVATION,Lindera obtusiloba,Lindera obtusiloba
128.041731,35.710569,HUMAN_OBSERVATION,Lindera obtusiloba,Lindera obtusiloba
127.081326,37.201268,HUMAN_OBSERVATION,Lindera obtusiloba,Lindera obtusiloba
120.608185,36.211675,HUMAN_OBSERVATION,Lindera obtusiloba,Lindera obtusiloba
120.614322,36.206092,HUMAN_OBSERVATION,Lindera obtusiloba,Lindera obtusiloba
120.612401,36.206182,HUMAN_OBSERVATION,Lindera obtusiloba,Lindera obtusiloba
120.614169,36.211909,HUMAN_OBSERVATION,Lindera obtusiloba,Lindera obtusiloba
126.424645,37.423497,HUMAN_OBSERVATION,Lindera obtusiloba,Lindera obtusiloba
120.612803,36.206939,HUMAN_OBSERVATION,Lindera obtusiloba,Lindera obtusiloba
120.6158,36.201367,HUMAN_OBSERVATION,Lindera obtusiloba,Lindera obtusiloba
120.612877,36.206978,HUMAN_OBSERVATION,Lindera obtusiloba,Lindera obtusiloba
120.612289,36.206944,HUMAN_OBSERVATION,Lindera obtusiloba,Lindera obtusiloba
137.233562,35.807717,HUMAN_OBSERVATION,Lindera obtusiloba,Lindera obtusiloba
120.624233,36.168642,HUMAN_OBSERVATION,Lindera obtusiloba,Lindera obtusiloba
135.809163,34.245826,HUMAN_OBSERVATION,Lindera obtusiloba,Lindera obtusiloba
128.517547,35.70863,HUMAN_OBSERVATION,Lindera obtusiloba,Lindera obtusiloba
120.652,36.169457,HUMAN_OBSERVATION,Lindera obtusiloba,Lindera obtusiloba
120.653223,36.16941,HUMAN_OBSERVATION,Lindera obtusiloba,Lindera obtusiloba
120.618352,36.155625,HUMAN_OBSERVATION,Lindera obtusiloba,Lindera obtusiloba
126.978661,37.578339,HUMAN_OBSERVATION,Lindera obtusiloba,Lindera obtusiloba
138.767588,35.51337,HUMAN_OBSERVATION,Lindera obtusiloba,Lindera obtusiloba
128.763033,37.866855,HUMAN_OBSERVATION,Lindera obtusiloba,Lindera obtusiloba
120.652227,36.170037,HUMAN_OBSERVATION,Lindera obtusiloba,Lindera obtusiloba
126.386745,36.376046,HUMAN_OBSERVATION,Lindera obtusiloba,Lindera obtusiloba
127.278541,37.97482,HUMAN_OBSERVATION,Lindera obtusiloba,Lindera obtusiloba
127.279207,37.97501,HUMAN_OBSERVATION,Lindera obtusiloba,Lindera obtusiloba
128.579178,35.822997,HUMAN_OBSERVATION,Lindera obtusiloba,Lindera obtusiloba
126.345625,36.330884,HUMAN_OBSERVATION,Lindera obtusiloba,Lindera obtusiloba
127.142395,38.179905,HUMAN_OBSERVATION,Lindera obtusiloba,Lindera obtusiloba
127.112617,37.723519,HUMAN_OBSERVATION,Lindera obtusiloba,Lindera obtusiloba
127.536111,36.669211,HUMAN_OBSERVATION,Lindera obtusiloba,Lindera obtusiloba
127.279549,37.974728,HUMAN_OBSERVATION,Lindera obtusiloba,Lindera obtusiloba
128.817064,37.853565,HUMAN_OBSERVATION,Lindera obtusiloba,Lindera obtusiloba
127.279447,37.97481,HUMAN_OBSERVATION,Lindera obtusiloba,Lindera obtusiloba
127.114739,37.728519,HUMAN_OBSERVATION,Lindera obtusiloba,Lindera obtusiloba
116.156576,31.09504,HUMAN_OBSERVATION,Lindera obtusiloba,Lindera obtusiloba
133.147856,34.406326,HUMAN_OBSERVATION,Lindera obtusiloba,Lindera obtusiloba
137.261255,36.138952,HUMAN_OBSERVATION,Lindera obtusiloba,Lindera obtusiloba
128.317995,38.12062,HUMAN_OBSERVATION,Lindera obtusiloba,Lindera obtusiloba
128.186325,36.385486,HUMAN_OBSERVATION,Lindera obtusiloba,Lindera obtusiloba
136.362744,35.279044,HUMAN_OBSERVATION,Lindera obtusiloba,Lindera obtusiloba
120.606947,36.200819,HUMAN_OBSERVATION,Lindera obtusiloba,Lindera obtusiloba
127.756772,37.902105,HUMAN_OBSERVATION,Lindera obtusiloba,Lindera obtusiloba
120.478617,36.210745,HUMAN_OBSERVATION,Lindera obtusiloba,Lindera obtusiloba
138.770522,35.49188,HUMAN_OBSERVATION,Lindera obtusiloba,Lindera obtusiloba
120.581306,36.29825,HUMAN_OBSERVATION,Lindera obtusiloba,Lindera obtusiloba
128.036285,35.823721,HUMAN_OBSERVATION,Lindera obtusiloba,Lindera obtusiloba
128.597286,37.725673,HUMAN_OBSERVATION,Lindera obtusiloba,Lindera obtusiloba
119.354422,35.689005,HUMAN_OBSERVATION,Lindera obtusiloba,Lindera obtusiloba
137.946585,35.830047,HUMAN_OBSERVATION,Lindera obtusiloba,Lindera obtusiloba
126.779392,37.447581,HUMAN_OBSERVATION,Lindera obtusiloba,Lindera obtusiloba
127.151664,37.375042,HUMAN_OBSERVATION,Lindera obtusiloba,Lindera obtusiloba
127.166933,37.756287,HUMAN_OBSERVATION,Lindera obtusiloba,Lindera obtusiloba
127.176955,37.751583,HUMAN_OBSERVATION,Lindera obtusiloba,Lindera obtusiloba
127.300695,37.978203,HUMAN_OBSERVATION,Lindera obtusiloba,Lindera obtusiloba
126.978729,37.578854,HUMAN_OBSERVATION,Lindera obtusiloba,Lindera obtusiloba
138.949884,35.591936,HUMAN_OBSERVATION,Lindera obtusiloba,Lindera obtusiloba
128.595552,37.731055,HUMAN_OBSERVATION,Lindera obtusiloba,Lindera obtusiloba
126.989507,37.625848,HUMAN_OBSERVATION,Lindera obtusiloba,Lindera obtusiloba
135.32012,35.512097,HUMAN_OBSERVATION,Lindera obtusiloba,Lindera obtusiloba
126.990395,37.65868,HUMAN_OBSERVATION,Lindera obtusiloba,Lindera obtusiloba
126.899169,37.543854,HUMAN_OBSERVATION,Lindera obtusiloba,Lindera obtusiloba
127.084755,37.612133,HUMAN_OBSERVATION,Lindera obtusiloba,Lindera obtusiloba
119.514137,35.766975,HUMAN_OBSERVATION,Lindera obtusiloba,Lindera obtusiloba
127.219804,36.791259,HUMAN_OBSERVATION,Lindera obtusiloba,Lindera obtusiloba
128.302603,36.382964,HUMAN_OBSERVATION,Lindera obtusiloba,Lindera obtusiloba
127.038605,37.336973,HUMAN_OBSERVATION,Lindera obtusiloba,Lindera obtusiloba
127.168118,36.716562,HUMAN_OBSERVATION,Lindera obtusiloba,Lindera obtusiloba
126.665263,37.460576,HUMAN_OBSERVATION,Lindera obtusiloba,Lindera obtusiloba
128.039659,35.723436,HUMAN_OBSERVATION,Lindera obtusiloba,Lindera obtusiloba
126.941769,37.579311,HUMAN_OBSERVATION,Lindera obtusiloba,Lindera obtusiloba
127.255805,37.66198,HUMAN_OBSERVATION,Lindera obtusiloba,Lindera obtusiloba
127.05133,36.709349,HUMAN_OBSERVATION,Lindera obtusiloba,Lindera obtusiloba
127.539125,36.62948,HUMAN_OBSERVATION,Lindera obtusiloba,Lindera obtusiloba
128.13851,37.455099,HUMAN_OBSERVATION,Lindera obtusiloba,Lindera obtusiloba
128.143184,37.455434,HUMAN_OBSERVATION,Lindera obtusiloba,Lindera obtusiloba
128.010746,35.806857,HUMAN_OBSERVATION,Lindera obtusiloba,Lindera obtusiloba
120.006132,35.784883,HUMAN_OBSERVATION,Lindera obtusiloba,Lindera obtusiloba
127.019385,37.758246,HUMAN_OBSERVATION,Lindera obtusiloba,Lindera obtusiloba
127.008855,37.542907,HUMAN_OBSERVATION,Lindera obtusiloba,Lindera obtusiloba
127.141859,37.404805,HUMAN_OBSERVATION,Lindera obtusiloba,Lindera obtusiloba
127.858995,35.455867,HUMAN_OBSERVATION,Lindera obtusiloba,Lindera obtusiloba
120.589274,36.206788,HUMAN_OBSERVATION,Lindera obtusiloba,Lindera obtusiloba
120.587044,36.206783,HUMAN_OBSERVATION,Lindera obtusiloba,Lindera obtusiloba
124.663683,37.971712,HUMAN_OBSERVATION,Lindera obtusiloba,Lindera obtusiloba
128.493057,35.781645,HUMAN_OBSERVATION,Lindera obtusiloba,Lindera obtusiloba
129.013662,37.323348,HUMAN_OBSERVATION,Lindera obtusiloba,Lindera obtusiloba
127.166726,36.715172,HUMAN_OBSERVATION,Lindera obtusiloba,Lindera obtusiloba
126.829155,37.48563,HUMAN_OBSERVATION,Lindera obtusiloba,Lindera obtusiloba
128.60753,37.381588,HUMAN_OBSERVATION,Lindera obtusiloba,Lindera obtusiloba
128.60753,37.381588,HUMAN_OBSERVATION,Lindera obtusiloba,Lindera obtusiloba
128.60753,37.381588,HUMAN_OBSERVATION,Lindera obtusiloba,Lindera obtusiloba
128.635833,37.362178,HUMAN_OBSERVATION,Lindera obtusiloba,Lindera obtusiloba
128.638287,37.362487,HUMAN_OBSERVATION,Lindera obtusiloba,Lindera obtusiloba
128.638287,37.362487,HUMAN_OBSERVATION,Lindera obtusiloba,Lindera obtusiloba
127.0316,37.70417,HUMAN_OBSERVATION,Lindera obtusiloba,Lindera obtusiloba
128.010208,37.339405,HUMAN_OBSERVATION,Lindera obtusiloba,Lindera obtusiloba
127.224953,37.696019,HUMAN_OBSERVATION,Lindera obtusiloba,Lindera obtusiloba
126.728248,37.549436,HUMAN_OBSERVATION,Lindera obtusiloba,Lindera obtusiloba
135.415725,35.46018,HUMAN_OBSERVATION,Lindera obtusiloba,Lindera obtusiloba
125.426859,34.678597,HUMAN_OBSERVATION,Lindera obtusiloba,Lindera obtusiloba
128.511915,35.690636,HUMAN_OBSERVATION,Lindera obtusiloba,Lindera obtusiloba
127.199631,36.823916,HUMAN_OBSERVATION,Lindera obtusiloba,Lindera obtusiloba
126.828659,37.485735,HUMAN_OBSERVATION,Lindera obtusiloba,Lindera obtusiloba
126.828112,37.479663,HUMAN_OBSERVATION,Lindera obtusiloba,Lindera obtusiloba
127.029616,36.658277,HUMAN_OBSERVATION,Lindera obtusiloba,Lindera obtusiloba
126.944183,36.835678,HUMAN_OBSERVATION,Lindera obtusiloba,Lindera obtusiloba
120.607856,36.208348,HUMAN_OBSERVATION,Lindera obtusiloba,Lindera obtusiloba
138.206512,35.205912,HUMAN_OBSERVATION,Lindera obtusiloba,Lindera obtusiloba
138.459635,36.208787,HUMAN_OBSERVATION,Lindera obtusiloba,Lindera obtusiloba
139.519944,36.671657,HUMAN_OBSERVATION,Lindera obtusiloba,Lindera obtusiloba
138.518914,36.689029,HUMAN_OBSERVATION,Lindera obtusiloba,Lindera obtusiloba
138.409871,36.358831,HUMAN_OBSERVATION,Lindera obtusiloba,Lindera obtusiloba
128.420822,35.695667,PRESERVED_SPECIMEN,Lindera obtusiloba,Lindera obtusiloba
120.49159,36.292994,HUMAN_OBSERVATION,Lindera obtusiloba,Lindera obtusiloba
127.212381,34.452829,HUMAN_OBSERVATION,Lindera obtusiloba,Lindera obtusiloba
139.167247,35.827924,HUMAN_OBSERVATION,Lindera obtusiloba,Lindera obtusiloba
127.169191,36.714326,HUMAN_OBSERVATION,Lindera obtusiloba,Lindera obtusiloba
120.611394,36.206467,HUMAN_OBSERVATION,Lindera obtusiloba,Lindera obtusiloba
129.011353,37.46177,HUMAN_OBSERVATION,Lindera obtusiloba,Lindera obtusiloba
128.507867,35.710814,HUMAN_OBSERVATION,Lindera obtusiloba,Lindera obtusiloba
127.087311,37.945583,HUMAN_OBSERVATION,Lindera obtusiloba,Lindera obtusiloba
128.377455,38.157639,HUMAN_OBSERVATION,Lindera obtusiloba,Lindera obtusiloba
127.839827,36.744306,HUMAN_OBSERVATION,Lindera obtusiloba,Lindera obtusiloba
128.3842,38.15655,HUMAN_OBSERVATION,Lindera obtusiloba,Lindera obtusiloba
127.17332,37.465238,HUMAN_OBSERVATION,Lindera obtusiloba,Lindera obtusiloba
127.176195,37.471648,HUMAN_OBSERVATION,Lindera obtusiloba,Lindera obtusiloba
127.174579,37.467199,HUMAN_OBSERVATION,Lindera obtusiloba,Lindera obtusiloba
127.170722,37.466268,HUMAN_OBSERVATION,Lindera obtusiloba,Lindera obtusiloba
127.17408,37.466362,HUMAN_OBSERVATION,Lindera obtusiloba,Lindera obtusiloba
127.17415,37.466487,HUMAN_OBSERVATION,Lindera obtusiloba,Lindera obtusiloba
127.18133,37.468167,HUMAN_OBSERVATION,Lindera obtusiloba,Lindera obtusiloba
135.455358,35.507713,HUMAN_OBSERVATION,Lindera obtusiloba,Lindera obtusiloba
126.938203,37.260625,HUMAN_OBSERVATION,Lindera obtusiloba,Lindera obtusiloba
127.306386,37.114605,HUMAN_OBSERVATION,Lindera obtusiloba,Lindera obtusiloba
127.008835,37.424863,HUMAN_OBSERVATION,Lindera obtusiloba,Lindera obtusiloba
128.444271,35.760397,HUMAN_OBSERVATION,Lindera obtusiloba,Lindera obtusiloba
128.5166,35.764568,HUMAN_OBSERVATION,Lindera obtusiloba,Lindera obtusiloba
128.44002,35.760824,HUMAN_OBSERVATION,Lindera obtusiloba,Lindera obtusiloba
128.440491,35.760897,HUMAN_OBSERVATION,Lindera obtusiloba,Lindera obtusiloba
128.516353,35.709897,HUMAN_OBSERVATION,Lindera obtusiloba,Lindera obtusiloba
128.519976,35.762775,HUMAN_OBSERVATION,Lindera obtusiloba,Lindera obtusiloba
120.656456,36.206631,HUMAN_OBSERVATION,Lindera obtusiloba,Lindera obtusiloba
127.010561,36.658001,HUMAN_OBSERVATION,Lindera obtusiloba,Lindera obtusiloba
128.496393,35.781753,HUMAN_OBSERVATION,Lindera obtusiloba,Lindera obtusiloba
128.491643,35.784973,HUMAN_OBSERVATION,Lindera obtusiloba,Lindera obtusiloba
128.49206,35.786962,HUMAN_OBSERVATION,Lindera obtusiloba,Lindera obtusiloba
128.508799,35.762771,HUMAN_OBSERVATION,Lindera obtusiloba,Lindera obtusiloba
127.269005,36.673348,HUMAN_OBSERVATION,Lindera obtusiloba,Lindera obtusiloba
128.494414,35.783515,HUMAN_OBSERVATION,Lindera obtusiloba,Lindera obtusiloba
128.523575,35.76047,HUMAN_OBSERVATION,Lindera obtusiloba,Lindera obtusiloba
128.495715,35.783451,HUMAN_OBSERVATION,Lindera obtusiloba,Lindera obtusiloba
128.519984,35.762775,HUMAN_OBSERVATION,Lindera obtusiloba,Lindera obtusiloba
128.516893,35.77682,HUMAN_OBSERVATION,Lindera obtusiloba,Lindera obtusiloba
136.611983,36.383675,HUMAN_OBSERVATION,Lindera obtusiloba,Lindera obtusiloba
128.21151,36.48281,HUMAN_OBSERVATION,Lindera obtusiloba,Lindera obtusiloba
129.020963,35.311334,HUMAN_OBSERVATION,Lindera obtusiloba,Lindera obtusiloba
128.20543,36.48499,HUMAN_OBSERVATION,Lindera obtusiloba,Lindera obtusiloba
128.20584,36.48473,HUMAN_OBSERVATION,Lindera obtusiloba,Lindera obtusiloba
129.021518,35.311374,HUMAN_OBSERVATION,Lindera obtusiloba,Lindera obtusiloba
127.58153,36.08154,HUMAN_OBSERVATION,Lindera obtusiloba,Lindera obtusiloba
128.20568,36.48488,HUMAN_OBSERVATION,Lindera obtusiloba,Lindera obtusiloba
129.060541,35.234612,HUMAN_OBSERVATION,Lindera obtusiloba,Lindera obtusiloba
128.19303,36.48109,HUMAN_OBSERVATION,Lindera obtusiloba,Lindera obtusiloba
128.192417,36.481134,HUMAN_OBSERVATION,Lindera obtusiloba,Lindera obtusiloba
128.19303,36.48109,HUMAN_OBSERVATION,Lindera obtusiloba,Lindera obtusiloba
128.20488,36.484896,HUMAN_OBSERVATION,Lindera obtusiloba,Lindera obtusiloba
128.19248,36.48119,HUMAN_OBSERVATION,Lindera obtusiloba,Lindera obtusiloba
128.20543,36.48499,HUMAN_OBSERVATION,Lindera obtusiloba,Lindera obtusiloba
128.21128,36.48286,HUMAN_OBSERVATION,Lindera obtusiloba,Lindera obtusiloba
128.21128,36.48286,HUMAN_OBSERVATION,Lindera obtusiloba,Lindera obtusiloba
128.192417,36.481134,HUMAN_OBSERVATION,Lindera obtusiloba,Lindera obtusiloba
127.003063,34.410832,HUMAN_OBSERVATION,Lindera obtusiloba,Lindera obtusiloba
128.19214,36.481298,HUMAN_OBSERVATION,Lindera obtusiloba,Lindera obtusiloba
127.003063,34.410832,HUMAN_OBSERVATION,Lindera obtusiloba,Lindera obtusiloba
129.023333,35.312089,HUMAN_OBSERVATION,Lindera obtusiloba,Lindera obtusiloba
129.024435,35.31268,HUMAN_OBSERVATION,Lindera obtusiloba,Lindera obtusiloba
127.585927,36.075928,HUMAN_OBSERVATION,Lindera obtusiloba,Lindera obtusiloba
129.000757,35.251819,HUMAN_OBSERVATION,Lindera obtusiloba,Lindera obtusiloba
129.000613,35.251567,HUMAN_OBSERVATION,Lindera obtusiloba,Lindera obtusiloba
128.20478,36.48487,HUMAN_OBSERVATION,Lindera obtusiloba,Lindera obtusiloba
128.19248,36.48119,HUMAN_OBSERVATION,Lindera obtusiloba,Lindera obtusiloba
129.033188,35.314384,HUMAN_OBSERVATION,Lindera obtusiloba,Lindera obtusiloba
128.21082,36.48306,HUMAN_OBSERVATION,Lindera obtusiloba,Lindera obtusiloba
128.21082,36.48306,HUMAN_OBSERVATION,Lindera obtusiloba,Lindera obtusiloba
127.01298,34.411275,HUMAN_OBSERVATION,Lindera obtusiloba,Lindera obtusiloba
129.001039,35.245129,HUMAN_OBSERVATION,Lindera obtusiloba,Lindera obtusiloba
128.20488,36.484896,HUMAN_OBSERVATION,Lindera obtusiloba,Lindera obtusiloba
128.20413,36.48491,HUMAN_OBSERVATION,Lindera obtusiloba,Lindera obtusiloba
128.192829,36.481047,HUMAN_OBSERVATION,Lindera obtusiloba,Lindera obtusiloba
129.000926,35.244925,HUMAN_OBSERVATION,Lindera obtusiloba,Lindera obtusiloba
128.19368,36.48094,HUMAN_OBSERVATION,Lindera obtusiloba,Lindera obtusiloba
127.002891,34.410398,HUMAN_OBSERVATION,Lindera obtusiloba,Lindera obtusiloba
129.001039,35.245129,HUMAN_OBSERVATION,Lindera obtusiloba,Lindera obtusiloba
129.000625,35.245333,HUMAN_OBSERVATION,Lindera obtusiloba,Lindera obtusiloba
128.193817,36.480935,HUMAN_OBSERVATION,Lindera obtusiloba,Lindera obtusiloba
128.21162,36.48291,HUMAN_OBSERVATION,Lindera obtusiloba,Lindera obtusiloba
128.19284,36.48115,HUMAN_OBSERVATION,Lindera obtusiloba,Lindera obtusiloba
127.58152,36.08097,HUMAN_OBSERVATION,Lindera obtusiloba,Lindera obtusiloba
128.193817,36.480935,HUMAN_OBSERVATION,Lindera obtusiloba,Lindera obtusiloba
129.060541,35.234612,HUMAN_OBSERVATION,Lindera obtusiloba,Lindera obtusiloba
127.012022,34.405411,HUMAN_OBSERVATION,Lindera obtusiloba,Lindera obtusiloba
127.583939,36.071989,HUMAN_OBSERVATION,Lindera obtusiloba,Lindera obtusiloba
127.241617,36.679538,HUMAN_OBSERVATION,Lindera obtusiloba,Lindera obtusiloba
127.861865,35.706687,HUMAN_OBSERVATION,Lindera obtusiloba,Lindera obtusiloba
128.14683,37.458092,HUMAN_OBSERVATION,Lindera obtusiloba,Lindera obtusiloba
127.030783,37.720512,HUMAN_OBSERVATION,Lindera obtusiloba,Lindera obtusiloba
128.144727,37.455632,HUMAN_OBSERVATION,Lindera obtusiloba,Lindera obtusiloba
127.030639,37.707061,HUMAN_OBSERVATION,Lindera obtusiloba,Lindera obtusiloba
128.038966,35.723309,HUMAN_OBSERVATION,Lindera obtusiloba,Lindera obtusiloba
128.014033,35.711748,HUMAN_OBSERVATION,Lindera obtusiloba,Lindera obtusiloba
126.621238,36.729697,HUMAN_OBSERVATION,Lindera obtusiloba,Lindera obtusiloba
127.164429,35.777187,HUMAN_OBSERVATION,Lindera obtusiloba,Lindera obtusiloba
127.340822,36.140951,HUMAN_OBSERVATION,Lindera obtusiloba,Lindera obtusiloba
128.688491,36.998801,HUMAN_OBSERVATION,Lindera obtusiloba,Lindera obtusiloba
128.456344,36.916707,HUMAN_OBSERVATION,Lindera obtusiloba,Lindera obtusiloba
126.332223,36.986727,HUMAN_OBSERVATION,Lindera obtusiloba,Lindera obtusiloba
127.340317,36.14085,HUMAN_OBSERVATION,Lindera obtusiloba,Lindera obtusiloba
126.625967,36.681814,HUMAN_OBSERVATION,Lindera obtusiloba,Lindera obtusiloba
128.456344,36.916707,HUMAN_OBSERVATION,Lindera obtusiloba,Lindera obtusiloba
128.688491,36.998801,HUMAN_OBSERVATION,Lindera obtusiloba,Lindera obtusiloba
127.340317,36.14085,HUMAN_OBSERVATION,Lindera obtusiloba,Lindera obtusiloba
139.653946,36.981918,HUMAN_OBSERVATION,Lindera obtusiloba,Lindera obtusiloba
127.4947,37.67613,HUMAN_OBSERVATION,Lindera obtusiloba,Lindera obtusiloba
139.007353,35.59186,HUMAN_OBSERVATION,Lindera obtusiloba,Lindera obtusiloba
126.653539,36.706461,HUMAN_OBSERVATION,Lindera obtusiloba,Lindera obtusiloba
126.653539,36.706461,HUMAN_OBSERVATION,Lindera obtusiloba,Lindera obtusiloba
126.653539,36.706461,HUMAN_OBSERVATION,Lindera obtusiloba,Lindera obtusiloba
126.635782,36.718033,HUMAN_OBSERVATION,Lindera obtusiloba,Lindera obtusiloba
126.635782,36.718033,HUMAN_OBSERVATION,Lindera obtusiloba,Lindera obtusiloba
126.635782,36.718033,HUMAN_OBSERVATION,Lindera obtusiloba,Lindera obtusiloba
126.635782,36.718033,HUMAN_OBSERVATION,Lindera obtusiloba,Lindera obtusiloba
126.632888,36.664135,HUMAN_OBSERVATION,Lindera obtusiloba,Lindera obtusiloba
139.23697,35.654928,HUMAN_OBSERVATION,Lindera obtusiloba,Lindera obtusiloba
139.22901,35.651764,HUMAN_OBSERVATION,Lindera obtusiloba,Lindera obtusiloba
127.113244,37.72836,HUMAN_OBSERVATION,Lindera obtusiloba,Lindera obtusiloba
118.168474,30.14362,HUMAN_OBSERVATION,Lindera obtusiloba,Lindera obtusiloba
127.114491,37.728449,HUMAN_OBSERVATION,Lindera obtusiloba,Lindera obtusiloba
137.960701,36.276035,HUMAN_OBSERVATION,Lindera obtusiloba,Lindera obtusiloba
127.239128,36.684806,HUMAN_OBSERVATION,Lindera obtusiloba,Lindera obtusiloba
138.586986,36.35693,HUMAN_OBSERVATION,Lindera obtusiloba,Lindera obtusiloba
139.676069,36.993791,HUMAN_OBSERVATION,Lindera obtusiloba,Lindera obtusiloba
127.117222,36.429,PRESERVED_SPECIMEN,Lindera obtusiloba,Lindera obtusiloba
126.256936,37.172701000000004,HUMAN_OBSERVATION,Lindera obtusiloba,Lindera obtusiloba
127.80321000000001,35.713677,HUMAN_OBSERVATION,Lindera obtusiloba,Lindera obtusiloba
127.829042,35.814046,HUMAN_OBSERVATION,Lindera obtusiloba,Lindera obtusiloba
126.11969,34.418276,HUMAN_OBSERVATION,Lindera obtusiloba,Lindera obtusiloba
120.599347,36.214845,HUMAN_OBSERVATION,Lindera obtusiloba,Lindera obtusiloba
138.549209,36.563414,HUMAN_OBSERVATION,Lindera obtusiloba,Lindera obtusiloba
138.582751,36.57195,HUMAN_OBSERVATION,Lindera obtusiloba,Lindera obtusiloba
126.254128,34.854338,HUMAN_OBSERVATION,Lindera obtusiloba,Lindera obtusiloba
139.52091,36.716021,HUMAN_OBSERVATION,Lindera obtusiloba,Lindera obtusiloba
122.191986,37.348721,HUMAN_OBSERVATION,Lindera obtusiloba,Lindera obtusiloba
128.433111,36.897028,PRESERVED_SPECIMEN,Lindera obtusiloba,Lindera obtusiloba
127.587542,37.692942,HUMAN_OBSERVATION,Lindera obtusiloba,Lindera obtusiloba
128.490585,35.780517,HUMAN_OBSERVATION,Lindera obtusiloba,Lindera obtusiloba
129.022689,35.542668,HUMAN_OBSERVATION,Lindera obtusiloba,Lindera obtusiloba
126.638561,36.465006,PRESERVED_SPECIMEN,Lindera obtusiloba,Lindera obtusiloba
126.670875,36.454592,PRESERVED_SPECIMEN,Lindera obtusiloba,Lindera obtusiloba
125.420071,34.677633,HUMAN_OBSERVATION,Lindera obtusiloba,Lindera obtusiloba
126.367967,34.768904,HUMAN_OBSERVATION,Lindera obtusiloba,Lindera obtusiloba
128.4899,35.793143,HUMAN_OBSERVATION,Lindera obtusiloba,Lindera obtusiloba
128.347028,36.812194,PRESERVED_SPECIMEN,Lindera obtusiloba,Lindera obtusiloba
126.952286,37.449131,HUMAN_OBSERVATION,Lindera obtusiloba,Lindera obtusiloba
127.498487,35.255126,HUMAN_OBSERVATION,Lindera obtusiloba,Lindera obtusiloba
127.08705,37.395171,HUMAN_OBSERVATION,Lindera obtusiloba,Lindera obtusiloba
127.499797,35.25684,HUMAN_OBSERVATION,Lindera obtusiloba,Lindera obtusiloba
127.504088,35.261424,HUMAN_OBSERVATION,Lindera obtusiloba,Lindera obtusiloba
127.502865,35.259767,HUMAN_OBSERVATION,Lindera obtusiloba,Lindera obtusiloba
127.025453,37.68745,HUMAN_OBSERVATION,Lindera obtusiloba,Lindera obtusiloba
127.084144,37.466231,HUMAN_OBSERVATION,Lindera obtusiloba,Lindera obtusiloba
127.1258,35.65195,HUMAN_OBSERVATION,Lindera obtusiloba,Lindera obtusiloba
127.0873,35.75374,HUMAN_OBSERVATION,Lindera obtusiloba,Lindera obtusiloba
127.0597,37.43389,HUMAN_OBSERVATION,Lindera obtusiloba,Lindera obtusiloba
128.995,37.71639,HUMAN_OBSERVATION,Lindera obtusiloba,Lindera obtusiloba
127.0874,35.75367,HUMAN_OBSERVATION,Lindera obtusiloba,Lindera obtusiloba
127.862082,35.727594,HUMAN_OBSERVATION,Lindera obtusiloba,Lindera obtusiloba
127.480949,38.196701,PRESERVED_SPECIMEN,Lindera obtusiloba,Lindera obtusiloba
127.479538,38.196896,PRESERVED_SPECIMEN,Lindera obtusiloba,Lindera obtusiloba
137.952259,36.267159,HUMAN_OBSERVATION,Lindera obtusiloba,Lindera obtusiloba
127.008637,37.542781,HUMAN_OBSERVATION,Lindera obtusiloba,Lindera obtusiloba
126.9703,35.48853,HUMAN_OBSERVATION,Lindera obtusiloba,Lindera obtusiloba
126.9716,35.48868,HUMAN_OBSERVATION,Lindera obtusiloba,Lindera obtusiloba
127.2033,35.73853,HUMAN_OBSERVATION,Lindera obtusiloba,Lindera obtusiloba
128.7116,35.24299,HUMAN_OBSERVATION,Lindera obtusiloba,Lindera obtusiloba
127.0127,35.72435,HUMAN_OBSERVATION,Lindera obtusiloba,Lindera obtusiloba
128.7868,35.77472,HUMAN_OBSERVATION,Lindera obtusiloba,Lindera obtusiloba
127.2826,36.06479,HUMAN_OBSERVATION,Lindera obtusiloba,Lindera obtusiloba
128.86,37.77111,HUMAN_OBSERVATION,Lindera obtusiloba,Lindera obtusiloba
127.0127,35.72433,HUMAN_OBSERVATION,Lindera obtusiloba,Lindera obtusiloba
127.0158,35.72678,HUMAN_OBSERVATION,Lindera obtusiloba,Lindera obtusiloba
127.3035,36.13918,HUMAN_OBSERVATION,Lindera obtusiloba,Lindera obtusiloba
127.3072,36.13465,HUMAN_OBSERVATION,Lindera obtusiloba,Lindera obtusiloba
127.3398,36.13889,HUMAN_OBSERVATION,Lindera obtusiloba,Lindera obtusiloba
127.3036,36.13874,HUMAN_OBSERVATION,Lindera obtusiloba,Lindera obtusiloba
127.7595,38.12385,HUMAN_OBSERVATION,Lindera obtusiloba,Lindera obtusiloba
127.4998,35.25999,HUMAN_OBSERVATION,Lindera obtusiloba,Lindera obtusiloba
127.3391,36.13815,HUMAN_OBSERVATION,Lindera obtusiloba,Lindera obtusiloba
127.8805,38.23831,HUMAN_OBSERVATION,Lindera obtusiloba,Lindera obtusiloba
127.8802,38.23851,HUMAN_OBSERVATION,Lindera obtusiloba,Lindera obtusiloba
128.7014,35.24884,HUMAN_OBSERVATION,Lindera obtusiloba,Lindera obtusiloba
128.3894,38.22139,HUMAN_OBSERVATION,Lindera obtusiloba,Lindera obtusiloba
127.1435,35.80588,HUMAN_OBSERVATION,Lindera obtusiloba,Lindera obtusiloba
127.4694,35.38682,HUMAN_OBSERVATION,Lindera obtusiloba,Lindera obtusiloba
127.4692,35.38691,HUMAN_OBSERVATION,Lindera obtusiloba,Lindera obtusiloba
127.4677,35.38769,HUMAN_OBSERVATION,Lindera obtusiloba,Lindera obtusiloba
126.157,34.86587,HUMAN_OBSERVATION,Lindera obtusiloba,Lindera obtusiloba
127.0141,35.72517,HUMAN_OBSERVATION,Lindera obtusiloba,Lindera obtusiloba
127.0181,35.73423,HUMAN_OBSERVATION,Lindera obtusiloba,Lindera obtusiloba
127.4694,35.38698,HUMAN_OBSERVATION,Lindera obtusiloba,Lindera obtusiloba
128.2117,38.20028,HUMAN_OBSERVATION,Lindera obtusiloba,Lindera obtusiloba
127.1871,35.75309,HUMAN_OBSERVATION,Lindera obtusiloba,Lindera obtusiloba
127.19,35.75567,HUMAN_OBSERVATION,Lindera obtusiloba,Lindera obtusiloba
126.7459,35.96552,HUMAN_OBSERVATION,Lindera obtusiloba,Lindera obtusiloba
127.4029,35.60602,HUMAN_OBSERVATION,Lindera obtusiloba,Lindera obtusiloba
127.2781,36.04932,HUMAN_OBSERVATION,Lindera obtusiloba,Lindera obtusiloba
127.1014,37.58722,HUMAN_OBSERVATION,Lindera obtusiloba,Lindera obtusiloba
127.1147,35.50032,HUMAN_OBSERVATION,Lindera obtusiloba,Lindera obtusiloba
127.1146,35.50042,HUMAN_OBSERVATION,Lindera obtusiloba,Lindera obtusiloba
128.5846,37.20004,HUMAN_OBSERVATION,Lindera obtusiloba,Lindera obtusiloba
127.0948,35.73636,HUMAN_OBSERVATION,Lindera obtusiloba,Lindera obtusiloba
127.26220000000001,37.6801,HUMAN_OBSERVATION,Lindera obtusiloba,Lindera obtusiloba
128.2383,37.99583,HUMAN_OBSERVATION,Lindera obtusiloba,Lindera obtusiloba
127.3068,36.13503,HUMAN_OBSERVATION,Lindera obtusiloba,Lindera obtusiloba
129.1694,35.56007,HUMAN_OBSERVATION,Lindera obtusiloba,Lindera obtusiloba
127.221,35.81631,HUMAN_OBSERVATION,Lindera obtusiloba,Lindera obtusiloba
127.7148,35.07481,HUMAN_OBSERVATION,Lindera obtusiloba,Lindera obtusiloba
127.2166,35.78505,HUMAN_OBSERVATION,Lindera obtusiloba,Lindera obtusiloba
127.1439,35.78788,HUMAN_OBSERVATION,Lindera obtusiloba,Lindera obtusiloba
129.1697,35.55981,HUMAN_OBSERVATION,Lindera obtusiloba,Lindera obtusiloba
128.4236,35.19602,HUMAN_OBSERVATION,Lindera obtusiloba,Lindera obtusiloba
126.8834,35.43938,HUMAN_OBSERVATION,Lindera obtusiloba,Lindera obtusiloba
128.5775,38.21472,HUMAN_OBSERVATION,Lindera obtusiloba,Lindera obtusiloba
137.636483,35.006315,HUMAN_OBSERVATION,Lindera obtusiloba,Lindera obtusiloba
126.959944,37.454302,HUMAN_OBSERVATION,Lindera obtusiloba,Lindera obtusiloba
127.872723,35.58241,HUMAN_OBSERVATION,Lindera obtusiloba,Lindera obtusiloba
129.014954,37.142296,HUMAN_OBSERVATION,Lindera obtusiloba,Lindera obtusiloba
129.011414,37.150513,HUMAN_OBSERVATION,Lindera obtusiloba,Lindera obtusiloba
128.403433,37.714758,HUMAN_OBSERVATION,Lindera obtusiloba,Lindera obtusiloba
128.382233,37.677456,HUMAN_OBSERVATION,Lindera obtusiloba,Lindera obtusiloba
129.032532,37.156261,HUMAN_OBSERVATION,Lindera obtusiloba,Lindera obtusiloba
128.384216,37.675789,HUMAN_OBSERVATION,Lindera obtusiloba,Lindera obtusiloba
128.389008,37.67926,HUMAN_OBSERVATION,Lindera obtusiloba,Lindera obtusiloba
128.385696,37.67461,HUMAN_OBSERVATION,Lindera obtusiloba,Lindera obtusiloba
128.38002,37.66214,HUMAN_OBSERVATION,Lindera obtusiloba,Lindera obtusiloba
128.392532,37.682434,HUMAN_OBSERVATION,Lindera obtusiloba,Lindera obtusiloba
129.010742,37.151634,PRESERVED_SPECIMEN,Lindera obtusiloba,Lindera obtusiloba
128.38118,37.678905,PRESERVED_SPECIMEN,Lindera obtusiloba,Lindera obtusiloba
128.394012,37.684315,PRESERVED_SPECIMEN,Lindera obtusiloba,Lindera obtusiloba
128.50462,35.71252,HUMAN_OBSERVATION,Lindera obtusiloba,Lindera obtusiloba
128.50462,35.71252,HUMAN_OBSERVATION,Lindera obtusiloba,Lindera obtusiloba
127.2784,35.84547,HUMAN_OBSERVATION,Lindera obtusiloba,Lindera obtusiloba
126.7856,35.52408,HUMAN_OBSERVATION,Lindera obtusiloba,Lindera obtusiloba
127.1873,35.57292,HUMAN_OBSERVATION,Lindera obtusiloba,Lindera obtusiloba
127.1851,35.57153,HUMAN_OBSERVATION,Lindera obtusiloba,Lindera obtusiloba
127.688,35.95124,HUMAN_OBSERVATION,Lindera obtusiloba,Lindera obtusiloba
127.8156,35.86658,HUMAN_OBSERVATION,Lindera obtusiloba,Lindera obtusiloba
126.585,35.60611,HUMAN_OBSERVATION,Lindera obtusiloba,Lindera obtusiloba
128.5781,37.7623,HUMAN_OBSERVATION,Lindera obtusiloba,Lindera obtusiloba
127.8139,35.86361,HUMAN_OBSERVATION,Lindera obtusiloba,Lindera obtusiloba
127.097,35.73101,HUMAN_OBSERVATION,Lindera obtusiloba,Lindera obtusiloba
127.1078,35.6923,HUMAN_OBSERVATION,Lindera obtusiloba,Lindera obtusiloba
127.0296,35.37401,HUMAN_OBSERVATION,Lindera obtusiloba,Lindera obtusiloba
127.0302,35.37035,HUMAN_OBSERVATION,Lindera obtusiloba,Lindera obtusiloba
127.6948,35.95569,HUMAN_OBSERVATION,Lindera obtusiloba,Lindera obtusiloba
128.1745,38.04741,HUMAN_OBSERVATION,Lindera obtusiloba,Lindera obtusiloba
128.3092,38.02889,HUMAN_OBSERVATION,Lindera obtusiloba,Lindera obtusiloba
127.4828,35.17923,HUMAN_OBSERVATION,Lindera obtusiloba,Lindera obtusiloba
127.8166,35.86885,HUMAN_OBSERVATION,Lindera obtusiloba,Lindera obtusiloba
127.0882,35.74632,HUMAN_OBSERVATION,Lindera obtusiloba,Lindera obtusiloba
127.6949,35.95574,HUMAN_OBSERVATION,Lindera obtusiloba,Lindera obtusiloba
127.1341,35.68176,HUMAN_OBSERVATION,Lindera obtusiloba,Lindera obtusiloba
127.6949,35.95565,HUMAN_OBSERVATION,Lindera obtusiloba,Lindera obtusiloba
126.8811,35.52011,HUMAN_OBSERVATION,Lindera obtusiloba,Lindera obtusiloba
128.043364,35.710308,HUMAN_OBSERVATION,Lindera obtusiloba,Lindera obtusiloba
128.3904,37.707033,HUMAN_OBSERVATION,Lindera obtusiloba,Lindera obtusiloba
128.994949,37.16954,HUMAN_OBSERVATION,Lindera obtusiloba,Lindera obtusiloba
128.396561,37.701832,HUMAN_OBSERVATION,Lindera obtusiloba,Lindera obtusiloba
129.004776,37.165661,HUMAN_OBSERVATION,Lindera obtusiloba,Lindera obtusiloba
129.018799,37.155975,HUMAN_OBSERVATION,Lindera obtusiloba,Lindera obtusiloba
128.391022,37.685574,HUMAN_OBSERVATION,Lindera obtusiloba,Lindera obtusiloba
129.010651,37.151752,PRESERVED_SPECIMEN,Lindera obtusiloba,Lindera obtusiloba
120.62055,36.35006,HUMAN_OBSERVATION,Lindera obtusiloba,Lindera obtusiloba
127.098435,37.452147,HUMAN_OBSERVATION,Lindera obtusiloba,Lindera obtusiloba
127.18282,37.434416,HUMAN_OBSERVATION,Lindera obtusiloba,Lindera obtusiloba
127.17541,37.459312,HUMAN_OBSERVATION,Lindera obtusiloba,Lindera obtusiloba
127.184414,37.434698,HUMAN_OBSERVATION,Lindera obtusiloba,Lindera obtusiloba
127.147391,37.36177,HUMAN_OBSERVATION,Lindera obtusiloba,Lindera obtusiloba
127.173014,37.458342,HUMAN_OBSERVATION,Lindera obtusiloba,Lindera obtusiloba
127.095163,37.346458,HUMAN_OBSERVATION,Lindera obtusiloba,Lindera obtusiloba
127.132207,37.359122,HUMAN_OBSERVATION,Lindera obtusiloba,Lindera obtusiloba
127.180556,37.464108,HUMAN_OBSERVATION,Lindera obtusiloba,Lindera obtusiloba
127.182141,37.467716,HUMAN_OBSERVATION,Lindera obtusiloba,Lindera obtusiloba
127.181716,37.47085,HUMAN_OBSERVATION,Lindera obtusiloba,Lindera obtusiloba
127.182011,37.470452,HUMAN_OBSERVATION,Lindera obtusiloba,Lindera obtusiloba
127.055556,37.387222,HUMAN_OBSERVATION,Lindera obtusiloba,Lindera obtusiloba
127.18198,37.466858,HUMAN_OBSERVATION,Lindera obtusiloba,Lindera obtusiloba
127.18909,37.445986,HUMAN_OBSERVATION,Lindera obtusiloba,Lindera obtusiloba
127.072213,37.423933,HUMAN_OBSERVATION,Lindera obtusiloba,Lindera obtusiloba
127.190529,37.445043,HUMAN_OBSERVATION,Lindera obtusiloba,Lindera obtusiloba
127.190468,37.445017,HUMAN_OBSERVATION,Lindera obtusiloba,Lindera obtusiloba
127.188474,37.445702,HUMAN_OBSERVATION,Lindera obtusiloba,Lindera obtusiloba
127.186376,37.446628,HUMAN_OBSERVATION,Lindera obtusiloba,Lindera obtusiloba
127.188286,37.445725,HUMAN_OBSERVATION,Lindera obtusiloba,Lindera obtusiloba
127.041275,37.397413,HUMAN_OBSERVATION,Lindera obtusiloba,Lindera obtusiloba
127.186481,37.446605,HUMAN_OBSERVATION,Lindera obtusiloba,Lindera obtusiloba
127.045688,37.396475,HUMAN_OBSERVATION,Lindera obtusiloba,Lindera obtusiloba
127.038893,37.394907,HUMAN_OBSERVATION,Lindera obtusiloba,Lindera obtusiloba
127.186472,37.435325,HUMAN_OBSERVATION,Lindera obtusiloba,Lindera obtusiloba
127.072218,37.424578,HUMAN_OBSERVATION,Lindera obtusiloba,Lindera obtusiloba
127.185189,37.434919,HUMAN_OBSERVATION,Lindera obtusiloba,Lindera obtusiloba
127.07055,37.40203,HUMAN_OBSERVATION,Lindera obtusiloba,Lindera obtusiloba
127.073015,37.401923,HUMAN_OBSERVATION,Lindera obtusiloba,Lindera obtusiloba
127.073061,37.402335,HUMAN_OBSERVATION,Lindera obtusiloba,Lindera obtusiloba
127.069267,37.40154,HUMAN_OBSERVATION,Lindera obtusiloba,Lindera obtusiloba
127.141646,37.416742,HUMAN_OBSERVATION,Lindera obtusiloba,Lindera obtusiloba
127.166211,37.469899,HUMAN_OBSERVATION,Lindera obtusiloba,Lindera obtusiloba
127.141192,37.416408,HUMAN_OBSERVATION,Lindera obtusiloba,Lindera obtusiloba
127.14447,37.418028,HUMAN_OBSERVATION,Lindera obtusiloba,Lindera obtusiloba
127.140091,37.41624,HUMAN_OBSERVATION,Lindera obtusiloba,Lindera obtusiloba
127.067276,37.426058,HUMAN_OBSERVATION,Lindera obtusiloba,Lindera obtusiloba
127.143828,37.416379,HUMAN_OBSERVATION,Lindera obtusiloba,Lindera obtusiloba
127.064556,37.426666,HUMAN_OBSERVATION,Lindera obtusiloba,Lindera obtusiloba
127.14344,37.419611,HUMAN_OBSERVATION,Lindera obtusiloba,Lindera obtusiloba
127.06342,37.427815,HUMAN_OBSERVATION,Lindera obtusiloba,Lindera obtusiloba
127.06585,37.426773,HUMAN_OBSERVATION,Lindera obtusiloba,Lindera obtusiloba
127.058964,37.427094,HUMAN_OBSERVATION,Lindera obtusiloba,Lindera obtusiloba
127.062842,37.427662,HUMAN_OBSERVATION,Lindera obtusiloba,Lindera obtusiloba
127.058865,37.427087,HUMAN_OBSERVATION,Lindera obtusiloba,Lindera obtusiloba
127.139983,37.416206,HUMAN_OBSERVATION,Lindera obtusiloba,Lindera obtusiloba
127.179507,37.464551,HUMAN_OBSERVATION,Lindera obtusiloba,Lindera obtusiloba
127.172601,37.409992,HUMAN_OBSERVATION,Lindera obtusiloba,Lindera obtusiloba
127.173342,37.410253,HUMAN_OBSERVATION,Lindera obtusiloba,Lindera obtusiloba
127.161356,37.384734,HUMAN_OBSERVATION,Lindera obtusiloba,Lindera obtusiloba
127.161433,37.384859,HUMAN_OBSERVATION,Lindera obtusiloba,Lindera obtusiloba
127.164495,37.463276,HUMAN_OBSERVATION,Lindera obtusiloba,Lindera obtusiloba
127.165269,37.466264,HUMAN_OBSERVATION,Lindera obtusiloba,Lindera obtusiloba
127.157615,37.383295,HUMAN_OBSERVATION,Lindera obtusiloba,Lindera obtusiloba
127.065162,37.423373,HUMAN_OBSERVATION,Lindera obtusiloba,Lindera obtusiloba
127.164876,37.465535,HUMAN_OBSERVATION,Lindera obtusiloba,Lindera obtusiloba
127.060388,37.420408,HUMAN_OBSERVATION,Lindera obtusiloba,Lindera obtusiloba
127.061697,37.421288,HUMAN_OBSERVATION,Lindera obtusiloba,Lindera obtusiloba
127.166344,37.469672,HUMAN_OBSERVATION,Lindera obtusiloba,Lindera obtusiloba
127.129056,37.352429,HUMAN_OBSERVATION,Lindera obtusiloba,Lindera obtusiloba
127.175598,37.471674,HUMAN_OBSERVATION,Lindera obtusiloba,Lindera obtusiloba
127.059722,37.380278,HUMAN_OBSERVATION,Lindera obtusiloba,Lindera obtusiloba
127.175331,37.471973,HUMAN_OBSERVATION,Lindera obtusiloba,Lindera obtusiloba
127.131389,37.34,HUMAN_OBSERVATION,Lindera obtusiloba,Lindera obtusiloba
127.072535,37.400977,HUMAN_OBSERVATION,Lindera obtusiloba,Lindera obtusiloba
127.073247,37.401983,HUMAN_OBSERVATION,Lindera obtusiloba,Lindera obtusiloba
127.072154,37.400595,HUMAN_OBSERVATION,Lindera obtusiloba,Lindera obtusiloba
127.130458,37.35294,HUMAN_OBSERVATION,Lindera obtusiloba,Lindera obtusiloba
127.145297,37.40373,HUMAN_OBSERVATION,Lindera obtusiloba,Lindera obtusiloba
127.148545,37.404597,HUMAN_OBSERVATION,Lindera obtusiloba,Lindera obtusiloba
127.176593,37.409286,HUMAN_OBSERVATION,Lindera obtusiloba,Lindera obtusiloba
127.147712,37.404372,HUMAN_OBSERVATION,Lindera obtusiloba,Lindera obtusiloba
127.17517,37.410095,HUMAN_OBSERVATION,Lindera obtusiloba,Lindera obtusiloba
128.50815,37.53981,PRESERVED_SPECIMEN,Lindera obtusiloba,Lindera obtusiloba
128.49197,37.52697,PRESERVED_SPECIMEN,Lindera obtusiloba,Lindera obtusiloba
127.3966,35.63788,HUMAN_OBSERVATION,Lindera obtusiloba,Lindera obtusiloba
127.609,35.43498,HUMAN_OBSERVATION,Lindera obtusiloba,Lindera obtusiloba
127.4235,35.8992,HUMAN_OBSERVATION,Lindera obtusiloba,Lindera obtusiloba
127.5145,35.30321,HUMAN_OBSERVATION,Lindera obtusiloba,Lindera obtusiloba
127.2353,35.41002,HUMAN_OBSERVATION,Lindera obtusiloba,Lindera obtusiloba
129.1149,35.24165,HUMAN_OBSERVATION,Lindera obtusiloba,Lindera obtusiloba
120.653907,36.168902,HUMAN_OBSERVATION,Lindera obtusiloba,Lindera obtusiloba
138.22037,35.913937,HUMAN_OBSERVATION,Lindera obtusiloba,Lindera obtusiloba
127.511848,38.199398,HUMAN_OBSERVATION,Lindera obtusiloba,Lindera obtusiloba
127.515877,38.199123,PRESERVED_SPECIMEN,Lindera obtusiloba,Lindera obtusiloba
128.577667,35.827533,HUMAN_OBSERVATION,Lindera obtusiloba,Lindera obtusiloba
126.994688,37.548338,HUMAN_OBSERVATION,Lindera obtusiloba,Lindera obtusiloba
127.079722,37.416667,HUMAN_OBSERVATION,Lindera obtusiloba,Lindera obtusiloba
127.15572,37.37732,HUMAN_OBSERVATION,Lindera obtusiloba,Lindera obtusiloba
127.154495,37.377695,HUMAN_OBSERVATION,Lindera obtusiloba,Lindera obtusiloba
127.148325,37.381892,HUMAN_OBSERVATION,Lindera obtusiloba,Lindera obtusiloba
127.159497,37.38382,HUMAN_OBSERVATION,Lindera obtusiloba,Lindera obtusiloba
127.161502,37.383632,HUMAN_OBSERVATION,Lindera obtusiloba,Lindera obtusiloba
127.163542,37.383968,HUMAN_OBSERVATION,Lindera obtusiloba,Lindera obtusiloba
127.069729,37.407043,HUMAN_OBSERVATION,Lindera obtusiloba,Lindera obtusiloba
127.166317,37.384133,HUMAN_OBSERVATION,Lindera obtusiloba,Lindera obtusiloba
127.157641,37.374229,HUMAN_OBSERVATION,Lindera obtusiloba,Lindera obtusiloba
127.091132,37.437131,HUMAN_OBSERVATION,Lindera obtusiloba,Lindera obtusiloba
127.090986,37.437308,HUMAN_OBSERVATION,Lindera obtusiloba,Lindera obtusiloba
127.147384,37.36224,HUMAN_OBSERVATION,Lindera obtusiloba,Lindera obtusiloba
127.157983,37.382912,HUMAN_OBSERVATION,Lindera obtusiloba,Lindera obtusiloba
127.136758,37.340465,HUMAN_OBSERVATION,Lindera obtusiloba,Lindera obtusiloba
127.155757,37.381642,HUMAN_OBSERVATION,Lindera obtusiloba,Lindera obtusiloba
127.059167,37.3775,HUMAN_OBSERVATION,Lindera obtusiloba,Lindera obtusiloba
127.060556,37.3775,HUMAN_OBSERVATION,Lindera obtusiloba,Lindera obtusiloba
127.068547,37.426307,HUMAN_OBSERVATION,Lindera obtusiloba,Lindera obtusiloba
127.133992,37.3573,HUMAN_OBSERVATION,Lindera obtusiloba,Lindera obtusiloba
128.538777,35.712657,PRESERVED_SPECIMEN,Lindera obtusiloba,Lindera obtusiloba
128.538777,35.712657,PRESERVED_SPECIMEN,Lindera obtusiloba,Lindera obtusiloba
128.538777,35.712657,PRESERVED_SPECIMEN,Lindera obtusiloba,Lindera obtusiloba
128.538777,35.712657,PRESERVED_SPECIMEN,Lindera obtusiloba,Lindera obtusiloba
128.538777,35.712657,HUMAN_OBSERVATION,Lindera obtusiloba,Lindera obtusiloba
128.4131,38.02054,HUMAN_OBSERVATION,Lindera obtusiloba,Lindera obtusiloba
125.4404,34.69305,HUMAN_OBSERVATION,Lindera obtusiloba,Lindera obtusiloba
125.4376,34.67807,HUMAN_OBSERVATION,Lindera obtusiloba,Lindera obtusiloba
126.7817,37.66485,HUMAN_OBSERVATION,Lindera obtusiloba,Lindera obtusiloba
127.4131,35.90303,HUMAN_OBSERVATION,Lindera obtusiloba,Lindera obtusiloba
128.5619,37.79233,HUMAN_OBSERVATION,Lindera obtusiloba,Lindera obtusiloba
127.417,35.63432,HUMAN_OBSERVATION,Lindera obtusiloba,Lindera obtusiloba
127.4172,35.63432,HUMAN_OBSERVATION,Lindera obtusiloba,Lindera obtusiloba
129.009964,37.150112,HUMAN_OBSERVATION,Lindera obtusiloba,Lindera obtusiloba
129.004868,37.166965,HUMAN_OBSERVATION,Lindera obtusiloba,Lindera obtusiloba
129.006241,37.171131,HUMAN_OBSERVATION,Lindera obtusiloba,Lindera obtusiloba
129.010452,37.151028,HUMAN_OBSERVATION,Lindera obtusiloba,Lindera obtusiloba
129.009567,37.149906,HUMAN_OBSERVATION,Lindera obtusiloba,Lindera obtusiloba
129.006516,37.172607,HUMAN_OBSERVATION,Lindera obtusiloba,Lindera obtusiloba
129.004822,37.172607,HUMAN_OBSERVATION,Lindera obtusiloba,Lindera obtusiloba
128.396179,37.700676,HUMAN_OBSERVATION,Lindera obtusiloba,Lindera obtusiloba
129.006226,37.171051,HUMAN_OBSERVATION,Lindera obtusiloba,Lindera obtusiloba
128.393799,37.684525,HUMAN_OBSERVATION,Lindera obtusiloba,Lindera obtusiloba
127.517723,38.198997,HUMAN_OBSERVATION,Lindera obtusiloba,Lindera obtusiloba
129.010895,37.148632,HUMAN_OBSERVATION,Lindera obtusiloba,Lindera obtusiloba
129.009766,37.150154,HUMAN_OBSERVATION,Lindera obtusiloba,Lindera obtusiloba
129.010742,37.148697,PRESERVED_SPECIMEN,Lindera obtusiloba,Lindera obtusiloba
127.517967,38.198906,PRESERVED_SPECIMEN,Lindera obtusiloba,Lindera obtusiloba
127.063922,37.401745,HUMAN_OBSERVATION,Lindera obtusiloba,Lindera obtusiloba
127.065952,37.400955,HUMAN_OBSERVATION,Lindera obtusiloba,Lindera obtusiloba
127.065597,37.400313,HUMAN_OBSERVATION,Lindera obtusiloba,Lindera obtusiloba
127.064542,37.401353,HUMAN_OBSERVATION,Lindera obtusiloba,Lindera obtusiloba
127.072798,37.40262,HUMAN_OBSERVATION,Lindera obtusiloba,Lindera obtusiloba
127.4819,37.59061,HUMAN_OBSERVATION,Lindera obtusiloba,Lindera obtusiloba
127.6127,35.64631,HUMAN_OBSERVATION,Lindera obtusiloba,Lindera obtusiloba
127.0607,35.7248,HUMAN_OBSERVATION,Lindera obtusiloba,Lindera obtusiloba
127.0669,35.36813,HUMAN_OBSERVATION,Lindera obtusiloba,Lindera obtusiloba
127.4605,35.38721,HUMAN_OBSERVATION,Lindera obtusiloba,Lindera obtusiloba
127.0607,35.7248,HUMAN_OBSERVATION,Lindera obtusiloba,Lindera obtusiloba
127.4048,37.70952,HUMAN_OBSERVATION,Lindera obtusiloba,Lindera obtusiloba
128.2393,38.00781,HUMAN_OBSERVATION,Lindera obtusiloba,Lindera obtusiloba
126.9716,35.48861,HUMAN_OBSERVATION,Lindera obtusiloba,Lindera obtusiloba
128.1213,38.17759,HUMAN_OBSERVATION,Lindera obtusiloba,Lindera obtusiloba
127.8148,35.86548,HUMAN_OBSERVATION,Lindera obtusiloba,Lindera obtusiloba
131.86925,37.239667,PRESERVED_SPECIMEN,Lindera obtusiloba,Lindera obtusiloba
131.868669,37.239083,PRESERVED_SPECIMEN,Lindera obtusiloba,Lindera obtusiloba
131.868669,37.239083,PRESERVED_SPECIMEN,Lindera obtusiloba,Lindera obtusiloba
126.876755,35.523758,HUMAN_OBSERVATION,Lindera obtusiloba,Lindera obtusiloba
127.108,35.49616,HUMAN_OBSERVATION,Lindera obtusiloba,Lindera obtusiloba
128.1341,38.16645,HUMAN_OBSERVATION,Lindera obtusiloba,Lindera obtusiloba
126.9038,35.50211,HUMAN_OBSERVATION,Lindera obtusiloba,Lindera obtusiloba
126.8786,35.5209,HUMAN_OBSERVATION,Lindera obtusiloba,Lindera obtusiloba
126.9036,35.50121,HUMAN_OBSERVATION,Lindera obtusiloba,Lindera obtusiloba
126.896,35.48797,HUMAN_OBSERVATION,Lindera obtusiloba,Lindera obtusiloba
126.3568,37.53198,HUMAN_OBSERVATION,Lindera obtusiloba,Lindera obtusiloba
127.5288,35.59808,HUMAN_OBSERVATION,Lindera obtusiloba,Lindera obtusiloba
127.5355,35.59611,HUMAN_OBSERVATION,Lindera obtusiloba,Lindera obtusiloba
127.1719,35.81473,HUMAN_OBSERVATION,Lindera obtusiloba,Lindera obtusiloba
127.8037,35.35962,HUMAN_OBSERVATION,Lindera obtusiloba,Lindera obtusiloba
127.147949,37.405138,HUMAN_OBSERVATION,Lindera obtusiloba,Lindera obtusiloba
127.072213,37.402368,HUMAN_OBSERVATION,Lindera obtusiloba,Lindera obtusiloba
127.189189,37.445084,HUMAN_OBSERVATION,Lindera obtusiloba,Lindera obtusiloba
127.189823,37.445422,HUMAN_OBSERVATION,Lindera obtusiloba,Lindera obtusiloba
127.188479,37.445764,HUMAN_OBSERVATION,Lindera obtusiloba,Lindera obtusiloba
127.12904,37.353815,HUMAN_OBSERVATION,Lindera obtusiloba,Lindera obtusiloba
127.159598,37.383788,HUMAN_OBSERVATION,Lindera obtusiloba,Lindera obtusiloba
127.190186,37.445069,HUMAN_OBSERVATION,Lindera obtusiloba,Lindera obtusiloba
127.098503,37.452025,HUMAN_OBSERVATION,Lindera obtusiloba,Lindera obtusiloba
127.053611,37.383611,HUMAN_OBSERVATION,Lindera obtusiloba,Lindera obtusiloba
127.097285,37.453457,HUMAN_OBSERVATION,Lindera obtusiloba,Lindera obtusiloba
127.138889,37.3625,HUMAN_OBSERVATION,Lindera obtusiloba,Lindera obtusiloba
127.161521,37.38476,HUMAN_OBSERVATION,Lindera obtusiloba,Lindera obtusiloba
127.16356,37.383478,HUMAN_OBSERVATION,Lindera obtusiloba,Lindera obtusiloba
127.139652,37.364031,HUMAN_OBSERVATION,Lindera obtusiloba,Lindera obtusiloba
127.059453,37.419948,HUMAN_OBSERVATION,Lindera obtusiloba,Lindera obtusiloba
127.163321,37.463598,HUMAN_OBSERVATION,Lindera obtusiloba,Lindera obtusiloba
127.182164,37.467581,HUMAN_OBSERVATION,Lindera obtusiloba,Lindera obtusiloba
127.07209,37.423637,HUMAN_OBSERVATION,Lindera obtusiloba,Lindera obtusiloba
127.166349,37.469768,HUMAN_OBSERVATION,Lindera obtusiloba,Lindera obtusiloba
127.059998,37.420298,HUMAN_OBSERVATION,Lindera obtusiloba,Lindera obtusiloba
127.179301,37.462898,HUMAN_OBSERVATION,Lindera obtusiloba,Lindera obtusiloba
127.176199,37.458417,HUMAN_OBSERVATION,Lindera obtusiloba,Lindera obtusiloba
127.165621,37.470103,HUMAN_OBSERVATION,Lindera obtusiloba,Lindera obtusiloba
127.173643,37.458141,HUMAN_OBSERVATION,Lindera obtusiloba,Lindera obtusiloba
127.173643,37.458141,HUMAN_OBSERVATION,Lindera obtusiloba,Lindera obtusiloba
127.06441,37.426713,HUMAN_OBSERVATION,Lindera obtusiloba,Lindera obtusiloba
127.4318,35.88978,HUMAN_OBSERVATION,Lindera obtusiloba,Lindera obtusiloba
127.5431,35.60194,HUMAN_OBSERVATION,Lindera obtusiloba,Lindera obtusiloba
128.1241,38.17594,HUMAN_OBSERVATION,Lindera obtusiloba,Lindera obtusiloba
127.3917,35.62464,HUMAN_OBSERVATION,Lindera obtusiloba,Lindera obtusiloba
127.4412,35.66808,HUMAN_OBSERVATION,Lindera obtusiloba,Lindera obtusiloba
128.5119,38.01013,HUMAN_OBSERVATION,Lindera obtusiloba,Lindera obtusiloba
129.2802,35.57673,HUMAN_OBSERVATION,Lindera obtusiloba,Lindera obtusiloba
128.4012,37.27211,HUMAN_OBSERVATION,Lindera obtusiloba,Lindera obtusiloba
127.5228,38.00607,HUMAN_OBSERVATION,Lindera obtusiloba,Lindera obtusiloba
127.4414,35.6679,HUMAN_OBSERVATION,Lindera obtusiloba,Lindera obtusiloba
127.106,35.69627,HUMAN_OBSERVATION,Lindera obtusiloba,Lindera obtusiloba
128.483346,38.178321,HUMAN_OBSERVATION,Lindera obtusiloba,Lindera obtusiloba
127.13232000000001,37.359783,HUMAN_OBSERVATION,Lindera obtusiloba,Lindera obtusiloba
127.131615,37.340244,HUMAN_OBSERVATION,Lindera obtusiloba,Lindera obtusiloba
127.041445,37.397223,HUMAN_OBSERVATION,Lindera obtusiloba,Lindera obtusiloba
127.095448,37.346505,HUMAN_OBSERVATION,Lindera obtusiloba,Lindera obtusiloba
127.128889,37.359444,HUMAN_OBSERVATION,Lindera obtusiloba,Lindera obtusiloba
127.038643,37.395153,HUMAN_OBSERVATION,Lindera obtusiloba,Lindera obtusiloba
127.132918,37.359198,HUMAN_OBSERVATION,Lindera obtusiloba,Lindera obtusiloba
127.163652,37.383643,HUMAN_OBSERVATION,Lindera obtusiloba,Lindera obtusiloba
127.166428,37.383938,HUMAN_OBSERVATION,Lindera obtusiloba,Lindera obtusiloba
127.161458,37.384412,HUMAN_OBSERVATION,Lindera obtusiloba,Lindera obtusiloba
127.133889,37.357778,HUMAN_OBSERVATION,Lindera obtusiloba,Lindera obtusiloba
127.059722,37.3775,HUMAN_OBSERVATION,Lindera obtusiloba,Lindera obtusiloba
127.148395,37.381935,HUMAN_OBSERVATION,Lindera obtusiloba,Lindera obtusiloba
127.160282,37.383053,HUMAN_OBSERVATION,Lindera obtusiloba,Lindera obtusiloba
127.15798,37.382235,HUMAN_OBSERVATION,Lindera obtusiloba,Lindera obtusiloba
127.146275,37.39894,HUMAN_OBSERVATION,Lindera obtusiloba,Lindera obtusiloba
127.155232,37.382212,HUMAN_OBSERVATION,Lindera obtusiloba,Lindera obtusiloba
127.15484,37.382512,HUMAN_OBSERVATION,Lindera obtusiloba,Lindera obtusiloba
127.155853,37.377437,HUMAN_OBSERVATION,Lindera obtusiloba,Lindera obtusiloba
127.065047,37.400808,HUMAN_OBSERVATION,Lindera obtusiloba,Lindera obtusiloba
127.065053,37.401437,HUMAN_OBSERVATION,Lindera obtusiloba,Lindera obtusiloba
127.063738,37.40173,HUMAN_OBSERVATION,Lindera obtusiloba,Lindera obtusiloba
127.0676,37.402295,HUMAN_OBSERVATION,Lindera obtusiloba,Lindera obtusiloba
127.072577,37.40273,HUMAN_OBSERVATION,Lindera obtusiloba,Lindera obtusiloba
127.14229,37.384713,HUMAN_OBSERVATION,Lindera obtusiloba,Lindera obtusiloba
127.153902,37.378523,HUMAN_OBSERVATION,Lindera obtusiloba,Lindera obtusiloba
127.069622,37.4068,HUMAN_OBSERVATION,Lindera obtusiloba,Lindera obtusiloba
127.090794,37.437508,HUMAN_OBSERVATION,Lindera obtusiloba,Lindera obtusiloba
127.064317,37.4238,HUMAN_OBSERVATION,Lindera obtusiloba,Lindera obtusiloba
138.197845,35.41075,HUMAN_OBSERVATION,Lindera obtusiloba,Lindera obtusiloba
138.184937,35.346212,HUMAN_OBSERVATION,Lindera obtusiloba,Lindera obtusiloba
127.102085,37.486096,HUMAN_OBSERVATION,Lindera obtusiloba,Lindera obtusiloba
127.101179,37.483695,HUMAN_OBSERVATION,Lindera obtusiloba,Lindera obtusiloba
127.100456,37.483462,HUMAN_OBSERVATION,Lindera obtusiloba,Lindera obtusiloba
127.100158,37.483412,HUMAN_OBSERVATION,Lindera obtusiloba,Lindera obtusiloba
127.0685,35.36255,HUMAN_OBSERVATION,Lindera obtusiloba,Lindera obtusiloba
127.1449,35.7965,HUMAN_OBSERVATION,Lindera obtusiloba,Lindera obtusiloba
127.1052,35.50908,HUMAN_OBSERVATION,Lindera obtusiloba,Lindera obtusiloba
127.1704,35.81205,HUMAN_OBSERVATION,Lindera obtusiloba,Lindera obtusiloba
129.2426,35.52802,HUMAN_OBSERVATION,Lindera obtusiloba,Lindera obtusiloba
126.6431,35.66528,HUMAN_OBSERVATION,Lindera obtusiloba,Lindera obtusiloba
127.4641,35.6686,HUMAN_OBSERVATION,Lindera obtusiloba,Lindera obtusiloba
126.9653,35.43975,HUMAN_OBSERVATION,Lindera obtusiloba,Lindera obtusiloba
127.144,35.79053,HUMAN_OBSERVATION,Lindera obtusiloba,Lindera obtusiloba
129.2433,35.52818,HUMAN_OBSERVATION,Lindera obtusiloba,Lindera obtusiloba
127.1712,35.81125,HUMAN_OBSERVATION,Lindera obtusiloba,Lindera obtusiloba
127.0661,35.36873,HUMAN_OBSERVATION,Lindera obtusiloba,Lindera obtusiloba
120.571701,36.31938,HUMAN_OBSERVATION,Lindera obtusiloba,Lindera obtusiloba
127.022453,37.687632,HUMAN_OBSERVATION,Lindera obtusiloba,Lindera obtusiloba
126.3982,36.37024,HUMAN_OBSERVATION,Lindera obtusiloba,Lindera obtusiloba
127.147,35.80972,HUMAN_OBSERVATION,Lindera obtusiloba,Lindera obtusiloba
127.3992,35.57948,HUMAN_OBSERVATION,Lindera obtusiloba,Lindera obtusiloba
126.3982,36.3703,HUMAN_OBSERVATION,Lindera obtusiloba,Lindera obtusiloba
126.3988,36.37,HUMAN_OBSERVATION,Lindera obtusiloba,Lindera obtusiloba
127.1052,35.72663,HUMAN_OBSERVATION,Lindera obtusiloba,Lindera obtusiloba
129.2156,35.55084,HUMAN_OBSERVATION,Lindera obtusiloba,Lindera obtusiloba
129.2186,35.55571,HUMAN_OBSERVATION,Lindera obtusiloba,Lindera obtusiloba
126.8656,35.33041,HUMAN_OBSERVATION,Lindera obtusiloba,Lindera obtusiloba
129.335556,36.565278,HUMAN_OBSERVATION,Lindera obtusiloba,Lindera obtusiloba
128.483636,35.771732,HUMAN_OBSERVATION,Lindera obtusiloba,Lindera obtusiloba
127.917838,35.60632,HUMAN_OBSERVATION,Lindera obtusiloba,Lindera obtusiloba
127.936317,35.617152,HUMAN_OBSERVATION,Lindera obtusiloba,Lindera obtusiloba
128.145124,37.456822,HUMAN_OBSERVATION,Lindera obtusiloba,Lindera obtusiloba
127.18461,35.82575,PRESERVED_SPECIMEN,Lindera obtusiloba,Lindera obtusiloba
127.18461,35.82575,PRESERVED_SPECIMEN,Lindera obtusiloba,Lindera obtusiloba
127.18461,35.82575,PRESERVED_SPECIMEN,Lindera obtusiloba,Lindera obtusiloba
127.18461,35.82575,PRESERVED_SPECIMEN,Lindera obtusiloba,Lindera obtusiloba
127.18461,35.82575,PRESERVED_SPECIMEN,Lindera obtusiloba,Lindera obtusiloba
127.435972,35.532972,PRESERVED_SPECIMEN,Lindera obtusiloba,Lindera obtusiloba
127.540167,35.548611,PRESERVED_SPECIMEN,Lindera obtusiloba,Lindera obtusiloba
127.435972,35.532972,PRESERVED_SPECIMEN,Lindera obtusiloba,Lindera obtusiloba
128.3395,36.839694,PRESERVED_SPECIMEN,Lindera obtusiloba,Lindera obtusiloba
128.335028,36.835167,PRESERVED_SPECIMEN,Lindera obtusiloba,Lindera obtusiloba
128.3395,36.839694,PRESERVED_SPECIMEN,Lindera obtusiloba,Lindera obtusiloba
128.319139,36.829806,PRESERVED_SPECIMEN,Lindera obtusiloba,Lindera obtusiloba
137.329979,35.16007,PRESERVED_SPECIMEN,Lindera obtusiloba,Lindera obtusiloba
138.265705,36.368315,PRESERVED_SPECIMEN,Lindera obtusiloba,Lindera obtusiloba
138.10544,36.382648,PRESERVED_SPECIMEN,Lindera obtusiloba,Lindera obtusiloba
138.268567,36.360343,PRESERVED_SPECIMEN,Lindera obtusiloba,Lindera obtusiloba
138.35113,36.38501,PRESERVED_SPECIMEN,Lindera obtusiloba,Lindera obtusiloba
138.097643,36.405804,PRESERVED_SPECIMEN,Lindera obtusiloba,Lindera obtusiloba
138.378215,36.487805,PRESERVED_SPECIMEN,Lindera obtusiloba,Lindera obtusiloba
138.317758,36.387467,PRESERVED_SPECIMEN,Lindera obtusiloba,Lindera obtusiloba
127.008792,37.542837,HUMAN_OBSERVATION,Lindera obtusiloba,Lindera obtusiloba
127.144757,37.402929,HUMAN_OBSERVATION,Lindera obtusiloba,Lindera obtusiloba
127.189795,37.445867,HUMAN_OBSERVATION,Lindera obtusiloba,Lindera obtusiloba
127.024349,35.729063,HUMAN_OBSERVATION,Lindera obtusiloba,Lindera obtusiloba
126.370075,34.772338,HUMAN_OBSERVATION,Lindera obtusiloba,Lindera obtusiloba
127.164668,35.816851,HUMAN_OBSERVATION,Lindera obtusiloba,Lindera obtusiloba
127.147216,35.785214,HUMAN_OBSERVATION,Lindera obtusiloba,Lindera obtusiloba
129.285,35.622778,HUMAN_OBSERVATION,Lindera obtusiloba,Lindera obtusiloba
127.162994,35.726959,HUMAN_OBSERVATION,Lindera obtusiloba,Lindera obtusiloba
127.149833,35.723285,HUMAN_OBSERVATION,Lindera obtusiloba,Lindera obtusiloba
126.182972,34.353018,HUMAN_OBSERVATION,Lindera obtusiloba,Lindera obtusiloba
129.051846,35.489852,HUMAN_OBSERVATION,Lindera obtusiloba,Lindera obtusiloba
129.079473,35.242608,HUMAN_OBSERVATION,Lindera obtusiloba,Lindera obtusiloba
126.182975,34.352974,HUMAN_OBSERVATION,Lindera obtusiloba,Lindera obtusiloba
127.336861,35.655893,HUMAN_OBSERVATION,Lindera obtusiloba,Lindera obtusiloba
126.971721,35.488649,HUMAN_OBSERVATION,Lindera obtusiloba,Lindera obtusiloba
127.105671,35.698973,HUMAN_OBSERVATION,Lindera obtusiloba,Lindera obtusiloba
127.430524,35.056949,HUMAN_OBSERVATION,Lindera obtusiloba,Lindera obtusiloba
127.140509,35.718365,HUMAN_OBSERVATION,Lindera obtusiloba,Lindera obtusiloba
128.324398,37.955577,HUMAN_OBSERVATION,Lindera obtusiloba,Lindera obtusiloba
127.291728,35.849187,HUMAN_OBSERVATION,Lindera obtusiloba,Lindera obtusiloba
129.377128,35.659731,HUMAN_OBSERVATION,Lindera obtusiloba,Lindera obtusiloba
129.178505,35.559112,HUMAN_OBSERVATION,Lindera obtusiloba,Lindera obtusiloba
127.098486,35.731792,HUMAN_OBSERVATION,Lindera obtusiloba,Lindera obtusiloba
129.251446,35.641685,HUMAN_OBSERVATION,Lindera obtusiloba,Lindera obtusiloba
127.402778,35.606944,HUMAN_OBSERVATION,Lindera obtusiloba,Lindera obtusiloba
127.2992,35.9724,HUMAN_OBSERVATION,Lindera obtusiloba,Lindera obtusiloba
127.145035,35.786485,HUMAN_OBSERVATION,Lindera obtusiloba,Lindera obtusiloba
127.303527,35.730486,HUMAN_OBSERVATION,Lindera obtusiloba,Lindera obtusiloba
128.301782,37.915096,HUMAN_OBSERVATION,Lindera obtusiloba,Lindera obtusiloba
127.115946,35.504092,HUMAN_OBSERVATION,Lindera obtusiloba,Lindera obtusiloba
127.047736,35.757999,HUMAN_OBSERVATION,Lindera obtusiloba,Lindera obtusiloba
126.747437,35.934785,HUMAN_OBSERVATION,Lindera obtusiloba,Lindera obtusiloba
127.130234,37.353003,HUMAN_OBSERVATION,Lindera obtusiloba,Lindera obtusiloba
128.055627,37.196244,PRESERVED_SPECIMEN,Lindera obtusiloba,Lindera obtusiloba
127.439694,35.527778,PRESERVED_SPECIMEN,Lindera obtusiloba,Lindera obtusiloba
128.055627,37.196244,PRESERVED_SPECIMEN,Lindera obtusiloba,Lindera obtusiloba
127.439694,35.527778,PRESERVED_SPECIMEN,Lindera obtusiloba,Lindera obtusiloba
127.981412,36.73133,PRESERVED_SPECIMEN,Lindera obtusiloba,Lindera obtusiloba
138.109544,36.390611,PRESERVED_SPECIMEN,Lindera obtusiloba,Lindera obtusiloba
138.368962,36.415334,PRESERVED_SPECIMEN,Lindera obtusiloba,Lindera obtusiloba
138.28194,36.474311,PRESERVED_SPECIMEN,Lindera obtusiloba,Lindera obtusiloba
138.15631,36.3705,PRESERVED_SPECIMEN,Lindera obtusiloba,Lindera obtusiloba
138.156509,36.383684,PRESERVED_SPECIMEN,Lindera obtusiloba,Lindera obtusiloba
127.039178,37.400138,HUMAN_OBSERVATION,Lindera obtusiloba,Lindera obtusiloba
127.296276,35.975437,HUMAN_OBSERVATION,Lindera obtusiloba,Lindera obtusiloba
127.041901,35.765634,HUMAN_OBSERVATION,Lindera obtusiloba,Lindera obtusiloba
128.948112,37.115247,HUMAN_OBSERVATION,Lindera obtusiloba,Lindera obtusiloba
129.193437,35.646778,HUMAN_OBSERVATION,Lindera obtusiloba,Lindera obtusiloba
127.133686,35.680655,HUMAN_OBSERVATION,Lindera obtusiloba,Lindera obtusiloba
128.420182,37.83155,HUMAN_OBSERVATION,Lindera obtusiloba,Lindera obtusiloba
127.296989,35.97694,HUMAN_OBSERVATION,Lindera obtusiloba,Lindera obtusiloba
127.816667,35.868889,HUMAN_OBSERVATION,Lindera obtusiloba,Lindera obtusiloba
127.178611,37.658333,HUMAN_OBSERVATION,Lindera obtusiloba,Lindera obtusiloba
128.421198,37.831346,HUMAN_OBSERVATION,Lindera obtusiloba,Lindera obtusiloba
127.814158,35.864489,HUMAN_OBSERVATION,Lindera obtusiloba,Lindera obtusiloba
127.14961,35.789044,HUMAN_OBSERVATION,Lindera obtusiloba,Lindera obtusiloba
127.13660900000001,35.799914,HUMAN_OBSERVATION,Lindera obtusiloba,Lindera obtusiloba
126.972833,35.488161,HUMAN_OBSERVATION,Lindera obtusiloba,Lindera obtusiloba
127.148818,35.789289,HUMAN_OBSERVATION,Lindera obtusiloba,Lindera obtusiloba
127.154684,35.798888,HUMAN_OBSERVATION,Lindera obtusiloba,Lindera obtusiloba
126.692382,37.711397,HUMAN_OBSERVATION,Lindera obtusiloba,Lindera obtusiloba
138.919783,35.637528,HUMAN_OBSERVATION,Lindera obtusiloba,Lindera obtusiloba
137.83408,35.512246,HUMAN_OBSERVATION,Lindera obtusiloba,Lindera obtusiloba
135.388245,35.397628,HUMAN_OBSERVATION,Lindera obtusiloba,Lindera obtusiloba
119.425198,34.729088,HUMAN_OBSERVATION,Lindera obtusiloba,Lindera obtusiloba
127.143395,37.403887,HUMAN_OBSERVATION,Lindera obtusiloba,Lindera obtusiloba
127.697274,35.839544,HUMAN_OBSERVATION,Lindera obtusiloba,Lindera obtusiloba
127.708147,35.83655,HUMAN_OBSERVATION,Lindera obtusiloba,Lindera obtusiloba
127.69809,35.839753,HUMAN_OBSERVATION,Lindera obtusiloba,Lindera obtusiloba
126.972894,35.488112,HUMAN_OBSERVATION,Lindera obtusiloba,Lindera obtusiloba
128.431944,38.082778,HUMAN_OBSERVATION,Lindera obtusiloba,Lindera obtusiloba
128.458874,36.429865,HUMAN_OBSERVATION,Lindera obtusiloba,Lindera obtusiloba
129.377778,35.659444,HUMAN_OBSERVATION,Lindera obtusiloba,Lindera obtusiloba
126.445,35.828327,HUMAN_OBSERVATION,Lindera obtusiloba,Lindera obtusiloba
127.117548,35.646811,HUMAN_OBSERVATION,Lindera obtusiloba,Lindera obtusiloba
127.418765,35.633858,HUMAN_OBSERVATION,Lindera obtusiloba,Lindera obtusiloba
128.178208,38.210321,HUMAN_OBSERVATION,Lindera obtusiloba,Lindera obtusiloba
126.444831,35.828753,HUMAN_OBSERVATION,Lindera obtusiloba,Lindera obtusiloba
127.695612,35.839026,HUMAN_OBSERVATION,Lindera obtusiloba,Lindera obtusiloba
127.811712,35.914208,HUMAN_OBSERVATION,Lindera obtusiloba,Lindera obtusiloba
127.138333,35.800896,HUMAN_OBSERVATION,Lindera obtusiloba,Lindera obtusiloba
126.972551,35.488147,HUMAN_OBSERVATION,Lindera obtusiloba,Lindera obtusiloba
126.418922,35.796904,HUMAN_OBSERVATION,Lindera obtusiloba,Lindera obtusiloba
128.203824,37.029908,HUMAN_OBSERVATION,Lindera obtusiloba,Lindera obtusiloba
126.451201,35.823213,HUMAN_OBSERVATION,Lindera obtusiloba,Lindera obtusiloba
126.419498,35.797597,HUMAN_OBSERVATION,Lindera obtusiloba,Lindera obtusiloba
126.419963,35.807637,HUMAN_OBSERVATION,Lindera obtusiloba,Lindera obtusiloba
127.71012,35.834312,HUMAN_OBSERVATION,Lindera obtusiloba,Lindera obtusiloba
126.451201,35.823213,HUMAN_OBSERVATION,Lindera obtusiloba,Lindera obtusiloba
126.451366,35.823402,HUMAN_OBSERVATION,Lindera obtusiloba,Lindera obtusiloba
126.450975,35.816541,HUMAN_OBSERVATION,Lindera obtusiloba,Lindera obtusiloba
126.419673,35.802316,HUMAN_OBSERVATION,Lindera obtusiloba,Lindera obtusiloba
128.203889,37.029722,HUMAN_OBSERVATION,Lindera obtusiloba,Lindera obtusiloba
126.254389,34.851056,HUMAN_OBSERVATION,Lindera obtusiloba,Lindera obtusiloba
128.342056,36.852861,PRESERVED_SPECIMEN,Lindera obtusiloba,Lindera obtusiloba
139.040495,35.646217,HUMAN_OBSERVATION,Lindera obtusiloba,Lindera obtusiloba
138.338181,36.406428,PRESERVED_SPECIMEN,Lindera obtusiloba,Lindera obtusiloba
127.14385299999999,37.404428,HUMAN_OBSERVATION,Lindera obtusiloba,Lindera obtusiloba
128.205339,37.030403,HUMAN_OBSERVATION,Lindera obtusiloba,Lindera obtusiloba
127.093968,35.727282,HUMAN_OBSERVATION,Lindera obtusiloba,Lindera obtusiloba
129.086086,35.277544,HUMAN_OBSERVATION,Lindera obtusiloba,Lindera obtusiloba
128.205259,37.030986,HUMAN_OBSERVATION,Lindera obtusiloba,Lindera obtusiloba
126.972655,35.488145,HUMAN_OBSERVATION,Lindera obtusiloba,Lindera obtusiloba
128.205339,37.030403,HUMAN_OBSERVATION,Lindera obtusiloba,Lindera obtusiloba
128.205461,37.03046,HUMAN_OBSERVATION,Lindera obtusiloba,Lindera obtusiloba
128.205318,37.030277,HUMAN_OBSERVATION,Lindera obtusiloba,Lindera obtusiloba
128.19343,37.028433,HUMAN_OBSERVATION,Lindera obtusiloba,Lindera obtusiloba
128.204933,37.030303,HUMAN_OBSERVATION,Lindera obtusiloba,Lindera obtusiloba
127.708921,35.836021,HUMAN_OBSERVATION,Lindera obtusiloba,Lindera obtusiloba
127.511258,35.305643,HUMAN_OBSERVATION,Lindera obtusiloba,Lindera obtusiloba
127.418762,35.633808,HUMAN_OBSERVATION,Lindera obtusiloba,Lindera obtusiloba
129.149915,36.394423,HUMAN_OBSERVATION,Lindera obtusiloba,Lindera obtusiloba
129.154811,36.411639,HUMAN_OBSERVATION,Lindera obtusiloba,Lindera obtusiloba
127.285,35.869167,HUMAN_OBSERVATION,Lindera obtusiloba,Lindera obtusiloba
127.415148,35.634454,HUMAN_OBSERVATION,Lindera obtusiloba,Lindera obtusiloba
127.455473,35.681305,HUMAN_OBSERVATION,Lindera obtusiloba,Lindera obtusiloba
128.562225,37.793019,HUMAN_OBSERVATION,Lindera obtusiloba,Lindera obtusiloba
126.97288,35.488171,HUMAN_OBSERVATION,Lindera obtusiloba,Lindera obtusiloba
139.0246,35.5107,PRESERVED_SPECIMEN,Lindera obtusiloba,Lindera obtusiloba
127.06447,35.405929,HUMAN_OBSERVATION,Lindera obtusiloba,Lindera obtusiloba
127.410766,35.630273,HUMAN_OBSERVATION,Lindera obtusiloba,Lindera obtusiloba
127.709906,35.834855,HUMAN_OBSERVATION,Lindera obtusiloba,Lindera obtusiloba
127.799019,37.849727,HUMAN_OBSERVATION,Lindera obtusiloba,Lindera obtusiloba
127.730476,37.817694,HUMAN_OBSERVATION,Lindera obtusiloba,Lindera obtusiloba
126.258194,34.852083,HUMAN_OBSERVATION,Lindera obtusiloba,Lindera obtusiloba
126.569695,35.488086,HUMAN_OBSERVATION,Lindera obtusiloba,Lindera obtusiloba
126.631601,35.686566,HUMAN_OBSERVATION,Lindera obtusiloba,Lindera obtusiloba
128.35062,37.734841,HUMAN_OBSERVATION,Lindera obtusiloba,Lindera obtusiloba
126.568608,35.486909,HUMAN_OBSERVATION,Lindera obtusiloba,Lindera obtusiloba
126.876579,35.525967,HUMAN_OBSERVATION,Lindera obtusiloba,Lindera obtusiloba
120.541785,36.307193,HUMAN_OBSERVATION,Lindera obtusiloba,Lindera obtusiloba
126.251529,34.849211,HUMAN_OBSERVATION,Lindera obtusiloba,Lindera obtusiloba
127.206879,35.790477,HUMAN_OBSERVATION,Lindera obtusiloba,Lindera obtusiloba
127.681229,35.950318,HUMAN_OBSERVATION,Lindera obtusiloba,Lindera obtusiloba
139.02656,35.737198,HUMAN_OBSERVATION,Lindera obtusiloba,Lindera obtusiloba
126.99715,37.549097,HUMAN_OBSERVATION,Lindera obtusiloba,Lindera obtusiloba
127.354046,35.848006,HUMAN_OBSERVATION,Lindera obtusiloba,Lindera obtusiloba
127.433092,35.599091,HUMAN_OBSERVATION,Lindera obtusiloba,Lindera obtusiloba
127.2867,38.15446,HUMAN_OBSERVATION,Lindera obtusiloba,Lindera obtusiloba
126.9889,35.39733,HUMAN_OBSERVATION,Lindera obtusiloba,Lindera obtusiloba
128.819444,37.611111,HUMAN_OBSERVATION,Lindera obtusiloba,Lindera obtusiloba
128.308333,37.88,HUMAN_OBSERVATION,Lindera obtusiloba,Lindera obtusiloba
128.428333,37.1075,HUMAN_OBSERVATION,Lindera obtusiloba,Lindera obtusiloba
128.708056,37.478056,HUMAN_OBSERVATION,Lindera obtusiloba,Lindera obtusiloba
127.275,38.341667,HUMAN_OBSERVATION,Lindera obtusiloba,Lindera obtusiloba
128.65,37.481111,HUMAN_OBSERVATION,Lindera obtusiloba,Lindera obtusiloba
127.1375,35.802778000000004,HUMAN_OBSERVATION,Lindera obtusiloba,Lindera obtusiloba
127.154654,35.786269,HUMAN_OBSERVATION,Lindera obtusiloba,Lindera obtusiloba
127.533264,35.599627,HUMAN_OBSERVATION,Lindera obtusiloba,Lindera obtusiloba
127.778713,35.881014,HUMAN_OBSERVATION,Lindera obtusiloba,Lindera obtusiloba
127.024298,35.729094,HUMAN_OBSERVATION,Lindera obtusiloba,Lindera obtusiloba
127.132396,37.368442,HUMAN_OBSERVATION,Lindera obtusiloba,Lindera obtusiloba
127.527286,36.667838,HUMAN_OBSERVATION,Lindera obtusiloba,Lindera obtusiloba
128.876057,37.751853,HUMAN_OBSERVATION,Lindera obtusiloba,Lindera obtusiloba
127.507493,36.672364,HUMAN_OBSERVATION,Lindera obtusiloba,Lindera obtusiloba
128.48012,37.258922,HUMAN_OBSERVATION,Lindera obtusiloba,Lindera obtusiloba
128.479492,37.258867,HUMAN_OBSERVATION,Lindera obtusiloba,Lindera obtusiloba
137.329979,35.16007,PRESERVED_SPECIMEN,Lindera obtusiloba,Lindera obtusiloba
127.042778,37.623611,HUMAN_OBSERVATION,Lindera obtusiloba,Lindera obtusiloba
127.185278,35.826667,HUMAN_OBSERVATION,Lindera obtusiloba,Lindera obtusiloba
127.106489,35.695385,HUMAN_OBSERVATION,Lindera obtusiloba,Lindera obtusiloba
127.468816,35.386876,HUMAN_OBSERVATION,Lindera obtusiloba,Lindera obtusiloba
127.468811,35.386794,HUMAN_OBSERVATION,Lindera obtusiloba,Lindera obtusiloba
127.166404,35.815985,HUMAN_OBSERVATION,Lindera obtusiloba,Lindera obtusiloba
127.482778,35.093889,HUMAN_OBSERVATION,Lindera obtusiloba,Lindera obtusiloba
127.468889,35.386944,HUMAN_OBSERVATION,Lindera obtusiloba,Lindera obtusiloba
128.500553,35.2128,HUMAN_OBSERVATION,Lindera obtusiloba,Lindera obtusiloba
127.0425,36.009167,HUMAN_OBSERVATION,Lindera obtusiloba,Lindera obtusiloba
127.223889,35.814444,HUMAN_OBSERVATION,Lindera obtusiloba,Lindera obtusiloba
127.422222,35.635833,HUMAN_OBSERVATION,Lindera obtusiloba,Lindera obtusiloba
127.224186,35.813071,HUMAN_OBSERVATION,Lindera obtusiloba,Lindera obtusiloba
127.166404,35.815985,HUMAN_OBSERVATION,Lindera obtusiloba,Lindera obtusiloba
127.158855,35.81935,HUMAN_OBSERVATION,Lindera obtusiloba,Lindera obtusiloba
127.087686,35.74721,HUMAN_OBSERVATION,Lindera obtusiloba,Lindera obtusiloba
127.149627,35.789039,HUMAN_OBSERVATION,Lindera obtusiloba,Lindera obtusiloba
127.546066,35.551109,PRESERVED_SPECIMEN,Lindera obtusiloba,Lindera obtusiloba
138.293495,36.41308,PRESERVED_SPECIMEN,Lindera obtusiloba,Lindera obtusiloba
138.396696,36.374619,PRESERVED_SPECIMEN,Lindera obtusiloba,Lindera obtusiloba
138.220367,36.228264,PRESERVED_SPECIMEN,Lindera obtusiloba,Lindera obtusiloba
138.227234,36.207559,PRESERVED_SPECIMEN,Lindera obtusiloba,Lindera obtusiloba
127.400833,35.609444,HUMAN_OBSERVATION,Lindera obtusiloba,Lindera obtusiloba
127.473611,35.648333,HUMAN_OBSERVATION,Lindera obtusiloba,Lindera obtusiloba
127.144811,35.787287,HUMAN_OBSERVATION,Lindera obtusiloba,Lindera obtusiloba
127.51615,35.301306,HUMAN_OBSERVATION,Lindera obtusiloba,Lindera obtusiloba
127.143889,35.783611,HUMAN_OBSERVATION,Lindera obtusiloba,Lindera obtusiloba
129.207222,35.793056,HUMAN_OBSERVATION,Lindera obtusiloba,Lindera obtusiloba
138.3599,36.8554,PRESERVED_SPECIMEN,Lindera obtusiloba,Lindera obtusiloba
128.145693,37.456429,HUMAN_OBSERVATION,Lindera obtusiloba,Lindera obtusiloba
126.393953,35.816189,HUMAN_OBSERVATION,Lindera obtusiloba,Lindera obtusiloba
126.41295,35.826608,HUMAN_OBSERVATION,Lindera obtusiloba,Lindera obtusiloba
135.406387,35.434308,HUMAN_OBSERVATION,Lindera obtusiloba,Lindera obtusiloba
138.195004,36.240353,PRESERVED_SPECIMEN,Lindera obtusiloba,Lindera obtusiloba
126.995103,37.581075,HUMAN_OBSERVATION,Lindera obtusiloba,Lindera obtusiloba
127.118128,35.651043,HUMAN_OBSERVATION,Lindera obtusiloba,Lindera obtusiloba
127.117822,35.647945,HUMAN_OBSERVATION,Lindera obtusiloba,Lindera obtusiloba
126.915978,35.523278,HUMAN_OBSERVATION,Lindera obtusiloba,Lindera obtusiloba
127.14783,35.787036,HUMAN_OBSERVATION,Lindera obtusiloba,Lindera obtusiloba
138.2611,36.6203,PRESERVED_SPECIMEN,Lindera obtusiloba,Lindera obtusiloba
138.1677,36.7182,PRESERVED_SPECIMEN,Lindera obtusiloba,Lindera obtusiloba
138.2617,36.6195,PRESERVED_SPECIMEN,Lindera obtusiloba,Lindera obtusiloba
128.146487,37.45677,HUMAN_OBSERVATION,Lindera obtusiloba,Lindera obtusiloba
128.144588,37.457417,HUMAN_OBSERVATION,Lindera obtusiloba,Lindera obtusiloba
138.872222,36.726944,PRESERVED_SPECIMEN,Lindera obtusiloba,Lindera obtusiloba
128.4201,38.5152,HUMAN_OBSERVATION,Lindera obtusiloba,Lindera obtusiloba
128.4201,38.5152,HUMAN_OBSERVATION,Lindera obtusiloba,Lindera obtusiloba
128.44351,38.47398,HUMAN_OBSERVATION,Lindera obtusiloba,Lindera obtusiloba
137.985202,36.04377,HUMAN_OBSERVATION,Lindera obtusiloba,Lindera obtusiloba
139.118159,35.82642,HUMAN_OBSERVATION,Lindera obtusiloba,Lindera obtusiloba
127.591667,35.548496,PRESERVED_SPECIMEN,Lindera obtusiloba,Lindera obtusiloba
127.446722,35.526528,PRESERVED_SPECIMEN,Lindera obtusiloba,Lindera obtusiloba
127.460194,35.533417,PRESERVED_SPECIMEN,Lindera obtusiloba,Lindera obtusiloba
137.982145,36.042435,HUMAN_OBSERVATION,Lindera obtusiloba,Lindera obtusiloba
126.867778,35.477222,HUMAN_OBSERVATION,Lindera obtusiloba,Lindera obtusiloba
127.476494,35.676914,HUMAN_OBSERVATION,Lindera obtusiloba,Lindera obtusiloba
138.23,36.5015,PRESERVED_SPECIMEN,Lindera obtusiloba,Lindera obtusiloba
138.4143,36.7579,PRESERVED_SPECIMEN,Lindera obtusiloba,Lindera obtusiloba
127.049899,37.415026,HUMAN_OBSERVATION,Lindera obtusiloba,Lindera obtusiloba
128.920747,36.784161,HUMAN_OBSERVATION,Lindera obtusiloba,Lindera obtusiloba
128.923278,36.782244,HUMAN_OBSERVATION,Lindera obtusiloba,Lindera obtusiloba
128.922867,36.782081,HUMAN_OBSERVATION,Lindera obtusiloba,Lindera obtusiloba
127.497222,35.589444,HUMAN_OBSERVATION,Lindera obtusiloba,Lindera obtusiloba
128.905,35.421389,HUMAN_OBSERVATION,Lindera obtusiloba,Lindera obtusiloba
128.906433,35.41527,HUMAN_OBSERVATION,Lindera obtusiloba,Lindera obtusiloba
137.811498,36.381111,HUMAN_OBSERVATION,Lindera obtusiloba,Lindera obtusiloba
138.310103,36.412362,PRESERVED_SPECIMEN,Lindera obtusiloba,Lindera obtusiloba
128.692445,37.996383,HUMAN_OBSERVATION,Lindera obtusiloba,Lindera obtusiloba
128.70211,37.996594,HUMAN_OBSERVATION,Lindera obtusiloba,Lindera obtusiloba
127.058311,37.414119,HUMAN_OBSERVATION,Lindera obtusiloba,Lindera obtusiloba
128.684447,37.994792,HUMAN_OBSERVATION,Lindera obtusiloba,Lindera obtusiloba
127.233744,35.964725,HUMAN_OBSERVATION,Lindera obtusiloba,Lindera obtusiloba
128.472428,38.226228,HUMAN_OBSERVATION,Lindera obtusiloba,Lindera obtusiloba
120.624985,36.165758,HUMAN_OBSERVATION,Lindera obtusiloba,Lindera obtusiloba
126.970919,35.488801,HUMAN_OBSERVATION,Lindera obtusiloba,Lindera obtusiloba
127.121022,35.649949,HUMAN_OBSERVATION,Lindera obtusiloba,Lindera obtusiloba
120.645083,36.215271,HUMAN_OBSERVATION,Lindera obtusiloba,Lindera obtusiloba
120.766397,36.288894,HUMAN_OBSERVATION,Lindera obtusiloba,Lindera obtusiloba
128.145901,37.45665,HUMAN_OBSERVATION,Lindera obtusiloba,Lindera obtusiloba
127.571389,35.631944,HUMAN_OBSERVATION,Lindera obtusiloba,Lindera obtusiloba
127.689904,35.945856,HUMAN_OBSERVATION,Lindera obtusiloba,Lindera obtusiloba
127.492311,35.69319,HUMAN_OBSERVATION,Lindera obtusiloba,Lindera obtusiloba
127.464167,35.6675,HUMAN_OBSERVATION,Lindera obtusiloba,Lindera obtusiloba
127.017068,35.723464,HUMAN_OBSERVATION,Lindera obtusiloba,Lindera obtusiloba
127.008837,37.542928,HUMAN_OBSERVATION,Lindera obtusiloba,Lindera obtusiloba
127.006418,37.544893,HUMAN_OBSERVATION,Lindera obtusiloba,Lindera obtusiloba
127.777222,38.325833,HUMAN_OBSERVATION,Lindera obtusiloba,Lindera obtusiloba
128.906389,36.264444,HUMAN_OBSERVATION,Lindera obtusiloba,Lindera obtusiloba
127.812222,36.595278,HUMAN_OBSERVATION,Lindera obtusiloba,Lindera obtusiloba
126.826217,35.49365,HUMAN_OBSERVATION,Lindera obtusiloba,Lindera obtusiloba
127.307222,38.226944,HUMAN_OBSERVATION,Lindera obtusiloba,Lindera obtusiloba
127.489722,35.939722,HUMAN_OBSERVATION,Lindera obtusiloba,Lindera obtusiloba
129.106389,35.650833,HUMAN_OBSERVATION,Lindera obtusiloba,Lindera obtusiloba
126.629444,34.629167,HUMAN_OBSERVATION,Lindera obtusiloba,Lindera obtusiloba
127.812222,36.595278,HUMAN_OBSERVATION,Lindera obtusiloba,Lindera obtusiloba
128.48298,38.178439,HUMAN_OBSERVATION,Lindera obtusiloba,Lindera obtusiloba
127.936389,35.549444,PRESERVED_SPECIMEN,Lindera obtusiloba,Lindera obtusiloba
127.936389,35.549444,PRESERVED_SPECIMEN,Lindera obtusiloba,Lindera obtusiloba
129.091056,35.630472,PRESERVED_SPECIMEN,Lindera obtusiloba,Lindera obtusiloba
127.969444,35.514444,PRESERVED_SPECIMEN,Lindera obtusiloba,Lindera obtusiloba
127.969444,35.514444,PRESERVED_SPECIMEN,Lindera obtusiloba,Lindera obtusiloba
138.149,36.5085,PRESERVED_SPECIMEN,Lindera obtusiloba,Lindera obtusiloba
138.134,36.5196,PRESERVED_SPECIMEN,Lindera obtusiloba,Lindera obtusiloba
127.008784,37.543127,HUMAN_OBSERVATION,Lindera obtusiloba,Lindera obtusiloba
126.996405,37.548563,HUMAN_OBSERVATION,Lindera obtusiloba,Lindera obtusiloba
127.035407,36.025827,HUMAN_OBSERVATION,Lindera obtusiloba,Lindera obtusiloba
128.5975,37.265556,HUMAN_OBSERVATION,Lindera obtusiloba,Lindera obtusiloba
127.224167,35.813056,HUMAN_OBSERVATION,Lindera obtusiloba,Lindera obtusiloba
129.448611,35.5875,HUMAN_OBSERVATION,Lindera obtusiloba,Lindera obtusiloba
127.145548,35.786905,HUMAN_OBSERVATION,Lindera obtusiloba,Lindera obtusiloba
129.111378,35.223924,HUMAN_OBSERVATION,Lindera obtusiloba,Lindera obtusiloba
127.208108,36.378958,HUMAN_OBSERVATION,Lindera obtusiloba,Lindera obtusiloba
127.423611,35.897778,HUMAN_OBSERVATION,Lindera obtusiloba,Lindera obtusiloba
128.143182,37.459917,HUMAN_OBSERVATION,Lindera obtusiloba,Lindera obtusiloba
138.268625,36.011762,HUMAN_OBSERVATION,Lindera obtusiloba,Lindera obtusiloba
129.091833,35.634222,PRESERVED_SPECIMEN,Lindera obtusiloba,Lindera obtusiloba
127.974722,35.490556,PRESERVED_SPECIMEN,Lindera obtusiloba,Lindera obtusiloba
138.351694,36.379633,PRESERVED_SPECIMEN,Lindera obtusiloba,Lindera obtusiloba
138.2496,36.5703,PRESERVED_SPECIMEN,Lindera obtusiloba,Lindera obtusiloba
138.2458,36.5662,PRESERVED_SPECIMEN,Lindera obtusiloba,Lindera obtusiloba
138.2253,36.5718,PRESERVED_SPECIMEN,Lindera obtusiloba,Lindera obtusiloba
127.160631,37.374662,HUMAN_OBSERVATION,Lindera obtusiloba,Lindera obtusiloba
126.987122,37.546719,HUMAN_OBSERVATION,Lindera obtusiloba,Lindera obtusiloba
127.4225,35.898611,HUMAN_OBSERVATION,Lindera obtusiloba,Lindera obtusiloba
127.048592,35.75861,HUMAN_OBSERVATION,Lindera obtusiloba,Lindera obtusiloba
138.801942,35.501764,HUMAN_OBSERVATION,Lindera obtusiloba,Lindera obtusiloba
129.086667,35.652944,PRESERVED_SPECIMEN,Lindera obtusiloba,Lindera obtusiloba
127.989722,35.488611,PRESERVED_SPECIMEN,Lindera obtusiloba,Lindera obtusiloba
127.234444,36.358889,HUMAN_OBSERVATION,Lindera obtusiloba,Lindera obtusiloba
126.396425,37.728063,PRESERVED_SPECIMEN,Lindera obtusiloba,Lindera obtusiloba
126.297844,37.696632,PRESERVED_SPECIMEN,Lindera obtusiloba,Lindera obtusiloba
138.200926,36.410731,PRESERVED_SPECIMEN,Lindera obtusiloba,Lindera obtusiloba
138.238134,36.145183,PRESERVED_SPECIMEN,Lindera obtusiloba,Lindera obtusiloba
138.1998,36.589,PRESERVED_SPECIMEN,Lindera obtusiloba,Lindera obtusiloba
138.1836,36.5434,PRESERVED_SPECIMEN,Lindera obtusiloba,Lindera obtusiloba
138.1815,36.543,PRESERVED_SPECIMEN,Lindera obtusiloba,Lindera obtusiloba
138.1998,36.589,PRESERVED_SPECIMEN,Lindera obtusiloba,Lindera obtusiloba
138.1815,36.543,PRESERVED_SPECIMEN,Lindera obtusiloba,Lindera obtusiloba
138.1726,36.5629,PRESERVED_SPECIMEN,Lindera obtusiloba,Lindera obtusiloba
120.606083,36.203641,HUMAN_OBSERVATION,Lindera obtusiloba,Lindera obtusiloba
120.612468,36.207105,HUMAN_OBSERVATION,Lindera obtusiloba,Lindera obtusiloba
129.163619,35.186261,HUMAN_OBSERVATION,Lindera obtusiloba,Lindera obtusiloba
127.154423,37.373274,HUMAN_OBSERVATION,Lindera obtusiloba,Lindera obtusiloba
127.155962,37.374683,HUMAN_OBSERVATION,Lindera obtusiloba,Lindera obtusiloba
128.754167,35.928889,PRESERVED_SPECIMEN,Lindera obtusiloba,Lindera obtusiloba
128.754167,35.928889,PRESERVED_SPECIMEN,Lindera obtusiloba,Lindera obtusiloba
128.754167,35.928889,PRESERVED_SPECIMEN,Lindera obtusiloba,Lindera obtusiloba
128.754167,35.928889,PRESERVED_SPECIMEN,Lindera obtusiloba,Lindera obtusiloba
128.754167,35.928889,PRESERVED_SPECIMEN,Lindera obtusiloba,Lindera obtusiloba
128.754167,35.928889,PRESERVED_SPECIMEN,Lindera obtusiloba,Lindera obtusiloba
128.754167,35.928889,PRESERVED_SPECIMEN,Lindera obtusiloba,Lindera obtusiloba
128.754167,35.928889,PRESERVED_SPECIMEN,Lindera obtusiloba,Lindera obtusiloba
128.754167,35.928889,PRESERVED_SPECIMEN,Lindera obtusiloba,Lindera obtusiloba
128.754167,35.928889,PRESERVED_SPECIMEN,Lindera obtusiloba,Lindera obtusiloba
128.754167,35.928889,PRESERVED_SPECIMEN,Lindera obtusiloba,Lindera obtusiloba
128.754167,35.928889,PRESERVED_SPECIMEN,Lindera obtusiloba,Lindera obtusiloba
128.754167,35.928889,PRESERVED_SPECIMEN,Lindera obtusiloba,Lindera obtusiloba
128.754167,35.928889,PRESERVED_SPECIMEN,Lindera obtusiloba,Lindera obtusiloba
128.754167,35.928889,PRESERVED_SPECIMEN,Lindera obtusiloba,Lindera obtusiloba
128.754167,35.928889,PRESERVED_SPECIMEN,Lindera obtusiloba,Lindera obtusiloba
128.754167,35.928889,PRESERVED_SPECIMEN,Lindera obtusiloba,Lindera obtusiloba
128.754167,35.928889,PRESERVED_SPECIMEN,Lindera obtusiloba,Lindera obtusiloba
128.754167,35.928889,PRESERVED_SPECIMEN,Lindera obtusiloba,Lindera obtusiloba
128.754167,35.928889,PRESERVED_SPECIMEN,Lindera obtusiloba,Lindera obtusiloba
128.754167,35.928889,PRESERVED_SPECIMEN,Lindera obtusiloba,Lindera obtusiloba
128.754167,35.928889,PRESERVED_SPECIMEN,Lindera obtusiloba,Lindera obtusiloba
131.083744,42.875956,HUMAN_OBSERVATION,Rhododendron mucronulatum,Rhododendron mucronulatum
127.282568,36.786839,HUMAN_OBSERVATION,Rhododendron mucronulatum,Rhododendron mucronulatum
127.078152,37.201297,HUMAN_OBSERVATION,Rhododendron mucronulatum,Rhododendron mucronulatum
127.747313,37.869525,HUMAN_OBSERVATION,Rhododendron mucronulatum,Rhododendron mucronulatum
127.202392,36.83828,HUMAN_OBSERVATION,Rhododendron mucronulatum,Rhododendron mucronulatum
128.595777,35.212418,HUMAN_OBSERVATION,Rhododendron mucronulatum,Rhododendron mucronulatum
128.146346,37.456825,HUMAN_OBSERVATION,Rhododendron mucronulatum,Rhododendron mucronulatum
128.600044,35.227909,HUMAN_OBSERVATION,Rhododendron mucronulatum,Rhododendron mucronulatum
128.603219,35.23008,HUMAN_OBSERVATION,Rhododendron mucronulatum,Rhododendron mucronulatum
128.600068,35.227742,HUMAN_OBSERVATION,Rhododendron mucronulatum,Rhododendron mucronulatum
127.23041,36.358193,HUMAN_OBSERVATION,Rhododendron mucronulatum,Rhododendron mucronulatum
120.608115,36.211562,HUMAN_OBSERVATION,Rhododendron mucronulatum,Rhododendron mucronulatum
126.601928,37.222145,HUMAN_OBSERVATION,Rhododendron mucronulatum,Rhododendron mucronulatum
116.053366,39.949247,HUMAN_OBSERVATION,Rhododendron mucronulatum,Rhododendron mucronulatum
127.744325,37.866925,HUMAN_OBSERVATION,Rhododendron mucronulatum,Rhododendron mucronulatum
126.986834,34.733495,HUMAN_OBSERVATION,Rhododendron mucronulatum,Rhododendron mucronulatum
120.613203,36.210455,HUMAN_OBSERVATION,Rhododendron mucronulatum,Rhododendron mucronulatum
127.259673,37.663621,HUMAN_OBSERVATION,Rhododendron mucronulatum,Rhododendron mucronulatum
128.618028,38.074039,HUMAN_OBSERVATION,Rhododendron mucronulatum,Rhododendron mucronulatum
120.616272,36.201367,HUMAN_OBSERVATION,Rhododendron mucronulatum,Rhododendron mucronulatum
130.514985,42.748357,HUMAN_OBSERVATION,Rhododendron mucronulatum,Rhododendron mucronulatum
127.167844,37.752316,HUMAN_OBSERVATION,Rhododendron mucronulatum,Rhododendron mucronulatum
120.6158,36.201298,HUMAN_OBSERVATION,Rhododendron mucronulatum,Rhododendron mucronulatum
126.68023,37.431033,HUMAN_OBSERVATION,Rhododendron mucronulatum,Rhododendron mucronulatum
127.167675,37.752735,HUMAN_OBSERVATION,Rhododendron mucronulatum,Rhododendron mucronulatum
127.829031,35.873375,HUMAN_OBSERVATION,Rhododendron mucronulatum,Rhododendron mucronulatum
128.008856,35.517986,HUMAN_OBSERVATION,Rhododendron mucronulatum,Rhododendron mucronulatum
126.967669,37.600219,HUMAN_OBSERVATION,Rhododendron mucronulatum,Rhododendron mucronulatum
120.595383,36.212635,HUMAN_OBSERVATION,Rhododendron mucronulatum,Rhododendron mucronulatum
120.595956,36.211089,HUMAN_OBSERVATION,Rhododendron mucronulatum,Rhododendron mucronulatum
120.609986,36.206822,HUMAN_OBSERVATION,Rhododendron mucronulatum,Rhododendron mucronulatum
128.008133,35.553184,HUMAN_OBSERVATION,Rhododendron mucronulatum,Rhododendron mucronulatum
120.616735,36.200779,HUMAN_OBSERVATION,Rhododendron mucronulatum,Rhododendron mucronulatum
126.424653,37.42352,HUMAN_OBSERVATION,Rhododendron mucronulatum,Rhododendron mucronulatum
120.609818,36.206741,HUMAN_OBSERVATION,Rhododendron mucronulatum,Rhododendron mucronulatum
126.3954,37.446067,HUMAN_OBSERVATION,Rhododendron mucronulatum,Rhododendron mucronulatum
127.232842,37.655442,HUMAN_OBSERVATION,Rhododendron mucronulatum,Rhododendron mucronulatum
120.610006,36.206789,HUMAN_OBSERVATION,Rhododendron mucronulatum,Rhododendron mucronulatum
127.274435,37.974468,HUMAN_OBSERVATION,Rhododendron mucronulatum,Rhododendron mucronulatum
115.818702,39.940766000000004,HUMAN_OBSERVATION,Rhododendron mucronulatum,Rhododendron mucronulatum
131.895186,43.127964,HUMAN_OBSERVATION,Rhododendron mucronulatum,Rhododendron mucronulatum
131.99353,43.223658,HUMAN_OBSERVATION,Rhododendron mucronulatum,Rhododendron mucronulatum
131.937022,43.14692,HUMAN_OBSERVATION,Rhododendron mucronulatum,Rhododendron mucronulatum
131.47549,43.206851,HUMAN_OBSERVATION,Rhododendron mucronulatum,Rhododendron mucronulatum
131.87683,43.11955,HUMAN_OBSERVATION,Rhododendron mucronulatum,Rhododendron mucronulatum
116.473495,40.939112,HUMAN_OBSERVATION,Rhododendron mucronulatum,Rhododendron mucronulatum
131.986134,43.220418,HUMAN_OBSERVATION,Rhododendron mucronulatum,Rhododendron mucronulatum
129.05603,35.275903,HUMAN_OBSERVATION,Rhododendron mucronulatum,Rhododendron mucronulatum
132.16142,43.289572,HUMAN_OBSERVATION,Rhododendron mucronulatum,Rhododendron mucronulatum
131.965069,43.182538,HUMAN_OBSERVATION,Rhododendron mucronulatum,Rhododendron mucronulatum
127.079736,37.761669,HUMAN_OBSERVATION,Rhododendron mucronulatum,Rhododendron mucronulatum
120.652805,36.169432,HUMAN_OBSERVATION,Rhododendron mucronulatum,Rhododendron mucronulatum
133.069847,43.298844,HUMAN_OBSERVATION,Rhododendron mucronulatum,Rhododendron mucronulatum
132.141982,43.309413,HUMAN_OBSERVATION,Rhododendron mucronulatum,Rhododendron mucronulatum
132.851525,42.800866,HUMAN_OBSERVATION,Rhododendron mucronulatum,Rhododendron mucronulatum
133.093429,42.685015,HUMAN_OBSERVATION,Rhododendron mucronulatum,Rhododendron mucronulatum
131.898114,43.05882,HUMAN_OBSERVATION,Rhododendron mucronulatum,Rhododendron mucronulatum
120.625207,36.164297,HUMAN_OBSERVATION,Rhododendron mucronulatum,Rhododendron mucronulatum
131.824896,42.933678,HUMAN_OBSERVATION,Rhododendron mucronulatum,Rhododendron mucronulatum
132.727752,42.894083,HUMAN_OBSERVATION,Rhododendron mucronulatum,Rhododendron mucronulatum
115.504136,40.026867,HUMAN_OBSERVATION,Rhododendron mucronulatum,Rhododendron mucronulatum
116.060514,40.817094,HUMAN_OBSERVATION,Rhododendron mucronulatum,Rhododendron mucronulatum
132.12883,43.225262,HUMAN_OBSERVATION,Rhododendron mucronulatum,Rhododendron mucronulatum
131.21427,42.587067,HUMAN_OBSERVATION,Rhododendron mucronulatum,Rhododendron mucronulatum
131.87793,42.958197,HUMAN_OBSERVATION,Rhododendron mucronulatum,Rhododendron mucronulatum
117.395528,40.593539,HUMAN_OBSERVATION,Rhododendron mucronulatum,Rhododendron mucronulatum
120.660908,36.147978,HUMAN_OBSERVATION,Rhododendron mucronulatum,Rhododendron mucronulatum
132.448319,43.487553,HUMAN_OBSERVATION,Rhododendron mucronulatum,Rhododendron mucronulatum
126.386745,36.376046,HUMAN_OBSERVATION,Rhododendron mucronulatum,Rhododendron mucronulatum
130.75768,42.41626,HUMAN_OBSERVATION,Rhododendron mucronulatum,Rhododendron mucronulatum
130.7506,42.41029,HUMAN_OBSERVATION,Rhododendron mucronulatum,Rhododendron mucronulatum
131.65845,42.8663,HUMAN_OBSERVATION,Rhododendron mucronulatum,Rhododendron mucronulatum
133.065932,43.299568,HUMAN_OBSERVATION,Rhododendron mucronulatum,Rhododendron mucronulatum
130.75567,42.412714,HUMAN_OBSERVATION,Rhododendron mucronulatum,Rhododendron mucronulatum
131.65797800000001,42.865553,HUMAN_OBSERVATION,Rhododendron mucronulatum,Rhododendron mucronulatum
131.658514,42.866475,HUMAN_OBSERVATION,Rhododendron mucronulatum,Rhododendron mucronulatum
131.975339,43.218989,HUMAN_OBSERVATION,Rhododendron mucronulatum,Rhododendron mucronulatum
131.658475,42.866025,HUMAN_OBSERVATION,Rhododendron mucronulatum,Rhododendron mucronulatum
128.464294,38.119444,HUMAN_OBSERVATION,Rhododendron mucronulatum,Rhododendron mucronulatum
131.731458,42.930201,HUMAN_OBSERVATION,Rhododendron mucronulatum,Rhododendron mucronulatum
133.224033,42.739307,HUMAN_OBSERVATION,Rhododendron mucronulatum,Rhododendron mucronulatum
132.118073,43.219974,HUMAN_OBSERVATION,Rhododendron mucronulatum,Rhododendron mucronulatum
132.101631,43.220944,HUMAN_OBSERVATION,Rhododendron mucronulatum,Rhododendron mucronulatum
131.826961,42.934434,HUMAN_OBSERVATION,Rhododendron mucronulatum,Rhododendron mucronulatum
130.728456,42.620681,HUMAN_OBSERVATION,Rhododendron mucronulatum,Rhododendron mucronulatum
132.408494,42.948226,HUMAN_OBSERVATION,Rhododendron mucronulatum,Rhododendron mucronulatum
131.88781,43.043978,HUMAN_OBSERVATION,Rhododendron mucronulatum,Rhododendron mucronulatum
130.750521,42.415878,HUMAN_OBSERVATION,Rhododendron mucronulatum,Rhododendron mucronulatum
131.214771,42.579636,HUMAN_OBSERVATION,Rhododendron mucronulatum,Rhododendron mucronulatum
127.151838,37.37501,HUMAN_OBSERVATION,Rhododendron mucronulatum,Rhododendron mucronulatum
132.405522,42.920269,HUMAN_OBSERVATION,Rhododendron mucronulatum,Rhododendron mucronulatum
132.359858,42.733974,HUMAN_OBSERVATION,Rhododendron mucronulatum,Rhododendron mucronulatum
131.347519,44.427736,HUMAN_OBSERVATION,Rhododendron mucronulatum,Rhododendron mucronulatum
133.651652,43.302291,HUMAN_OBSERVATION,Rhododendron mucronulatum,Rhododendron mucronulatum
133.044692,43.128567,HUMAN_OBSERVATION,Rhododendron mucronulatum,Rhododendron mucronulatum
127.207413,36.842037,HUMAN_OBSERVATION,Rhododendron mucronulatum,Rhododendron mucronulatum
127.000459,37.592932,HUMAN_OBSERVATION,Rhododendron mucronulatum,Rhododendron mucronulatum
128.041167,35.725003,HUMAN_OBSERVATION,Rhododendron mucronulatum,Rhododendron mucronulatum
128.967506,35.042805,HUMAN_OBSERVATION,Rhododendron mucronulatum,Rhododendron mucronulatum
126.940267,37.577653,HUMAN_OBSERVATION,Rhododendron mucronulatum,Rhododendron mucronulatum
126.945025,37.577192,HUMAN_OBSERVATION,Rhododendron mucronulatum,Rhododendron mucronulatum
127.19487,36.827188,HUMAN_OBSERVATION,Rhododendron mucronulatum,Rhododendron mucronulatum
129.121628,35.113327,HUMAN_OBSERVATION,Rhododendron mucronulatum,Rhododendron mucronulatum
127.033062,37.556624,HUMAN_OBSERVATION,Rhododendron mucronulatum,Rhododendron mucronulatum
127.039461,37.543752,HUMAN_OBSERVATION,Rhododendron mucronulatum,Rhododendron mucronulatum
127.123992,37.356188,HUMAN_OBSERVATION,Rhododendron mucronulatum,Rhododendron mucronulatum
127.831854,35.757527,HUMAN_OBSERVATION,Rhododendron mucronulatum,Rhododendron mucronulatum
127.196428,36.853058,HUMAN_OBSERVATION,Rhododendron mucronulatum,Rhododendron mucronulatum
128.560547,35.82467,HUMAN_OBSERVATION,Rhododendron mucronulatum,Rhododendron mucronulatum
127.040508,37.543326,HUMAN_OBSERVATION,Rhododendron mucronulatum,Rhododendron mucronulatum
126.996958,37.619026,HUMAN_OBSERVATION,Rhododendron mucronulatum,Rhododendron mucronulatum
128.012475,35.806099,HUMAN_OBSERVATION,Rhododendron mucronulatum,Rhododendron mucronulatum
127.0028,37.545533,HUMAN_OBSERVATION,Rhododendron mucronulatum,Rhododendron mucronulatum
127.257804,37.331931,HUMAN_OBSERVATION,Rhododendron mucronulatum,Rhododendron mucronulatum
120.003107,35.781316,HUMAN_OBSERVATION,Rhododendron mucronulatum,Rhododendron mucronulatum
126.964662,37.6535,HUMAN_OBSERVATION,Rhododendron mucronulatum,Rhododendron mucronulatum
126.8506,37.56858,HUMAN_OBSERVATION,Rhododendron mucronulatum,Rhododendron mucronulatum
126.930748,37.517426,HUMAN_OBSERVATION,Rhododendron mucronulatum,Rhododendron mucronulatum
128.560578,35.824565,HUMAN_OBSERVATION,Rhododendron mucronulatum,Rhododendron mucronulatum
126.991671,37.562083,HUMAN_OBSERVATION,Rhododendron mucronulatum,Rhododendron mucronulatum
127.00521,37.545049,HUMAN_OBSERVATION,Rhododendron mucronulatum,Rhododendron mucronulatum
126.700697,37.45422,HUMAN_OBSERVATION,Rhododendron mucronulatum,Rhododendron mucronulatum
127.956239,35.315278,HUMAN_OBSERVATION,Rhododendron mucronulatum,Rhododendron mucronulatum
127.270833,37.470833,HUMAN_OBSERVATION,Rhododendron mucronulatum,Rhododendron mucronulatum
128.724548,35.151586,HUMAN_OBSERVATION,Rhododendron mucronulatum,Rhododendron mucronulatum
127.268285,36.515301,HUMAN_OBSERVATION,Rhododendron mucronulatum,Rhododendron mucronulatum
126.763355,37.457561,HUMAN_OBSERVATION,Rhododendron mucronulatum,Rhododendron mucronulatum
120.596388,36.202194,HUMAN_OBSERVATION,Rhododendron mucronulatum,Rhododendron mucronulatum
126.975587,37.585663,HUMAN_OBSERVATION,Rhododendron mucronulatum,Rhododendron mucronulatum
126.975167,37.566503,HUMAN_OBSERVATION,Rhododendron mucronulatum,Rhododendron mucronulatum
128.105401,35.711788,HUMAN_OBSERVATION,Rhododendron mucronulatum,Rhododendron mucronulatum
127.94912,35.534068,HUMAN_OBSERVATION,Rhododendron mucronulatum,Rhododendron mucronulatum
127.168826,36.715994,HUMAN_OBSERVATION,Rhododendron mucronulatum,Rhododendron mucronulatum
128.146153,37.456968,HUMAN_OBSERVATION,Rhododendron mucronulatum,Rhododendron mucronulatum
120.503828,36.112413,HUMAN_OBSERVATION,Rhododendron mucronulatum,Rhododendron mucronulatum
126.88447,37.581232,HUMAN_OBSERVATION,Rhododendron mucronulatum,Rhododendron mucronulatum
126.437909,37.76575,HUMAN_OBSERVATION,Rhododendron mucronulatum,Rhododendron mucronulatum
120.587489,36.206872,HUMAN_OBSERVATION,Rhododendron mucronulatum,Rhododendron mucronulatum
124.642811,37.925683,HUMAN_OBSERVATION,Rhododendron mucronulatum,Rhododendron mucronulatum
131.206938,42.647267,HUMAN_OBSERVATION,Rhododendron mucronulatum,Rhododendron mucronulatum
126.942929,37.571932,HUMAN_OBSERVATION,Rhododendron mucronulatum,Rhododendron mucronulatum
116.049638,40.095475,HUMAN_OBSERVATION,Rhododendron mucronulatum,Rhododendron mucronulatum
129.060183,35.234783,HUMAN_OBSERVATION,Rhododendron mucronulatum,Rhododendron mucronulatum
131.922287,42.982892,HUMAN_OBSERVATION,Rhododendron mucronulatum,Rhododendron mucronulatum
131.991156,43.221767,HUMAN_OBSERVATION,Rhododendron mucronulatum,Rhododendron mucronulatum
131.306493,44.456286,HUMAN_OBSERVATION,Rhododendron mucronulatum,Rhododendron mucronulatum
133.246066,42.75843,HUMAN_OBSERVATION,Rhododendron mucronulatum,Rhododendron mucronulatum
126.827865,37.486859,HUMAN_OBSERVATION,Rhododendron mucronulatum,Rhododendron mucronulatum
126.832266,37.483985,HUMAN_OBSERVATION,Rhododendron mucronulatum,Rhododendron mucronulatum
128.607822,37.381703,HUMAN_OBSERVATION,Rhododendron mucronulatum,Rhododendron mucronulatum
128.607822,37.381703,HUMAN_OBSERVATION,Rhododendron mucronulatum,Rhododendron mucronulatum
128.607822,37.381703,HUMAN_OBSERVATION,Rhododendron mucronulatum,Rhododendron mucronulatum
128.637202,37.362628,HUMAN_OBSERVATION,Rhododendron mucronulatum,Rhododendron mucronulatum
126.465843,35.614202,HUMAN_OBSERVATION,Rhododendron mucronulatum,Rhododendron mucronulatum
126.465843,35.614202,HUMAN_OBSERVATION,Rhododendron mucronulatum,Rhododendron mucronulatum
126.465843,35.614202,HUMAN_OBSERVATION,Rhododendron mucronulatum,Rhododendron mucronulatum
126.363237,34.773345,HUMAN_OBSERVATION,Rhododendron mucronulatum,Rhododendron mucronulatum
131.845428,43.043292,HUMAN_OBSERVATION,Rhododendron mucronulatum,Rhododendron mucronulatum
131.976545,43.211897,HUMAN_OBSERVATION,Rhododendron mucronulatum,Rhododendron mucronulatum
131.877097,42.958274,HUMAN_OBSERVATION,Rhododendron mucronulatum,Rhododendron mucronulatum
131.488907,43.182468,HUMAN_OBSERVATION,Rhododendron mucronulatum,Rhododendron mucronulatum
131.204743,42.591606,HUMAN_OBSERVATION,Rhododendron mucronulatum,Rhododendron mucronulatum
120.623377,36.160868,HUMAN_OBSERVATION,Rhododendron mucronulatum,Rhododendron mucronulatum
115.54208,40.110429,HUMAN_OBSERVATION,Rhododendron mucronulatum,Rhododendron mucronulatum
131.128906,42.620658,HUMAN_OBSERVATION,Rhododendron mucronulatum,Rhododendron mucronulatum
116.055997,40.072274,HUMAN_OBSERVATION,Rhododendron mucronulatum,Rhododendron mucronulatum
132.112747,43.18708,HUMAN_OBSERVATION,Rhododendron mucronulatum,Rhododendron mucronulatum
129.083851,35.158724,HUMAN_OBSERVATION,Rhododendron mucronulatum,Rhododendron mucronulatum
129.087264,35.160028,HUMAN_OBSERVATION,Rhododendron mucronulatum,Rhododendron mucronulatum
131.876729,42.958823,HUMAN_OBSERVATION,Rhododendron mucronulatum,Rhododendron mucronulatum
132.902078,42.785008,HUMAN_OBSERVATION,Rhododendron mucronulatum,Rhododendron mucronulatum
131.911297,43.133248,HUMAN_OBSERVATION,Rhododendron mucronulatum,Rhododendron mucronulatum
131.177505,42.618443,HUMAN_OBSERVATION,Rhododendron mucronulatum,Rhododendron mucronulatum
134.173523,43.068771,HUMAN_OBSERVATION,Rhododendron mucronulatum,Rhododendron mucronulatum
120.626483,36.181328,HUMAN_OBSERVATION,Rhododendron mucronulatum,Rhododendron mucronulatum
131.658432,42.865913,HUMAN_OBSERVATION,Rhododendron mucronulatum,Rhododendron mucronulatum
131.658508,42.866043,HUMAN_OBSERVATION,Rhododendron mucronulatum,Rhododendron mucronulatum
131.216766,42.643885,HUMAN_OBSERVATION,Rhododendron mucronulatum,Rhododendron mucronulatum
128.420822,35.695667,PRESERVED_SPECIMEN,Rhododendron mucronulatum,Rhododendron mucronulatum
131.879958,42.970867,HUMAN_OBSERVATION,Rhododendron mucronulatum,Rhododendron mucronulatum
131.129014,42.620808,HUMAN_OBSERVATION,Rhododendron mucronulatum,Rhododendron mucronulatum
131.883085,43.049709,HUMAN_OBSERVATION,Rhododendron mucronulatum,Rhododendron mucronulatum
132.796403,43.236163,HUMAN_OBSERVATION,Rhododendron mucronulatum,Rhododendron mucronulatum
132.796799,43.234809,HUMAN_OBSERVATION,Rhododendron mucronulatum,Rhododendron mucronulatum
131.937636,43.179603,HUMAN_OBSERVATION,Rhododendron mucronulatum,Rhododendron mucronulatum
132.796806,43.235452,HUMAN_OBSERVATION,Rhododendron mucronulatum,Rhododendron mucronulatum
127.661974,37.840268,HUMAN_OBSERVATION,Rhododendron mucronulatum,Rhododendron mucronulatum
132.699867,43.075596,HUMAN_OBSERVATION,Rhododendron mucronulatum,Rhododendron mucronulatum
132.722009,43.177404,HUMAN_OBSERVATION,Rhododendron mucronulatum,Rhododendron mucronulatum
128.537809,35.768725,HUMAN_OBSERVATION,Rhododendron mucronulatum,Rhododendron mucronulatum
128.537908,35.768833,HUMAN_OBSERVATION,Rhododendron mucronulatum,Rhododendron mucronulatum
134.08365,43.502645,HUMAN_OBSERVATION,Rhododendron mucronulatum,Rhododendron mucronulatum
115.715531,39.906044,HUMAN_OBSERVATION,Rhododendron mucronulatum,Rhododendron mucronulatum
128.523817,35.760239,HUMAN_OBSERVATION,Rhododendron mucronulatum,Rhododendron mucronulatum
128.532083,35.701245,HUMAN_OBSERVATION,Rhododendron mucronulatum,Rhododendron mucronulatum
128.525091,35.76106,HUMAN_OBSERVATION,Rhododendron mucronulatum,Rhododendron mucronulatum
128.501492,35.772732,HUMAN_OBSERVATION,Rhododendron mucronulatum,Rhododendron mucronulatum
128.510525,35.768016,HUMAN_OBSERVATION,Rhododendron mucronulatum,Rhododendron mucronulatum
128.525363,35.761446,HUMAN_OBSERVATION,Rhododendron mucronulatum,Rhododendron mucronulatum
128.525336,35.76189,HUMAN_OBSERVATION,Rhododendron mucronulatum,Rhododendron mucronulatum
128.532089,35.69737,HUMAN_OBSERVATION,Rhododendron mucronulatum,Rhododendron mucronulatum
128.527091,35.713602,HUMAN_OBSERVATION,Rhododendron mucronulatum,Rhododendron mucronulatum
128.146614,37.456626,HUMAN_OBSERVATION,Rhododendron mucronulatum,Rhododendron mucronulatum
130.297719,42.277257,HUMAN_OBSERVATION,Rhododendron mucronulatum,Rhododendron mucronulatum
130.297844,42.278186,HUMAN_OBSERVATION,Rhododendron mucronulatum,Rhododendron mucronulatum
130.295978,42.276361,HUMAN_OBSERVATION,Rhododendron mucronulatum,Rhododendron mucronulatum
133.197979,42.713302,HUMAN_OBSERVATION,Rhododendron mucronulatum,Rhododendron mucronulatum
130.339035,42.24827,HUMAN_OBSERVATION,Rhododendron mucronulatum,Rhododendron mucronulatum
133.201567,42.713776,HUMAN_OBSERVATION,Rhododendron mucronulatum,Rhododendron mucronulatum
130.295534,42.273699,HUMAN_OBSERVATION,Rhododendron mucronulatum,Rhododendron mucronulatum
128.146314,37.456592,HUMAN_OBSERVATION,Rhododendron mucronulatum,Rhododendron mucronulatum
127.583939,36.071989,HUMAN_OBSERVATION,Rhododendron mucronulatum,Rhododendron mucronulatum
127.584705,36.072857,HUMAN_OBSERVATION,Rhododendron mucronulatum,Rhododendron mucronulatum
127.584705,36.072857,HUMAN_OBSERVATION,Rhododendron mucronulatum,Rhododendron mucronulatum
129.000572,35.245732,HUMAN_OBSERVATION,Rhododendron mucronulatum,Rhododendron mucronulatum
128.19303,36.48109,HUMAN_OBSERVATION,Rhododendron mucronulatum,Rhododendron mucronulatum
127.573713,36.071676,HUMAN_OBSERVATION,Rhododendron mucronulatum,Rhododendron mucronulatum
128.19248,36.48119,HUMAN_OBSERVATION,Rhododendron mucronulatum,Rhododendron mucronulatum
129.000913,35.250432000000004,HUMAN_OBSERVATION,Rhododendron mucronulatum,Rhododendron mucronulatum
129.00107,35.245961,HUMAN_OBSERVATION,Rhododendron mucronulatum,Rhododendron mucronulatum
128.192417,36.481134,HUMAN_OBSERVATION,Rhododendron mucronulatum,Rhododendron mucronulatum
127.014167,34.405405,HUMAN_OBSERVATION,Rhododendron mucronulatum,Rhododendron mucronulatum
129.000613,35.251567,HUMAN_OBSERVATION,Rhododendron mucronulatum,Rhododendron mucronulatum
128.19248,36.48119,HUMAN_OBSERVATION,Rhododendron mucronulatum,Rhododendron mucronulatum
129.000913,35.250432000000004,HUMAN_OBSERVATION,Rhododendron mucronulatum,Rhododendron mucronulatum
129.000826,35.245177,HUMAN_OBSERVATION,Rhododendron mucronulatum,Rhododendron mucronulatum
127.580816,36.071055,HUMAN_OBSERVATION,Rhododendron mucronulatum,Rhododendron mucronulatum
128.19284,36.48115,HUMAN_OBSERVATION,Rhododendron mucronulatum,Rhododendron mucronulatum
127.01180600000001,34.405964,HUMAN_OBSERVATION,Rhododendron mucronulatum,Rhododendron mucronulatum
127.863519,35.707468,HUMAN_OBSERVATION,Rhododendron mucronulatum,Rhododendron mucronulatum
127.944497,35.576102,HUMAN_OBSERVATION,Rhododendron mucronulatum,Rhododendron mucronulatum
128.040685,35.723432,HUMAN_OBSERVATION,Rhododendron mucronulatum,Rhododendron mucronulatum
127.040511,37.706481,HUMAN_OBSERVATION,Rhododendron mucronulatum,Rhododendron mucronulatum
128.354338,37.307628,HUMAN_OBSERVATION,Rhododendron mucronulatum,Rhododendron mucronulatum
126.987587,37.413258,HUMAN_OBSERVATION,Rhododendron mucronulatum,Rhododendron mucronulatum
128.044132,35.71077,HUMAN_OBSERVATION,Rhododendron mucronulatum,Rhododendron mucronulatum
127.2562,37.680067,HUMAN_OBSERVATION,Rhododendron mucronulatum,Rhododendron mucronulatum
119.984955,35.785112,HUMAN_OBSERVATION,Rhododendron mucronulatum,Rhododendron mucronulatum
126.93114,37.34954,HUMAN_OBSERVATION,Rhododendron mucronulatum,Rhododendron mucronulatum
128.353994,37.306826,HUMAN_OBSERVATION,Rhododendron mucronulatum,Rhododendron mucronulatum
126.621537,36.659138,HUMAN_OBSERVATION,Rhododendron mucronulatum,Rhododendron mucronulatum
127.195845,36.824917,HUMAN_OBSERVATION,Rhododendron mucronulatum,Rhododendron mucronulatum
127.24427,35.723687,HUMAN_OBSERVATION,Rhododendron mucronulatum,Rhododendron mucronulatum
126.621214,36.729647,HUMAN_OBSERVATION,Rhododendron mucronulatum,Rhododendron mucronulatum
127.15718,35.767237,HUMAN_OBSERVATION,Rhododendron mucronulatum,Rhododendron mucronulatum
127.109335,35.708479,HUMAN_OBSERVATION,Rhododendron mucronulatum,Rhododendron mucronulatum
128.276053,36.464393,HUMAN_OBSERVATION,Rhododendron mucronulatum,Rhododendron mucronulatum
128.427226,34.798301,HUMAN_OBSERVATION,Rhododendron mucronulatum,Rhododendron mucronulatum
128.260608,35.068089,HUMAN_OBSERVATION,Rhododendron mucronulatum,Rhododendron mucronulatum
126.621392,36.659119,HUMAN_OBSERVATION,Rhododendron mucronulatum,Rhododendron mucronulatum
127.218087,37.583464,HUMAN_OBSERVATION,Rhododendron mucronulatum,Rhododendron mucronulatum
126.333087,36.988976,HUMAN_OBSERVATION,Rhododendron mucronulatum,Rhododendron mucronulatum
127.416983,36.436031,HUMAN_OBSERVATION,Rhododendron mucronulatum,Rhododendron mucronulatum
127.416983,36.436031,HUMAN_OBSERVATION,Rhododendron mucronulatum,Rhododendron mucronulatum
127.416983,36.436031,HUMAN_OBSERVATION,Rhododendron mucronulatum,Rhododendron mucronulatum
127.416983,36.436031,HUMAN_OBSERVATION,Rhododendron mucronulatum,Rhododendron mucronulatum
126.624313,36.67176,HUMAN_OBSERVATION,Rhododendron mucronulatum,Rhododendron mucronulatum
126.623983,36.67168,HUMAN_OBSERVATION,Rhododendron mucronulatum,Rhododendron mucronulatum
127.030354,37.480201,HUMAN_OBSERVATION,Rhododendron mucronulatum,Rhododendron mucronulatum
129.011628,35.192188,HUMAN_OBSERVATION,Rhododendron mucronulatum,Rhododendron mucronulatum
116.638983,40.514512,HUMAN_OBSERVATION,Rhododendron mucronulatum,Rhododendron mucronulatum
116.641005,40.515178,HUMAN_OBSERVATION,Rhododendron mucronulatum,Rhododendron mucronulatum
116.647513,40.513855,HUMAN_OBSERVATION,Rhododendron mucronulatum,Rhododendron mucronulatum
116.639747,40.514738,HUMAN_OBSERVATION,Rhododendron mucronulatum,Rhododendron mucronulatum
116.653503,40.5219,HUMAN_OBSERVATION,Rhododendron mucronulatum,Rhododendron mucronulatum
126.797974,37.500183,HUMAN_OBSERVATION,Rhododendron mucronulatum,Rhododendron mucronulatum
127.285827,36.34251,HUMAN_OBSERVATION,Rhododendron mucronulatum,Rhododendron mucronulatum
127.918913,35.609398,HUMAN_OBSERVATION,Rhododendron mucronulatum,Rhododendron mucronulatum
129.109707,35.349339,HUMAN_OBSERVATION,Rhododendron mucronulatum,Rhododendron mucronulatum
126.985924,35.126044,HUMAN_OBSERVATION,Rhododendron mucronulatum,Rhododendron mucronulatum
115.889819,40.552969,HUMAN_OBSERVATION,Rhododendron mucronulatum,Rhododendron mucronulatum
133.116225,43.073064,HUMAN_OBSERVATION,Rhododendron mucronulatum,Rhododendron mucronulatum
131.918305,43.18602,HUMAN_OBSERVATION,Rhododendron mucronulatum,Rhododendron mucronulatum
131.917623,43.186093,HUMAN_OBSERVATION,Rhododendron mucronulatum,Rhododendron mucronulatum
115.875118,40.553391,HUMAN_OBSERVATION,Rhododendron mucronulatum,Rhododendron mucronulatum
126.54969,33.420885,HUMAN_OBSERVATION,Rhododendron mucronulatum,Rhododendron mucronulatum
115.880043,40.446021,HUMAN_OBSERVATION,Rhododendron mucronulatum,Rhododendron mucronulatum
126.976821,37.023844,HUMAN_OBSERVATION,Rhododendron mucronulatum,Rhododendron mucronulatum
128.620922,35.197646,HUMAN_OBSERVATION,Rhododendron mucronulatum,Rhododendron mucronulatum
126.653758,36.706555,HUMAN_OBSERVATION,Rhododendron mucronulatum,Rhododendron mucronulatum
126.653758,36.706555,HUMAN_OBSERVATION,Rhododendron mucronulatum,Rhododendron mucronulatum
126.653597,36.707136,HUMAN_OBSERVATION,Rhododendron mucronulatum,Rhododendron mucronulatum
126.653597,36.707136,HUMAN_OBSERVATION,Rhododendron mucronulatum,Rhododendron mucronulatum
126.653597,36.707136,HUMAN_OBSERVATION,Rhododendron mucronulatum,Rhododendron mucronulatum
126.653597,36.707136,HUMAN_OBSERVATION,Rhododendron mucronulatum,Rhododendron mucronulatum
127.766633,35.957592,HUMAN_OBSERVATION,Rhododendron mucronulatum,Rhododendron mucronulatum
127.766633,35.957592,HUMAN_OBSERVATION,Rhododendron mucronulatum,Rhododendron mucronulatum
127.76693,35.957655,HUMAN_OBSERVATION,Rhododendron mucronulatum,Rhododendron mucronulatum
127.76693,35.957655,HUMAN_OBSERVATION,Rhododendron mucronulatum,Rhododendron mucronulatum
127.76693,35.957655,HUMAN_OBSERVATION,Rhododendron mucronulatum,Rhododendron mucronulatum
127.76693,35.957655,HUMAN_OBSERVATION,Rhododendron mucronulatum,Rhododendron mucronulatum
126.259866,37.178,HUMAN_OBSERVATION,Rhododendron mucronulatum,Rhododendron mucronulatum
126.251992,37.176763,HUMAN_OBSERVATION,Rhododendron mucronulatum,Rhododendron mucronulatum
126.153992,36.803337,HUMAN_OBSERVATION,Rhododendron mucronulatum,Rhododendron mucronulatum
131.976356,43.210575,HUMAN_OBSERVATION,Rhododendron mucronulatum,Rhododendron mucronulatum
115.503575,40.033255,HUMAN_OBSERVATION,Rhododendron mucronulatum,Rhododendron mucronulatum
131.963298,43.211502,HUMAN_OBSERVATION,Rhododendron mucronulatum,Rhododendron mucronulatum
131.903937,43.031124,HUMAN_OBSERVATION,Rhododendron mucronulatum,Rhododendron mucronulatum
115.586557,39.821148,HUMAN_OBSERVATION,Rhododendron mucronulatum,Rhododendron mucronulatum
131.88202,43.04975,HUMAN_OBSERVATION,Rhododendron mucronulatum,Rhododendron mucronulatum
131.90403,43.03128,HUMAN_OBSERVATION,Rhododendron mucronulatum,Rhododendron mucronulatum
133.698675,42.884179,HUMAN_OBSERVATION,Rhododendron mucronulatum,Rhododendron mucronulatum
131.897614,43.057041,HUMAN_OBSERVATION,Rhododendron mucronulatum,Rhododendron mucronulatum
131.90403,43.03128,HUMAN_OBSERVATION,Rhododendron mucronulatum,Rhododendron mucronulatum
133.696778,42.880645,HUMAN_OBSERVATION,Rhododendron mucronulatum,Rhododendron mucronulatum
131.165539,42.605811,HUMAN_OBSERVATION,Rhododendron mucronulatum,Rhododendron mucronulatum
128.753538,37.693133,HUMAN_OBSERVATION,Rhododendron mucronulatum,Rhododendron mucronulatum
131.211746,42.579285,HUMAN_OBSERVATION,Rhododendron mucronulatum,Rhododendron mucronulatum
116.056442,40.072136,HUMAN_OBSERVATION,Rhododendron mucronulatum,Rhododendron mucronulatum
127.117056,36.428611,PRESERVED_SPECIMEN,Rhododendron mucronulatum,Rhododendron mucronulatum
131.188642,42.988502,HUMAN_OBSERVATION,Rhododendron mucronulatum,Rhododendron mucronulatum
131.900693,42.992687,HUMAN_OBSERVATION,Rhododendron mucronulatum,Rhododendron mucronulatum
131.900605,42.992694,HUMAN_OBSERVATION,Rhododendron mucronulatum,Rhododendron mucronulatum
131.308228,43.278392,HUMAN_OBSERVATION,Rhododendron mucronulatum,Rhododendron mucronulatum
131.557635,43.353761,HUMAN_OBSERVATION,Rhododendron mucronulatum,Rhododendron mucronulatum
131.342033,43.331995,HUMAN_OBSERVATION,Rhododendron mucronulatum,Rhododendron mucronulatum
131.30428,43.281987,HUMAN_OBSERVATION,Rhododendron mucronulatum,Rhododendron mucronulatum
131.188552,42.988692,HUMAN_OBSERVATION,Rhododendron mucronulatum,Rhododendron mucronulatum
131.183224,42.982005,HUMAN_OBSERVATION,Rhododendron mucronulatum,Rhododendron mucronulatum
131.148191,43.02311,HUMAN_OBSERVATION,Rhododendron mucronulatum,Rhododendron mucronulatum
131.14944,43.025263,HUMAN_OBSERVATION,Rhododendron mucronulatum,Rhododendron mucronulatum
131.144103,43.018996,HUMAN_OBSERVATION,Rhododendron mucronulatum,Rhododendron mucronulatum
131.341944,43.331944,PRESERVED_SPECIMEN,Rhododendron mucronulatum,Rhododendron mucronulatum
131.5575,43.353611,PRESERVED_SPECIMEN,Rhododendron mucronulatum,Rhododendron mucronulatum
131.132519,42.968026,HUMAN_OBSERVATION,Rhododendron mucronulatum,Rhododendron mucronulatum
132.153882,43.232926,HUMAN_OBSERVATION,Rhododendron mucronulatum,Rhododendron mucronulatum
131.976768,43.212139,HUMAN_OBSERVATION,Rhododendron mucronulatum,Rhododendron mucronulatum
131.986995,43.221042,HUMAN_OBSERVATION,Rhododendron mucronulatum,Rhododendron mucronulatum
131.253571,42.775314,HUMAN_OBSERVATION,Rhododendron mucronulatum,Rhododendron mucronulatum
131.489585,43.180105,HUMAN_OBSERVATION,Rhododendron mucronulatum,Rhododendron mucronulatum
131.730019,42.902181,HUMAN_OBSERVATION,Rhododendron mucronulatum,Rhododendron mucronulatum
131.72985,42.902259,HUMAN_OBSERVATION,Rhododendron mucronulatum,Rhododendron mucronulatum
131.73026,42.902189,HUMAN_OBSERVATION,Rhododendron mucronulatum,Rhododendron mucronulatum
131.737751,42.912428,HUMAN_OBSERVATION,Rhododendron mucronulatum,Rhododendron mucronulatum
131.21487,42.57963,HUMAN_OBSERVATION,Rhododendron mucronulatum,Rhododendron mucronulatum
126.556613,33.36975,HUMAN_OBSERVATION,Rhododendron mucronulatum,Rhododendron mucronulatum
131.2016,42.593047,HUMAN_OBSERVATION,Rhododendron mucronulatum,Rhododendron mucronulatum
131.208558,42.592472,HUMAN_OBSERVATION,Rhododendron mucronulatum,Rhododendron mucronulatum
131.642136,43.365033,HUMAN_OBSERVATION,Rhododendron mucronulatum,Rhododendron mucronulatum
131.829442,43.560078,HUMAN_OBSERVATION,Rhododendron mucronulatum,Rhododendron mucronulatum
126.646733,36.466014,PRESERVED_SPECIMEN,Rhododendron mucronulatum,Rhododendron mucronulatum
132.819027,42.786677,HUMAN_OBSERVATION,Rhododendron mucronulatum,Rhododendron mucronulatum
132.788611,43.10111,HUMAN_OBSERVATION,Rhododendron mucronulatum,Rhododendron mucronulatum
132.815359,42.789194,HUMAN_OBSERVATION,Rhododendron mucronulatum,Rhododendron mucronulatum
131.114966,42.769256,HUMAN_OBSERVATION,Rhododendron mucronulatum,Rhododendron mucronulatum
133.723678,43.238561,HUMAN_OBSERVATION,Rhododendron mucronulatum,Rhododendron mucronulatum
133.714431,43.246914,HUMAN_OBSERVATION,Rhododendron mucronulatum,Rhododendron mucronulatum
127.027369,36.740608,HUMAN_OBSERVATION,Rhododendron mucronulatum,Rhododendron mucronulatum
133.002075,43.005711,HUMAN_OBSERVATION,Rhododendron mucronulatum,Rhododendron mucronulatum
129.21277,35.8362,HUMAN_OBSERVATION,Rhododendron mucronulatum,Rhododendron mucronulatum
130.916989,42.593891,HUMAN_OBSERVATION,Rhododendron mucronulatum,Rhododendron mucronulatum
127.269203,36.610745,HUMAN_OBSERVATION,Rhododendron mucronulatum,Rhododendron mucronulatum
127.527458,35.295766,HUMAN_OBSERVATION,Rhododendron mucronulatum,Rhododendron mucronulatum
127.276903,36.784226,HUMAN_OBSERVATION,Rhododendron mucronulatum,Rhododendron mucronulatum
127.082061,37.46552,HUMAN_OBSERVATION,Rhododendron mucronulatum,Rhododendron mucronulatum
127.4297,37.56989,HUMAN_OBSERVATION,Rhododendron mucronulatum,Rhododendron mucronulatum
127.0874,35.75346,HUMAN_OBSERVATION,Rhododendron mucronulatum,Rhododendron mucronulatum
131.950937,43.188102,HUMAN_OBSERVATION,Rhododendron mucronulatum,Rhododendron mucronulatum
127.16499,36.715499,HUMAN_OBSERVATION,Rhododendron mucronulatum,Rhododendron mucronulatum
127.865697,35.712582,HUMAN_OBSERVATION,Rhododendron mucronulatum,Rhododendron mucronulatum
127.165054,36.713349,HUMAN_OBSERVATION,Rhododendron mucronulatum,Rhododendron mucronulatum
128.043163,35.709798,HUMAN_OBSERVATION,Rhododendron mucronulatum,Rhododendron mucronulatum
127.50219,38.203243,HUMAN_OBSERVATION,Rhododendron mucronulatum,Rhododendron mucronulatum
126.4524,35.82209,HUMAN_OBSERVATION,Rhododendron mucronulatum,Rhododendron mucronulatum
127.0143,35.7217,HUMAN_OBSERVATION,Rhododendron mucronulatum,Rhododendron mucronulatum
127.014,35.72199,HUMAN_OBSERVATION,Rhododendron mucronulatum,Rhododendron mucronulatum
127.1434,35.7882,HUMAN_OBSERVATION,Rhododendron mucronulatum,Rhododendron mucronulatum
127.1438,35.78791,HUMAN_OBSERVATION,Rhododendron mucronulatum,Rhododendron mucronulatum
127.4491,35.30452,HUMAN_OBSERVATION,Rhododendron mucronulatum,Rhododendron mucronulatum
127.0182,35.72379,HUMAN_OBSERVATION,Rhododendron mucronulatum,Rhododendron mucronulatum
128.6631,35.15006,HUMAN_OBSERVATION,Rhododendron mucronulatum,Rhododendron mucronulatum
127.0202,35.72568,HUMAN_OBSERVATION,Rhododendron mucronulatum,Rhododendron mucronulatum
128.8597,37.77139,HUMAN_OBSERVATION,Rhododendron mucronulatum,Rhododendron mucronulatum
127.01,35.72225,HUMAN_OBSERVATION,Rhododendron mucronulatum,Rhododendron mucronulatum
127.0147,35.72628,HUMAN_OBSERVATION,Rhododendron mucronulatum,Rhododendron mucronulatum
127.0135,35.72169,HUMAN_OBSERVATION,Rhododendron mucronulatum,Rhododendron mucronulatum
126.1568,34.86608,HUMAN_OBSERVATION,Rhododendron mucronulatum,Rhododendron mucronulatum
127.4641,35.388,HUMAN_OBSERVATION,Rhododendron mucronulatum,Rhododendron mucronulatum
126.9986,35.73355,HUMAN_OBSERVATION,Rhododendron mucronulatum,Rhododendron mucronulatum
128.8844,37.795,HUMAN_OBSERVATION,Rhododendron mucronulatum,Rhododendron mucronulatum
127.1038,35.73104,HUMAN_OBSERVATION,Rhododendron mucronulatum,Rhododendron mucronulatum
126.4535,35.82108,HUMAN_OBSERVATION,Rhododendron mucronulatum,Rhododendron mucronulatum
129.3264,35.51688,HUMAN_OBSERVATION,Rhododendron mucronulatum,Rhododendron mucronulatum
126.1999,34.93386,HUMAN_OBSERVATION,Rhododendron mucronulatum,Rhododendron mucronulatum
128.455,35.22462,HUMAN_OBSERVATION,Rhododendron mucronulatum,Rhododendron mucronulatum
127.1876,35.75308,HUMAN_OBSERVATION,Rhododendron mucronulatum,Rhododendron mucronulatum
128.4444,35.22562,HUMAN_OBSERVATION,Rhododendron mucronulatum,Rhododendron mucronulatum
127.4606,35.3889,HUMAN_OBSERVATION,Rhododendron mucronulatum,Rhododendron mucronulatum
128.3451,35.31563,HUMAN_OBSERVATION,Rhododendron mucronulatum,Rhododendron mucronulatum
127.9984,36.11779,HUMAN_OBSERVATION,Rhododendron mucronulatum,Rhododendron mucronulatum
128.4481,36.104730000000004,HUMAN_OBSERVATION,Rhododendron mucronulatum,Rhododendron mucronulatum
128.6977,35.253660000000004,HUMAN_OBSERVATION,Rhododendron mucronulatum,Rhododendron mucronulatum
127.0111,35.18497,HUMAN_OBSERVATION,Rhododendron mucronulatum,Rhododendron mucronulatum
127.0155,35.72297,HUMAN_OBSERVATION,Rhododendron mucronulatum,Rhododendron mucronulatum
127.3831,35.60553,HUMAN_OBSERVATION,Rhododendron mucronulatum,Rhododendron mucronulatum
126.831004,35.392548,HUMAN_OBSERVATION,Rhododendron mucronulatum,Rhododendron mucronulatum
127.259656,37.663609,HUMAN_OBSERVATION,Rhododendron mucronulatum,Rhododendron mucronulatum
127.879469,35.691331,HUMAN_OBSERVATION,Rhododendron mucronulatum,Rhododendron mucronulatum
127.87753,35.66801,HUMAN_OBSERVATION,Rhododendron mucronulatum,Rhododendron mucronulatum
126.7075,37.720556,HUMAN_OBSERVATION,Rhododendron mucronulatum,Rhododendron mucronulatum
126.835773,35.472385,HUMAN_OBSERVATION,Rhododendron mucronulatum,Rhododendron mucronulatum
127.869345,35.573262,HUMAN_OBSERVATION,Rhododendron mucronulatum,Rhododendron mucronulatum
127.978721,35.673183,HUMAN_OBSERVATION,Rhododendron mucronulatum,Rhododendron mucronulatum
127.027573,36.035874,HUMAN_OBSERVATION,Rhododendron mucronulatum,Rhododendron mucronulatum
131.777939,43.018674,HUMAN_OBSERVATION,Rhododendron mucronulatum,Rhododendron mucronulatum
131.560508,43.096086,HUMAN_OBSERVATION,Rhododendron mucronulatum,Rhododendron mucronulatum
131.940794,43.754736,HUMAN_OBSERVATION,Rhododendron mucronulatum,Rhododendron mucronulatum
127.47963,38.198441,HUMAN_OBSERVATION,Rhododendron mucronulatum,Rhododendron mucronulatum
128.396896,37.699223,HUMAN_OBSERVATION,Rhododendron mucronulatum,Rhododendron mucronulatum
127.486038,38.190071,HUMAN_OBSERVATION,Rhododendron mucronulatum,Rhododendron mucronulatum
127.479469,38.194275,HUMAN_OBSERVATION,Rhododendron mucronulatum,Rhododendron mucronulatum
129.017059,37.167473,HUMAN_OBSERVATION,Rhododendron mucronulatum,Rhododendron mucronulatum
128.385529,37.67477,PRESERVED_SPECIMEN,Rhododendron mucronulatum,Rhododendron mucronulatum
128.46847,37.238887,HUMAN_OBSERVATION,Rhododendron mucronulatum,Rhododendron mucronulatum
132.94025,46.059774,HUMAN_OBSERVATION,Rhododendron mucronulatum,Rhododendron mucronulatum
132.94025,46.059774,HUMAN_OBSERVATION,Rhododendron mucronulatum,Rhododendron mucronulatum
132.94025,46.059774,HUMAN_OBSERVATION,Rhododendron mucronulatum,Rhododendron mucronulatum
132.94025,46.059774,HUMAN_OBSERVATION,Rhododendron mucronulatum,Rhododendron mucronulatum
132.94025,46.059774,HUMAN_OBSERVATION,Rhododendron mucronulatum,Rhododendron mucronulatum
132.94025,46.059774,HUMAN_OBSERVATION,Rhododendron mucronulatum,Rhododendron mucronulatum
132.94025,46.059774,HUMAN_OBSERVATION,Rhododendron mucronulatum,Rhododendron mucronulatum
132.94025,46.059774,HUMAN_OBSERVATION,Rhododendron mucronulatum,Rhododendron mucronulatum
132.94025,46.059774,HUMAN_OBSERVATION,Rhododendron mucronulatum,Rhododendron mucronulatum
132.94025,46.059774,HUMAN_OBSERVATION,Rhododendron mucronulatum,Rhododendron mucronulatum
132.94025,46.059774,HUMAN_OBSERVATION,Rhododendron mucronulatum,Rhododendron mucronulatum
133.1681,42.7009,HUMAN_OBSERVATION,Rhododendron mucronulatum,Rhododendron mucronulatum
131.91152399999999,43.030517,HUMAN_OBSERVATION,Rhododendron mucronulatum,Rhododendron mucronulatum
128.595173,36.672867,PRESERVED_SPECIMEN,Rhododendron mucronulatum,Rhododendron mucronulatum
128.595173,36.672867,PRESERVED_SPECIMEN,Rhododendron mucronulatum,Rhododendron mucronulatum
128.595173,36.672867,PRESERVED_SPECIMEN,Rhododendron mucronulatum,Rhododendron mucronulatum
128.5193,35.70684,HUMAN_OBSERVATION,Rhododendron mucronulatum,Rhododendron mucronulatum
128.5193,35.70684,HUMAN_OBSERVATION,Rhododendron mucronulatum,Rhododendron mucronulatum
126.141543,36.685745,HUMAN_OBSERVATION,Rhododendron mucronulatum,Rhododendron mucronulatum
126.129202,36.683962,HUMAN_OBSERVATION,Rhododendron mucronulatum,Rhododendron mucronulatum
127.2353,35.40999,HUMAN_OBSERVATION,Rhododendron mucronulatum,Rhododendron mucronulatum
128.6312,34.71287,HUMAN_OBSERVATION,Rhododendron mucronulatum,Rhododendron mucronulatum
127.5689,35.20686,HUMAN_OBSERVATION,Rhododendron mucronulatum,Rhododendron mucronulatum
127.4684,35.60832,HUMAN_OBSERVATION,Rhododendron mucronulatum,Rhododendron mucronulatum
127.5383,35.81167,HUMAN_OBSERVATION,Rhododendron mucronulatum,Rhododendron mucronulatum
126.4218,35.80074,HUMAN_OBSERVATION,Rhododendron mucronulatum,Rhododendron mucronulatum
126.4226,35.80026,HUMAN_OBSERVATION,Rhododendron mucronulatum,Rhododendron mucronulatum
127.2514,37.68722,HUMAN_OBSERVATION,Rhododendron mucronulatum,Rhododendron mucronulatum
126.4256,35.8024,HUMAN_OBSERVATION,Rhododendron mucronulatum,Rhododendron mucronulatum
126.4217,35.8008,HUMAN_OBSERVATION,Rhododendron mucronulatum,Rhododendron mucronulatum
126.4443,35.83115,HUMAN_OBSERVATION,Rhododendron mucronulatum,Rhododendron mucronulatum
126.5744,35.63528,HUMAN_OBSERVATION,Rhododendron mucronulatum,Rhododendron mucronulatum
126.4226,35.80036,HUMAN_OBSERVATION,Rhododendron mucronulatum,Rhododendron mucronulatum
126.8798,35.52076,HUMAN_OBSERVATION,Rhododendron mucronulatum,Rhododendron mucronulatum
126.8752,35.53072,HUMAN_OBSERVATION,Rhododendron mucronulatum,Rhododendron mucronulatum
128.2365,37.99621,HUMAN_OBSERVATION,Rhododendron mucronulatum,Rhododendron mucronulatum
127.4027,35.60736,HUMAN_OBSERVATION,Rhododendron mucronulatum,Rhododendron mucronulatum
126.2843,35.58806,HUMAN_OBSERVATION,Rhododendron mucronulatum,Rhododendron mucronulatum
127.8174,35.87037,HUMAN_OBSERVATION,Rhododendron mucronulatum,Rhododendron mucronulatum
126.503,33.35885,HUMAN_OBSERVATION,Rhododendron mucronulatum,Rhododendron mucronulatum
126.8818,35.51851,HUMAN_OBSERVATION,Rhododendron mucronulatum,Rhododendron mucronulatum
127.1858,35.57185,HUMAN_OBSERVATION,Rhododendron mucronulatum,Rhododendron mucronulatum
127.1231,35.67479,HUMAN_OBSERVATION,Rhododendron mucronulatum,Rhododendron mucronulatum
127.2849,36.06588,HUMAN_OBSERVATION,Rhododendron mucronulatum,Rhododendron mucronulatum
128.6624,35.14946,HUMAN_OBSERVATION,Rhododendron mucronulatum,Rhododendron mucronulatum
127.4867,35.16831,HUMAN_OBSERVATION,Rhododendron mucronulatum,Rhododendron mucronulatum
128.4394,34.81477,HUMAN_OBSERVATION,Rhododendron mucronulatum,Rhododendron mucronulatum
128.4339,34.81061,HUMAN_OBSERVATION,Rhododendron mucronulatum,Rhododendron mucronulatum
126.8817,35.5198,HUMAN_OBSERVATION,Rhododendron mucronulatum,Rhododendron mucronulatum
126.6235,34.46455,HUMAN_OBSERVATION,Rhododendron mucronulatum,Rhododendron mucronulatum
126.6169,34.47102,HUMAN_OBSERVATION,Rhododendron mucronulatum,Rhododendron mucronulatum
126.5557,33.36977,HUMAN_OBSERVATION,Rhododendron mucronulatum,Rhododendron mucronulatum
126.5699,33.37142,HUMAN_OBSERVATION,Rhododendron mucronulatum,Rhododendron mucronulatum
127.8145,35.86075,HUMAN_OBSERVATION,Rhododendron mucronulatum,Rhododendron mucronulatum
126.4453,35.82825,HUMAN_OBSERVATION,Rhododendron mucronulatum,Rhododendron mucronulatum
126.4969,33.35623,HUMAN_OBSERVATION,Rhododendron mucronulatum,Rhododendron mucronulatum
127.5225,35.36568,HUMAN_OBSERVATION,Rhododendron mucronulatum,Rhododendron mucronulatum
128.9139,37.52028,HUMAN_OBSERVATION,Rhododendron mucronulatum,Rhododendron mucronulatum
128.5223,35.26218,HUMAN_OBSERVATION,Rhododendron mucronulatum,Rhododendron mucronulatum
128.5223,35.26219,HUMAN_OBSERVATION,Rhododendron mucronulatum,Rhododendron mucronulatum
128.5223,35.26219,HUMAN_OBSERVATION,Rhododendron mucronulatum,Rhododendron mucronulatum
128.5223,35.26203,HUMAN_OBSERVATION,Rhododendron mucronulatum,Rhododendron mucronulatum
126.0782,34.8713,HUMAN_OBSERVATION,Rhododendron mucronulatum,Rhododendron mucronulatum
127.0828,35.74644,HUMAN_OBSERVATION,Rhododendron mucronulatum,Rhododendron mucronulatum
126.6689,36.11595,HUMAN_OBSERVATION,Rhododendron mucronulatum,Rhododendron mucronulatum
128.1787,38.04241,HUMAN_OBSERVATION,Rhododendron mucronulatum,Rhododendron mucronulatum
127.1432,35.7902,HUMAN_OBSERVATION,Rhododendron mucronulatum,Rhododendron mucronulatum
131.985731,43.160241,HUMAN_OBSERVATION,Rhododendron mucronulatum,Rhododendron mucronulatum
132.064648,43.216606,HUMAN_OBSERVATION,Rhododendron mucronulatum,Rhododendron mucronulatum
131.990946,43.221,HUMAN_OBSERVATION,Rhododendron mucronulatum,Rhododendron mucronulatum
133.123281,42.852758,HUMAN_OBSERVATION,Rhododendron mucronulatum,Rhododendron mucronulatum
115.597292,39.822061,HUMAN_OBSERVATION,Rhododendron mucronulatum,Rhododendron mucronulatum
131.128892,42.620636,HUMAN_OBSERVATION,Rhododendron mucronulatum,Rhododendron mucronulatum
131.129425,42.620911,HUMAN_OBSERVATION,Rhododendron mucronulatum,Rhododendron mucronulatum
131.129275,42.6209,HUMAN_OBSERVATION,Rhododendron mucronulatum,Rhododendron mucronulatum
133.150024,42.687969,HUMAN_OBSERVATION,Rhododendron mucronulatum,Rhododendron mucronulatum
131.135036,42.626781,HUMAN_OBSERVATION,Rhododendron mucronulatum,Rhododendron mucronulatum
128.3922,37.705517,HUMAN_OBSERVATION,Rhododendron mucronulatum,Rhododendron mucronulatum
128.396561,37.701832,HUMAN_OBSERVATION,Rhododendron mucronulatum,Rhododendron mucronulatum
129.00448600000001,37.163975,HUMAN_OBSERVATION,Rhododendron mucronulatum,Rhododendron mucronulatum
128.391891,37.691841,HUMAN_OBSERVATION,Rhododendron mucronulatum,Rhododendron mucronulatum
127.189459,37.445078,HUMAN_OBSERVATION,Rhododendron mucronulatum,Rhododendron mucronulatum
127.188293,37.445765,HUMAN_OBSERVATION,Rhododendron mucronulatum,Rhododendron mucronulatum
127.072175,37.422637,HUMAN_OBSERVATION,Rhododendron mucronulatum,Rhododendron mucronulatum
127.190515,37.44426,HUMAN_OBSERVATION,Rhododendron mucronulatum,Rhododendron mucronulatum
127.181532,37.433719,HUMAN_OBSERVATION,Rhododendron mucronulatum,Rhododendron mucronulatum
127.182062,37.434188,HUMAN_OBSERVATION,Rhododendron mucronulatum,Rhododendron mucronulatum
127.186634,37.435457,HUMAN_OBSERVATION,Rhododendron mucronulatum,Rhododendron mucronulatum
127.184567,37.434709,HUMAN_OBSERVATION,Rhododendron mucronulatum,Rhododendron mucronulatum
127.180941,37.433909,HUMAN_OBSERVATION,Rhododendron mucronulatum,Rhododendron mucronulatum
127.169236,37.456413,HUMAN_OBSERVATION,Rhododendron mucronulatum,Rhododendron mucronulatum
127.096917,37.454563,HUMAN_OBSERVATION,Rhododendron mucronulatum,Rhododendron mucronulatum
127.175562,37.459452,HUMAN_OBSERVATION,Rhododendron mucronulatum,Rhododendron mucronulatum
127.09606,37.346535,HUMAN_OBSERVATION,Rhododendron mucronulatum,Rhododendron mucronulatum
127.146979,37.40437,HUMAN_OBSERVATION,Rhododendron mucronulatum,Rhododendron mucronulatum
127.175798,37.472144,HUMAN_OBSERVATION,Rhododendron mucronulatum,Rhododendron mucronulatum
127.073098,37.402023,HUMAN_OBSERVATION,Rhododendron mucronulatum,Rhododendron mucronulatum
127.059367,37.420197,HUMAN_OBSERVATION,Rhododendron mucronulatum,Rhododendron mucronulatum
127.142715,37.417899,HUMAN_OBSERVATION,Rhododendron mucronulatum,Rhododendron mucronulatum
127.144333,37.417745,HUMAN_OBSERVATION,Rhododendron mucronulatum,Rhododendron mucronulatum
127.182221,37.467922,HUMAN_OBSERVATION,Rhododendron mucronulatum,Rhododendron mucronulatum
133.199997,42.720444,HUMAN_OBSERVATION,Rhododendron mucronulatum,Rhododendron mucronulatum
131.90383,43.029804,HUMAN_OBSERVATION,Rhododendron mucronulatum,Rhododendron mucronulatum
132.807602,42.764015,HUMAN_OBSERVATION,Rhododendron mucronulatum,Rhododendron mucronulatum
132.994,42.8277,HUMAN_OBSERVATION,Rhododendron mucronulatum,Rhododendron mucronulatum
131.2138,42.5793,HUMAN_OBSERVATION,Rhododendron mucronulatum,Rhododendron mucronulatum
131.8801,42.9603,HUMAN_OBSERVATION,Rhododendron mucronulatum,Rhododendron mucronulatum
129.01027,37.39102,PRESERVED_SPECIMEN,Rhododendron mucronulatum,Rhododendron mucronulatum
129.01027,37.39102,PRESERVED_SPECIMEN,Rhododendron mucronulatum,Rhododendron mucronulatum
127.5262,35.29615,HUMAN_OBSERVATION,Rhododendron mucronulatum,Rhododendron mucronulatum
127.5296,35.29676,HUMAN_OBSERVATION,Rhododendron mucronulatum,Rhododendron mucronulatum
128.6869,37.68861,HUMAN_OBSERVATION,Rhododendron mucronulatum,Rhododendron mucronulatum
128.671,37.60725,HUMAN_OBSERVATION,Rhododendron mucronulatum,Rhododendron mucronulatum
126.538099,33.349268,HUMAN_OBSERVATION,Rhododendron mucronulatum,Rhododendron mucronulatum
130.923251,42.594719,HUMAN_OBSERVATION,Rhododendron mucronulatum,Rhododendron mucronulatum
127.15539,37.377168,HUMAN_OBSERVATION,Rhododendron mucronulatum,Rhododendron mucronulatum
127.154373,37.377475,HUMAN_OBSERVATION,Rhododendron mucronulatum,Rhododendron mucronulatum
127.148473,37.381765,HUMAN_OBSERVATION,Rhododendron mucronulatum,Rhododendron mucronulatum
120.643199,36.34878,HUMAN_OBSERVATION,Rhododendron mucronulatum,Rhododendron mucronulatum
126.610353,35.619055,HUMAN_OBSERVATION,Rhododendron mucronulatum,Rhododendron mucronulatum
127.4204,35.63385,HUMAN_OBSERVATION,Rhododendron mucronulatum,Rhododendron mucronulatum
127.1181,35.64462,HUMAN_OBSERVATION,Rhododendron mucronulatum,Rhododendron mucronulatum
125.4294,34.688,HUMAN_OBSERVATION,Rhododendron mucronulatum,Rhododendron mucronulatum
117.143683,40.431953,HUMAN_OBSERVATION,Rhododendron mucronulatum,Rhododendron mucronulatum
129.010696,37.148712,HUMAN_OBSERVATION,Rhododendron mucronulatum,Rhododendron mucronulatum
129.008286,37.170216,HUMAN_OBSERVATION,Rhododendron mucronulatum,Rhododendron mucronulatum
129.009659,37.150387,HUMAN_OBSERVATION,Rhododendron mucronulatum,Rhododendron mucronulatum
128.450078,37.766619,PRESERVED_SPECIMEN,Rhododendron mucronulatum,Rhododendron mucronulatum
128.450078,37.766619,PRESERVED_SPECIMEN,Rhododendron mucronulatum,Rhododendron mucronulatum
130.867737,37.514541,PRESERVED_SPECIMEN,Rhododendron mucronulatum,Rhododendron mucronulatum
130.867737,37.514541,PRESERVED_SPECIMEN,Rhododendron mucronulatum,Rhododendron mucronulatum
127.516,35.34812,HUMAN_OBSERVATION,Rhododendron mucronulatum,Rhododendron mucronulatum
130.91609,42.461855,HUMAN_OBSERVATION,Rhododendron mucronulatum,Rhododendron mucronulatum
132.455464,42.81271,HUMAN_OBSERVATION,Rhododendron mucronulatum,Rhododendron mucronulatum
131.976511,43.21218,HUMAN_OBSERVATION,Rhododendron mucronulatum,Rhododendron mucronulatum
116.451719,40.952724,HUMAN_OBSERVATION,Rhododendron mucronulatum,Rhododendron mucronulatum
116.75097,40.553562,HUMAN_OBSERVATION,Rhododendron mucronulatum,Rhododendron mucronulatum
126.527,35.5804,HUMAN_OBSERVATION,Rhododendron mucronulatum,Rhododendron mucronulatum
127.1438,35.78786,HUMAN_OBSERVATION,Rhododendron mucronulatum,Rhododendron mucronulatum
126.9029,35.5008,HUMAN_OBSERVATION,Rhododendron mucronulatum,Rhododendron mucronulatum
128.1343,38.16638,HUMAN_OBSERVATION,Rhododendron mucronulatum,Rhododendron mucronulatum
126.3617,37.53315,HUMAN_OBSERVATION,Rhododendron mucronulatum,Rhododendron mucronulatum
131.214135,42.579948,HUMAN_OBSERVATION,Rhododendron mucronulatum,Rhododendron mucronulatum
131.920497,43.190181,HUMAN_OBSERVATION,Rhododendron mucronulatum,Rhododendron mucronulatum
131.19618,42.608682,HUMAN_OBSERVATION,Rhododendron mucronulatum,Rhododendron mucronulatum
131.199413,42.600323,HUMAN_OBSERVATION,Rhododendron mucronulatum,Rhododendron mucronulatum
131.194033,42.589312,HUMAN_OBSERVATION,Rhododendron mucronulatum,Rhododendron mucronulatum
131.205863,42.60065,HUMAN_OBSERVATION,Rhododendron mucronulatum,Rhododendron mucronulatum
131.159917,42.620467,HUMAN_OBSERVATION,Rhododendron mucronulatum,Rhododendron mucronulatum
131.22672,42.60287,HUMAN_OBSERVATION,Rhododendron mucronulatum,Rhododendron mucronulatum
131.19753,42.62222,HUMAN_OBSERVATION,Rhododendron mucronulatum,Rhododendron mucronulatum
131.380149,42.87993,HUMAN_OBSERVATION,Rhododendron mucronulatum,Rhododendron mucronulatum
127.181113,37.433912,HUMAN_OBSERVATION,Rhododendron mucronulatum,Rhododendron mucronulatum
127.096972,37.453645,HUMAN_OBSERVATION,Rhododendron mucronulatum,Rhododendron mucronulatum
127.190881,37.444284,HUMAN_OBSERVATION,Rhododendron mucronulatum,Rhododendron mucronulatum
127.180725,37.433776,HUMAN_OBSERVATION,Rhododendron mucronulatum,Rhododendron mucronulatum
127.164864,37.46391,HUMAN_OBSERVATION,Rhododendron mucronulatum,Rhododendron mucronulatum
127.182237,37.467668,HUMAN_OBSERVATION,Rhododendron mucronulatum,Rhododendron mucronulatum
127.174888,37.459093,HUMAN_OBSERVATION,Rhododendron mucronulatum,Rhododendron mucronulatum
127.166418,37.469869,HUMAN_OBSERVATION,Rhododendron mucronulatum,Rhododendron mucronulatum
127.182116,37.467401,HUMAN_OBSERVATION,Rhododendron mucronulatum,Rhododendron mucronulatum
127.180783,37.43435,HUMAN_OBSERVATION,Rhododendron mucronulatum,Rhododendron mucronulatum
127.190881,37.444284,HUMAN_OBSERVATION,Rhododendron mucronulatum,Rhododendron mucronulatum
127.147712,37.404976,HUMAN_OBSERVATION,Rhododendron mucronulatum,Rhododendron mucronulatum
127.145458,37.402485,HUMAN_OBSERVATION,Rhododendron mucronulatum,Rhododendron mucronulatum
130.914007,42.461912,HUMAN_OBSERVATION,Rhododendron mucronulatum,Rhododendron mucronulatum
120.440856,36.094043,HUMAN_OBSERVATION,Rhododendron mucronulatum,Rhododendron mucronulatum
129.28184099999999,35.575496,HUMAN_OBSERVATION,Rhododendron mucronulatum,Rhododendron mucronulatum
127.1045,35.69688,HUMAN_OBSERVATION,Rhododendron mucronulatum,Rhododendron mucronulatum
129.2787,35.57603,HUMAN_OBSERVATION,Rhododendron mucronulatum,Rhododendron mucronulatum
127.3917,35.62467,HUMAN_OBSERVATION,Rhododendron mucronulatum,Rhododendron mucronulatum
133.629325,43.702003,HUMAN_OBSERVATION,Rhododendron mucronulatum,Rhododendron mucronulatum
127.07832,36.725312,HUMAN_OBSERVATION,Rhododendron mucronulatum,Rhododendron mucronulatum
127.202249,36.821305,HUMAN_OBSERVATION,Rhododendron mucronulatum,Rhododendron mucronulatum
131.991133,43.223628,HUMAN_OBSERVATION,Rhododendron mucronulatum,Rhododendron mucronulatum
127.095055,37.346725,HUMAN_OBSERVATION,Rhododendron mucronulatum,Rhododendron mucronulatum
127.03891,37.394775,HUMAN_OBSERVATION,Rhododendron mucronulatum,Rhododendron mucronulatum
127.148552,37.381867,HUMAN_OBSERVATION,Rhododendron mucronulatum,Rhododendron mucronulatum
127.154825,37.382417,HUMAN_OBSERVATION,Rhododendron mucronulatum,Rhododendron mucronulatum
127.15446,37.377353,HUMAN_OBSERVATION,Rhododendron mucronulatum,Rhododendron mucronulatum
127.155505,37.376842,HUMAN_OBSERVATION,Rhododendron mucronulatum,Rhododendron mucronulatum
128.5193,35.70684,HUMAN_OBSERVATION,Rhododendron mucronulatum,Rhododendron mucronulatum
127.101775,37.485988999999996,HUMAN_OBSERVATION,Rhododendron mucronulatum,Rhododendron mucronulatum
129.243,35.52869,HUMAN_OBSERVATION,Rhododendron mucronulatum,Rhododendron mucronulatum
129.2427,35.52881,HUMAN_OBSERVATION,Rhododendron mucronulatum,Rhododendron mucronulatum
126.532975,33.36987,HUMAN_OBSERVATION,Rhododendron mucronulatum,Rhododendron mucronulatum
127.951222,35.540083,HUMAN_OBSERVATION,Rhododendron mucronulatum,Rhododendron mucronulatum
127.27965,36.789038,HUMAN_OBSERVATION,Rhododendron mucronulatum,Rhododendron mucronulatum
126.950081,37.621464,HUMAN_OBSERVATION,Rhododendron mucronulatum,Rhododendron mucronulatum
127.5232,35.36729,HUMAN_OBSERVATION,Rhododendron mucronulatum,Rhododendron mucronulatum
128.2005,38.00256,HUMAN_OBSERVATION,Rhododendron mucronulatum,Rhododendron mucronulatum
128.6871,37.80343,HUMAN_OBSERVATION,Rhododendron mucronulatum,Rhododendron mucronulatum
127.5231,35.36722,HUMAN_OBSERVATION,Rhododendron mucronulatum,Rhododendron mucronulatum
127.5232,35.36724,HUMAN_OBSERVATION,Rhododendron mucronulatum,Rhododendron mucronulatum
129.335556,36.565278,HUMAN_OBSERVATION,Rhododendron mucronulatum,Rhododendron mucronulatum
127.001389,37.720278,HUMAN_OBSERVATION,Rhododendron mucronulatum,Rhododendron mucronulatum
126.945838,35.050979,HUMAN_OBSERVATION,Rhododendron mucronulatum,Rhododendron mucronulatum
127.93631,35.617123,HUMAN_OBSERVATION,Rhododendron mucronulatum,Rhododendron mucronulatum
127.414877,36.635385,HUMAN_OBSERVATION,Rhododendron mucronulatum,Rhododendron mucronulatum
127.173812,36.714895,HUMAN_OBSERVATION,Rhododendron mucronulatum,Rhododendron mucronulatum
128.145712,37.456805,HUMAN_OBSERVATION,Rhododendron mucronulatum,Rhododendron mucronulatum
127.113067,37.728005,HUMAN_OBSERVATION,Rhododendron mucronulatum,Rhododendron mucronulatum
127.18989,35.82367,PRESERVED_SPECIMEN,Rhododendron mucronulatum,Rhododendron mucronulatum
127.18989,35.82367,PRESERVED_SPECIMEN,Rhododendron mucronulatum,Rhododendron mucronulatum
127.18989,35.82367,PRESERVED_SPECIMEN,Rhododendron mucronulatum,Rhododendron mucronulatum
129.291442,35.933362,HUMAN_OBSERVATION,Rhododendron mucronulatum,Rhododendron mucronulatum
126.551227,36.714124,HUMAN_OBSERVATION,Rhododendron mucronulatum,Rhododendron mucronulatum
127.435972,35.532972,PRESERVED_SPECIMEN,Rhododendron mucronulatum,Rhododendron mucronulatum
127.435972,35.532972,PRESERVED_SPECIMEN,Rhododendron mucronulatum,Rhododendron mucronulatum
128.349806,36.873722,PRESERVED_SPECIMEN,Rhododendron mucronulatum,Rhododendron mucronulatum
128.349806,36.873722,PRESERVED_SPECIMEN,Rhododendron mucronulatum,Rhododendron mucronulatum
127.110837,37.358093,HUMAN_OBSERVATION,Rhododendron mucronulatum,Rhododendron mucronulatum
129.248948,35.545953,HUMAN_OBSERVATION,Rhododendron mucronulatum,Rhododendron mucronulatum
128.522272,35.26208,HUMAN_OBSERVATION,Rhododendron mucronulatum,Rhododendron mucronulatum
129.385162,35.670292,HUMAN_OBSERVATION,Rhododendron mucronulatum,Rhododendron mucronulatum
128.522273,35.262078,HUMAN_OBSERVATION,Rhododendron mucronulatum,Rhododendron mucronulatum
127.045103,35.757122,HUMAN_OBSERVATION,Rhododendron mucronulatum,Rhododendron mucronulatum
129.37555,35.660237,HUMAN_OBSERVATION,Rhododendron mucronulatum,Rhododendron mucronulatum
127.118502,35.503751,HUMAN_OBSERVATION,Rhododendron mucronulatum,Rhododendron mucronulatum
127.143799,35.787852,HUMAN_OBSERVATION,Rhododendron mucronulatum,Rhododendron mucronulatum
127.118697,35.501725,HUMAN_OBSERVATION,Rhododendron mucronulatum,Rhododendron mucronulatum
126.4105,35.81069,HUMAN_OBSERVATION,Rhododendron mucronulatum,Rhododendron mucronulatum
126.369503,34.77243,HUMAN_OBSERVATION,Rhododendron mucronulatum,Rhododendron mucronulatum
126.45805,35.823615,HUMAN_OBSERVATION,Rhododendron mucronulatum,Rhododendron mucronulatum
126.459154,35.823889,HUMAN_OBSERVATION,Rhododendron mucronulatum,Rhododendron mucronulatum
129.325,35.518056,HUMAN_OBSERVATION,Rhododendron mucronulatum,Rhododendron mucronulatum
126.458333,35.823611,HUMAN_OBSERVATION,Rhododendron mucronulatum,Rhododendron mucronulatum
126.185288,34.356754,HUMAN_OBSERVATION,Rhododendron mucronulatum,Rhododendron mucronulatum
128.452219,35.277131,HUMAN_OBSERVATION,Rhododendron mucronulatum,Rhododendron mucronulatum
126.106542,34.440326,HUMAN_OBSERVATION,Rhododendron mucronulatum,Rhododendron mucronulatum
129.077816,35.238994,HUMAN_OBSERVATION,Rhododendron mucronulatum,Rhododendron mucronulatum
127.148397,35.785062,HUMAN_OBSERVATION,Rhododendron mucronulatum,Rhododendron mucronulatum
127.550833,34.598611,HUMAN_OBSERVATION,Rhododendron mucronulatum,Rhododendron mucronulatum
127.14423,35.789137,HUMAN_OBSERVATION,Rhododendron mucronulatum,Rhododendron mucronulatum
126.9975,37.49043,HUMAN_OBSERVATION,Rhododendron mucronulatum,Rhododendron mucronulatum
127.550808,34.598538,HUMAN_OBSERVATION,Rhododendron mucronulatum,Rhododendron mucronulatum
127.301842,35.974613,HUMAN_OBSERVATION,Rhododendron mucronulatum,Rhododendron mucronulatum
127.143674,35.789954,HUMAN_OBSERVATION,Rhododendron mucronulatum,Rhododendron mucronulatum
127.2992,35.9724,HUMAN_OBSERVATION,Rhododendron mucronulatum,Rhododendron mucronulatum
127.065417,35.760789,HUMAN_OBSERVATION,Rhododendron mucronulatum,Rhododendron mucronulatum
127.142291,35.719335,HUMAN_OBSERVATION,Rhododendron mucronulatum,Rhododendron mucronulatum
128.323611,37.956111,HUMAN_OBSERVATION,Rhododendron mucronulatum,Rhododendron mucronulatum
127.143788,35.78784,HUMAN_OBSERVATION,Rhododendron mucronulatum,Rhododendron mucronulatum
127.178614,37.468894,HUMAN_OBSERVATION,Rhododendron mucronulatum,Rhododendron mucronulatum
129.25,35.6425,HUMAN_OBSERVATION,Rhododendron mucronulatum,Rhododendron mucronulatum
127.402778,35.606944,HUMAN_OBSERVATION,Rhododendron mucronulatum,Rhododendron mucronulatum
128.433244,35.274691,HUMAN_OBSERVATION,Rhododendron mucronulatum,Rhododendron mucronulatum
129.2509,35.640205,HUMAN_OBSERVATION,Rhododendron mucronulatum,Rhododendron mucronulatum
128.479571,35.266874,HUMAN_OBSERVATION,Rhododendron mucronulatum,Rhododendron mucronulatum
129.237706,35.238051,HUMAN_OBSERVATION,Rhododendron mucronulatum,Rhododendron mucronulatum
127.10589,35.727432,HUMAN_OBSERVATION,Rhododendron mucronulatum,Rhododendron mucronulatum
127.459167,35.388056,HUMAN_OBSERVATION,Rhododendron mucronulatum,Rhododendron mucronulatum
128.144328,37.456986,HUMAN_OBSERVATION,Rhododendron mucronulatum,Rhododendron mucronulatum
133.2023,42.7278,HUMAN_OBSERVATION,Rhododendron mucronulatum,Rhododendron mucronulatum
131.8984,43.0248,HUMAN_OBSERVATION,Rhododendron mucronulatum,Rhododendron mucronulatum
128.04837,37.18913,PRESERVED_SPECIMEN,Rhododendron mucronulatum,Rhododendron mucronulatum
127.985942,36.733981,PRESERVED_SPECIMEN,Rhododendron mucronulatum,Rhododendron mucronulatum
128.325806,36.846583,PRESERVED_SPECIMEN,Rhododendron mucronulatum,Rhododendron mucronulatum
128.325806,36.846583,PRESERVED_SPECIMEN,Rhododendron mucronulatum,Rhododendron mucronulatum
127.985942,36.733981,PRESERVED_SPECIMEN,Rhododendron mucronulatum,Rhododendron mucronulatum
126.247352,37.183626,HUMAN_OBSERVATION,Rhododendron mucronulatum,Rhododendron mucronulatum
132.888947,42.817032,HUMAN_OBSERVATION,Rhododendron mucronulatum,Rhododendron mucronulatum
132.99295,42.815605,HUMAN_OBSERVATION,Rhododendron mucronulatum,Rhododendron mucronulatum
117.427206,40.691695,HUMAN_OBSERVATION,Rhododendron mucronulatum,Rhododendron mucronulatum
127.816944,35.870278,HUMAN_OBSERVATION,Rhododendron mucronulatum,Rhododendron mucronulatum
127.814628,35.860639,HUMAN_OBSERVATION,Rhododendron mucronulatum,Rhododendron mucronulatum
128.238056,38.005556,HUMAN_OBSERVATION,Rhododendron mucronulatum,Rhododendron mucronulatum
128.316738,37.701391,HUMAN_OBSERVATION,Rhododendron mucronulatum,Rhododendron mucronulatum
128.29098,37.522814,HUMAN_OBSERVATION,Rhododendron mucronulatum,Rhododendron mucronulatum
127.486604,35.592683,HUMAN_OBSERVATION,Rhododendron mucronulatum,Rhododendron mucronulatum
127.001033,35.121765,HUMAN_OBSERVATION,Rhododendron mucronulatum,Rhododendron mucronulatum
126.972593,35.463922,HUMAN_OBSERVATION,Rhododendron mucronulatum,Rhododendron mucronulatum
126.972486,35.463812,HUMAN_OBSERVATION,Rhododendron mucronulatum,Rhododendron mucronulatum
127.135263,35.68133,HUMAN_OBSERVATION,Rhododendron mucronulatum,Rhododendron mucronulatum
128.2975,37.902222,HUMAN_OBSERVATION,Rhododendron mucronulatum,Rhododendron mucronulatum
127.33981,35.8655,HUMAN_OBSERVATION,Rhododendron mucronulatum,Rhododendron mucronulatum
116.665049,40.483376,HUMAN_OBSERVATION,Rhododendron mucronulatum,Rhododendron mucronulatum
131.936929,43.146512,HUMAN_OBSERVATION,Rhododendron mucronulatum,Rhododendron mucronulatum
131.934919,43.145699,HUMAN_OBSERVATION,Rhododendron mucronulatum,Rhododendron mucronulatum
131.936019,43.145715,HUMAN_OBSERVATION,Rhododendron mucronulatum,Rhododendron mucronulatum
133.181967,43.1062,HUMAN_OBSERVATION,Rhododendron mucronulatum,Rhododendron mucronulatum
131.276546,42.790112,HUMAN_OBSERVATION,Rhododendron mucronulatum,Rhododendron mucronulatum
131.888419,42.9671,HUMAN_OBSERVATION,Rhododendron mucronulatum,Rhododendron mucronulatum
131.114792,42.734075,HUMAN_OBSERVATION,Rhododendron mucronulatum,Rhododendron mucronulatum
134.168808,43.036247,HUMAN_OBSERVATION,Rhododendron mucronulatum,Rhododendron mucronulatum
127.047222,37.5075,HUMAN_OBSERVATION,Rhododendron mucronulatum,Rhododendron mucronulatum
127.143342,37.403928,HUMAN_OBSERVATION,Rhododendron mucronulatum,Rhododendron mucronulatum
127.532192,35.293722,HUMAN_OBSERVATION,Rhododendron mucronulatum,Rhododendron mucronulatum
127.530239,35.295722,HUMAN_OBSERVATION,Rhododendron mucronulatum,Rhododendron mucronulatum
127.529679,35.296726,HUMAN_OBSERVATION,Rhododendron mucronulatum,Rhododendron mucronulatum
127.530253,35.295787,HUMAN_OBSERVATION,Rhododendron mucronulatum,Rhododendron mucronulatum
126.447765,35.825586,HUMAN_OBSERVATION,Rhododendron mucronulatum,Rhododendron mucronulatum
126.446337,35.830965,HUMAN_OBSERVATION,Rhododendron mucronulatum,Rhododendron mucronulatum
127.79912,38.189502,HUMAN_OBSERVATION,Rhododendron mucronulatum,Rhododendron mucronulatum
126.460859,35.824015,HUMAN_OBSERVATION,Rhododendron mucronulatum,Rhododendron mucronulatum
126.460414,35.823854,HUMAN_OBSERVATION,Rhododendron mucronulatum,Rhododendron mucronulatum
126.460662,35.823842,HUMAN_OBSERVATION,Rhododendron mucronulatum,Rhododendron mucronulatum
128.206389,37.030556,HUMAN_OBSERVATION,Rhododendron mucronulatum,Rhododendron mucronulatum
126.419789,35.798269,HUMAN_OBSERVATION,Rhododendron mucronulatum,Rhododendron mucronulatum
126.418882,35.796516,HUMAN_OBSERVATION,Rhododendron mucronulatum,Rhododendron mucronulatum
126.456887,35.82366,HUMAN_OBSERVATION,Rhododendron mucronulatum,Rhododendron mucronulatum
126.457202,35.823619,HUMAN_OBSERVATION,Rhododendron mucronulatum,Rhododendron mucronulatum
126.353833,34.835806,HUMAN_OBSERVATION,Rhododendron mucronulatum,Rhododendron mucronulatum
126.357278,34.836222,HUMAN_OBSERVATION,Rhododendron mucronulatum,Rhododendron mucronulatum
128.463945,38.117022,HUMAN_OBSERVATION,Rhododendron mucronulatum,Rhododendron mucronulatum
127.143661,37.404137,HUMAN_OBSERVATION,Rhododendron mucronulatum,Rhododendron mucronulatum
126.465333,35.818996,HUMAN_OBSERVATION,Rhododendron mucronulatum,Rhododendron mucronulatum
126.419841,35.798808,HUMAN_OBSERVATION,Rhododendron mucronulatum,Rhododendron mucronulatum
127.143797,35.787836,HUMAN_OBSERVATION,Rhododendron mucronulatum,Rhododendron mucronulatum
127.142864,37.403964,HUMAN_OBSERVATION,Rhododendron mucronulatum,Rhododendron mucronulatum
126.419193,35.800468,HUMAN_OBSERVATION,Rhododendron mucronulatum,Rhododendron mucronulatum
126.471307,35.819821,HUMAN_OBSERVATION,Rhododendron mucronulatum,Rhododendron mucronulatum
131.208487,42.560881,HUMAN_OBSERVATION,Rhododendron mucronulatum,Rhododendron mucronulatum
131.215932,42.579812,HUMAN_OBSERVATION,Rhododendron mucronulatum,Rhododendron mucronulatum
131.213814,42.608357,HUMAN_OBSERVATION,Rhododendron mucronulatum,Rhododendron mucronulatum
131.215932,42.579812,HUMAN_OBSERVATION,Rhododendron mucronulatum,Rhododendron mucronulatum
131.207414,42.592343,HUMAN_OBSERVATION,Rhododendron mucronulatum,Rhododendron mucronulatum
131.229372,42.605274,HUMAN_OBSERVATION,Rhododendron mucronulatum,Rhododendron mucronulatum
131.212764,42.591948,HUMAN_OBSERVATION,Rhododendron mucronulatum,Rhododendron mucronulatum
131.208487,42.560881,HUMAN_OBSERVATION,Rhododendron mucronulatum,Rhododendron mucronulatum
127.468222,35.545306,PRESERVED_SPECIMEN,Rhododendron mucronulatum,Rhododendron mucronulatum
131.212417,42.58587,HUMAN_OBSERVATION,Rhododendron mucronulatum,Rhododendron mucronulatum
129.148578,36.396271,HUMAN_OBSERVATION,Rhododendron mucronulatum,Rhododendron mucronulatum
132.783093,43.110011,HUMAN_OBSERVATION,Rhododendron mucronulatum,Rhododendron mucronulatum
132.783043,43.104353,HUMAN_OBSERVATION,Rhododendron mucronulatum,Rhododendron mucronulatum
132.783503,43.107535,HUMAN_OBSERVATION,Rhododendron mucronulatum,Rhododendron mucronulatum
132.782936,43.104429,HUMAN_OBSERVATION,Rhododendron mucronulatum,Rhododendron mucronulatum
131.748209,43.17087,HUMAN_OBSERVATION,Rhododendron mucronulatum,Rhododendron mucronulatum
128.002587,36.731911,PRESERVED_SPECIMEN,Rhododendron mucronulatum,Rhododendron mucronulatum
132.796145,43.2369,HUMAN_OBSERVATION,Rhododendron mucronulatum,Rhododendron mucronulatum
132.775756,43.135105,HUMAN_OBSERVATION,Rhododendron mucronulatum,Rhododendron mucronulatum
132.792111,43.119288,HUMAN_OBSERVATION,Rhododendron mucronulatum,Rhododendron mucronulatum
132.76509,43.105355,HUMAN_OBSERVATION,Rhododendron mucronulatum,Rhododendron mucronulatum
132.798487,43.226303,HUMAN_OBSERVATION,Rhododendron mucronulatum,Rhododendron mucronulatum
131.731575,42.930217,HUMAN_OBSERVATION,Rhododendron mucronulatum,Rhododendron mucronulatum
131.75184,42.95215,HUMAN_OBSERVATION,Rhododendron mucronulatum,Rhododendron mucronulatum
131.734613,42.984212,HUMAN_OBSERVATION,Rhododendron mucronulatum,Rhododendron mucronulatum
132.78655,43.118194,HUMAN_OBSERVATION,Rhododendron mucronulatum,Rhododendron mucronulatum
132.788025,43.114109,HUMAN_OBSERVATION,Rhododendron mucronulatum,Rhododendron mucronulatum
131.882057,43.049645,HUMAN_OBSERVATION,Rhododendron mucronulatum,Rhododendron mucronulatum
131.741203,42.967807,HUMAN_OBSERVATION,Rhododendron mucronulatum,Rhododendron mucronulatum
132.796832,43.234745,HUMAN_OBSERVATION,Rhododendron mucronulatum,Rhododendron mucronulatum
132.796832,43.234745,HUMAN_OBSERVATION,Rhododendron mucronulatum,Rhododendron mucronulatum
132.764725,43.107362,HUMAN_OBSERVATION,Rhododendron mucronulatum,Rhododendron mucronulatum
131.716827,42.97333,HUMAN_OBSERVATION,Rhododendron mucronulatum,Rhododendron mucronulatum
131.741088,42.967722,HUMAN_OBSERVATION,Rhododendron mucronulatum,Rhododendron mucronulatum
132.796818,43.235287,HUMAN_OBSERVATION,Rhododendron mucronulatum,Rhododendron mucronulatum
126.282778,34.911333,HUMAN_OBSERVATION,Rhododendron mucronulatum,Rhododendron mucronulatum
126.251583,34.852861,HUMAN_OBSERVATION,Rhododendron mucronulatum,Rhododendron mucronulatum
126.251583,34.852861,PRESERVED_SPECIMEN,Rhododendron mucronulatum,Rhododendron mucronulatum
129.20883,35.588805,HUMAN_OBSERVATION,Rhododendron mucronulatum,Rhododendron mucronulatum
127.210278,35.329167,HUMAN_OBSERVATION,Rhododendron mucronulatum,Rhododendron mucronulatum
131.878958,43.116118,HUMAN_OBSERVATION,Rhododendron mucronulatum,Rhododendron mucronulatum
126.449814,33.416182,HUMAN_OBSERVATION,Rhododendron mucronulatum,Rhododendron mucronulatum
127.080115,36.729404,HUMAN_OBSERVATION,Rhododendron mucronulatum,Rhododendron mucronulatum
131.956508,43.205726,HUMAN_OBSERVATION,Rhododendron mucronulatum,Rhododendron mucronulatum
128.505254,34.772183,HUMAN_OBSERVATION,Rhododendron mucronulatum,Rhododendron mucronulatum
127.430561,35.599435,HUMAN_OBSERVATION,Rhododendron mucronulatum,Rhododendron mucronulatum
128.5617,37.78822,HUMAN_OBSERVATION,Rhododendron mucronulatum,Rhododendron mucronulatum
128.4341,34.80782,HUMAN_OBSERVATION,Rhododendron mucronulatum,Rhododendron mucronulatum
127.1438,35.78786,HUMAN_OBSERVATION,Rhododendron mucronulatum,Rhododendron mucronulatum
126.8716,35.47891,HUMAN_OBSERVATION,Rhododendron mucronulatum,Rhododendron mucronulatum
126.9046,35.53237,HUMAN_OBSERVATION,Rhododendron mucronulatum,Rhododendron mucronulatum
128.819444,37.611111,HUMAN_OBSERVATION,Rhododendron mucronulatum,Rhododendron mucronulatum
128.308333,37.88,HUMAN_OBSERVATION,Rhododendron mucronulatum,Rhododendron mucronulatum
128.428333,37.1075,HUMAN_OBSERVATION,Rhododendron mucronulatum,Rhododendron mucronulatum
128.65,37.481111,HUMAN_OBSERVATION,Rhododendron mucronulatum,Rhododendron mucronulatum
127.275,38.341667,HUMAN_OBSERVATION,Rhododendron mucronulatum,Rhododendron mucronulatum
128.308333,37.88,HUMAN_OBSERVATION,Rhododendron mucronulatum,Rhododendron mucronulatum
128.708056,37.478056,HUMAN_OBSERVATION,Rhododendron mucronulatum,Rhododendron mucronulatum
128.708056,37.478056,HUMAN_OBSERVATION,Rhododendron mucronulatum,Rhododendron mucronulatum
128.428333,37.1075,HUMAN_OBSERVATION,Rhododendron mucronulatum,Rhododendron mucronulatum
128.65,37.481111,HUMAN_OBSERVATION,Rhododendron mucronulatum,Rhododendron mucronulatum
128.819444,37.611111,HUMAN_OBSERVATION,Rhododendron mucronulatum,Rhododendron mucronulatum
128.441608,34.803606,HUMAN_OBSERVATION,Rhododendron mucronulatum,Rhododendron mucronulatum
128.584853,34.710245,HUMAN_OBSERVATION,Rhododendron mucronulatum,Rhododendron mucronulatum
127.143775,35.787853,HUMAN_OBSERVATION,Rhododendron mucronulatum,Rhododendron mucronulatum
127.103032,35.696695,HUMAN_OBSERVATION,Rhododendron mucronulatum,Rhododendron mucronulatum
127.139444,35.801667,HUMAN_OBSERVATION,Rhododendron mucronulatum,Rhododendron mucronulatum
126.999919,36.717718,HUMAN_OBSERVATION,Rhododendron mucronulatum,Rhododendron mucronulatum
126.980264,36.713865,HUMAN_OBSERVATION,Rhododendron mucronulatum,Rhododendron mucronulatum
127.132876,37.369805,HUMAN_OBSERVATION,Rhododendron mucronulatum,Rhododendron mucronulatum
127.502802,36.670898,HUMAN_OBSERVATION,Rhododendron mucronulatum,Rhododendron mucronulatum
127.543642,36.666945,HUMAN_OBSERVATION,Rhododendron mucronulatum,Rhododendron mucronulatum
127.518458,36.671781,HUMAN_OBSERVATION,Rhododendron mucronulatum,Rhododendron mucronulatum
128.143182,37.459917,HUMAN_OBSERVATION,Rhododendron mucronulatum,Rhododendron mucronulatum
127.50961,36.672898000000004,HUMAN_OBSERVATION,Rhododendron mucronulatum,Rhododendron mucronulatum
127.504907,36.671395,HUMAN_OBSERVATION,Rhododendron mucronulatum,Rhododendron mucronulatum
127.521297,36.670587,HUMAN_OBSERVATION,Rhododendron mucronulatum,Rhododendron mucronulatum
127.524245,36.669147,HUMAN_OBSERVATION,Rhododendron mucronulatum,Rhododendron mucronulatum
127.535525,36.66842,HUMAN_OBSERVATION,Rhododendron mucronulatum,Rhododendron mucronulatum
127.503804,36.671188,HUMAN_OBSERVATION,Rhododendron mucronulatum,Rhododendron mucronulatum
127.529502,36.66684,HUMAN_OBSERVATION,Rhododendron mucronulatum,Rhododendron mucronulatum
127.513857,36.674142,HUMAN_OBSERVATION,Rhododendron mucronulatum,Rhododendron mucronulatum
127.426162,36.640457,HUMAN_OBSERVATION,Rhododendron mucronulatum,Rhododendron mucronulatum
128.457085,37.493452,HUMAN_OBSERVATION,Rhododendron mucronulatum,Rhododendron mucronulatum
126.696422,37.704671,HUMAN_OBSERVATION,Rhododendron mucronulatum,Rhododendron mucronulatum
127.037117,37.492714,HUMAN_OBSERVATION,Rhododendron mucronulatum,Rhododendron mucronulatum
127.448056,36.083111,PRESERVED_SPECIMEN,Rhododendron mucronulatum,Rhododendron mucronulatum
127.448056,36.083111,PRESERVED_SPECIMEN,Rhododendron mucronulatum,Rhododendron mucronulatum
127.448056,36.083111,PRESERVED_SPECIMEN,Rhododendron mucronulatum,Rhododendron mucronulatum
127.448056,36.083111,PRESERVED_SPECIMEN,Rhododendron mucronulatum,Rhododendron mucronulatum
127.448056,36.083111,PRESERVED_SPECIMEN,Rhododendron mucronulatum,Rhododendron mucronulatum
127.448056,36.083111,PRESERVED_SPECIMEN,Rhododendron mucronulatum,Rhododendron mucronulatum
127.448056,36.083111,PRESERVED_SPECIMEN,Rhododendron mucronulatum,Rhododendron mucronulatum
127.448056,36.083111,PRESERVED_SPECIMEN,Rhododendron mucronulatum,Rhododendron mucronulatum
127.448056,36.083111,PRESERVED_SPECIMEN,Rhododendron mucronulatum,Rhododendron mucronulatum
126.980278,37.553889,HUMAN_OBSERVATION,Rhododendron mucronulatum,Rhododendron mucronulatum
127.0525,37.544722,HUMAN_OBSERVATION,Rhododendron mucronulatum,Rhododendron mucronulatum
127.038333,37.619722,HUMAN_OBSERVATION,Rhododendron mucronulatum,Rhododendron mucronulatum
127.109991,37.562435,HUMAN_OBSERVATION,Rhododendron mucronulatum,Rhododendron mucronulatum
126.980378,37.554108,HUMAN_OBSERVATION,Rhododendron mucronulatum,Rhododendron mucronulatum
127.169444,35.824167,HUMAN_OBSERVATION,Rhododendron mucronulatum,Rhododendron mucronulatum
127.143753,35.787878,HUMAN_OBSERVATION,Rhododendron mucronulatum,Rhododendron mucronulatum
127.100278,35.773056,HUMAN_OBSERVATION,Rhododendron mucronulatum,Rhododendron mucronulatum
127.013598,35.721775,HUMAN_OBSERVATION,Rhododendron mucronulatum,Rhododendron mucronulatum
127.129167,35.819722,HUMAN_OBSERVATION,Rhododendron mucronulatum,Rhododendron mucronulatum
127.142222,35.785278,HUMAN_OBSERVATION,Rhododendron mucronulatum,Rhododendron mucronulatum
127.143993,35.788203,HUMAN_OBSERVATION,Rhododendron mucronulatum,Rhododendron mucronulatum
127.139093,35.826161,HUMAN_OBSERVATION,Rhododendron mucronulatum,Rhododendron mucronulatum
127.186944,35.810278,HUMAN_OBSERVATION,Rhododendron mucronulatum,Rhododendron mucronulatum
127.172034,35.812027,HUMAN_OBSERVATION,Rhododendron mucronulatum,Rhododendron mucronulatum
128.631065,34.712581,HUMAN_OBSERVATION,Rhododendron mucronulatum,Rhododendron mucronulatum
128.631258,34.712278,HUMAN_OBSERVATION,Rhododendron mucronulatum,Rhododendron mucronulatum
128.631297,34.712211,HUMAN_OBSERVATION,Rhododendron mucronulatum,Rhododendron mucronulatum
127.142391,35.783709,HUMAN_OBSERVATION,Rhododendron mucronulatum,Rhododendron mucronulatum
127.169598,35.817646,HUMAN_OBSERVATION,Rhododendron mucronulatum,Rhododendron mucronulatum
128.611919,35.47139,HUMAN_OBSERVATION,Rhododendron mucronulatum,Rhododendron mucronulatum
127.124924,35.648782,HUMAN_OBSERVATION,Rhododendron mucronulatum,Rhododendron mucronulatum
127.142778,35.783333,HUMAN_OBSERVATION,Rhododendron mucronulatum,Rhododendron mucronulatum
127.365,35.429722,HUMAN_OBSERVATION,Rhododendron mucronulatum,Rhododendron mucronulatum
127.141389,35.846944,HUMAN_OBSERVATION,Rhododendron mucronulatum,Rhododendron mucronulatum
127.295269,36.011035,HUMAN_OBSERVATION,Rhododendron mucronulatum,Rhododendron mucronulatum
129.114282,35.257238,HUMAN_OBSERVATION,Rhododendron mucronulatum,Rhododendron mucronulatum
129.12633400000001,35.261887,HUMAN_OBSERVATION,Rhododendron mucronulatum,Rhododendron mucronulatum
129.078485,35.243306,HUMAN_OBSERVATION,Rhododendron mucronulatum,Rhododendron mucronulatum
127.14956,35.788978,HUMAN_OBSERVATION,Rhododendron mucronulatum,Rhododendron mucronulatum
127.133611,35.679444,HUMAN_OBSERVATION,Rhododendron mucronulatum,Rhododendron mucronulatum
129.273889,35.541944,HUMAN_OBSERVATION,Rhododendron mucronulatum,Rhododendron mucronulatum
127.014002,35.721861,HUMAN_OBSERVATION,Rhododendron mucronulatum,Rhododendron mucronulatum
128.611866,35.471394,HUMAN_OBSERVATION,Rhododendron mucronulatum,Rhododendron mucronulatum
127.013971,35.721857,HUMAN_OBSERVATION,Rhododendron mucronulatum,Rhododendron mucronulatum
129.08652,35.252035,HUMAN_OBSERVATION,Rhododendron mucronulatum,Rhododendron mucronulatum
128.143182,37.459917,HUMAN_OBSERVATION,Rhododendron mucronulatum,Rhododendron mucronulatum
128.066765,37.335149,HUMAN_OBSERVATION,Rhododendron mucronulatum,Rhododendron mucronulatum
127.536829,36.672165,HUMAN_OBSERVATION,Rhododendron mucronulatum,Rhododendron mucronulatum
126.953165,35.112109,HUMAN_OBSERVATION,Rhododendron mucronulatum,Rhododendron mucronulatum
127.530518,36.666739,HUMAN_OBSERVATION,Rhododendron mucronulatum,Rhododendron mucronulatum
131.981204,43.21861,HUMAN_OBSERVATION,Rhododendron mucronulatum,Rhododendron mucronulatum
126.982853,37.415794,HUMAN_OBSERVATION,Rhododendron mucronulatum,Rhododendron mucronulatum
127.449978,36.3773,HUMAN_OBSERVATION,Rhododendron mucronulatum,Rhododendron mucronulatum
127.449978,36.3773,HUMAN_OBSERVATION,Rhododendron mucronulatum,Rhododendron mucronulatum
127.449978,36.3773,HUMAN_OBSERVATION,Rhododendron mucronulatum,Rhododendron mucronulatum
126.618211,34.584125,HUMAN_OBSERVATION,Rhododendron mucronulatum,Rhododendron mucronulatum
126.289779,36.774109,HUMAN_OBSERVATION,Rhododendron mucronulatum,Rhododendron mucronulatum
131.211464,42.582239,HUMAN_OBSERVATION,Rhododendron mucronulatum,Rhododendron mucronulatum
127.120556,35.498611,HUMAN_OBSERVATION,Rhododendron mucronulatum,Rhododendron mucronulatum
127.474722,35.661667,HUMAN_OBSERVATION,Rhododendron mucronulatum,Rhododendron mucronulatum
128.522331,35.262057,HUMAN_OBSERVATION,Rhododendron mucronulatum,Rhododendron mucronulatum
127.146667,35.641667,HUMAN_OBSERVATION,Rhododendron mucronulatum,Rhododendron mucronulatum
127.135,35.791389,HUMAN_OBSERVATION,Rhododendron mucronulatum,Rhododendron mucronulatum
127.088844,35.734105,HUMAN_OBSERVATION,Rhododendron mucronulatum,Rhododendron mucronulatum
127.279167,35.671994,HUMAN_OBSERVATION,Rhododendron mucronulatum,Rhododendron mucronulatum
127.528864,35.295598,HUMAN_OBSERVATION,Rhododendron mucronulatum,Rhododendron mucronulatum
128.530833,35.696389,HUMAN_OBSERVATION,Rhododendron mucronulatum,Rhododendron mucronulatum
132.15278,43.673017,HUMAN_OBSERVATION,Rhododendron mucronulatum,Rhododendron mucronulatum
132.987672,42.823745,HUMAN_OBSERVATION,Rhododendron mucronulatum,Rhododendron mucronulatum
136.9364,50.5695,HUMAN_OBSERVATION,Rhododendron mucronulatum,Rhododendron mucronulatum
131.9281,43.0157,HUMAN_OBSERVATION,Rhododendron mucronulatum,Rhododendron mucronulatum
131.864287,43.01618,HUMAN_OBSERVATION,Rhododendron mucronulatum,Rhododendron mucronulatum
127.529406,35.296711,HUMAN_OBSERVATION,Rhododendron mucronulatum,Rhododendron mucronulatum
136.5,52.416667,HUMAN_OBSERVATION,Rhododendron mucronulatum,Rhododendron mucronulatum
136.6294,49.3277,HUMAN_OBSERVATION,Rhododendron mucronulatum,Rhododendron mucronulatum
128.44351,38.47398,HUMAN_OBSERVATION,Rhododendron mucronulatum,Rhododendron mucronulatum
127.585388,35.546562,PRESERVED_SPECIMEN,Rhododendron mucronulatum,Rhododendron mucronulatum
128.919312,36.78495,HUMAN_OBSERVATION,Rhododendron mucronulatum,Rhododendron mucronulatum
127.054008,37.422333,HUMAN_OBSERVATION,Rhododendron mucronulatum,Rhododendron mucronulatum
128.919053,36.784897,HUMAN_OBSERVATION,Rhododendron mucronulatum,Rhododendron mucronulatum
132.788981,43.120653,HUMAN_OBSERVATION,Rhododendron mucronulatum,Rhododendron mucronulatum
131.1913,42.6466,HUMAN_OBSERVATION,Rhododendron mucronulatum,Rhododendron mucronulatum
131.191,42.6465,HUMAN_OBSERVATION,Rhododendron mucronulatum,Rhododendron mucronulatum
133.17247,42.722017,HUMAN_OBSERVATION,Rhododendron mucronulatum,Rhododendron mucronulatum
127.06067,37.415763,HUMAN_OBSERVATION,Rhododendron mucronulatum,Rhododendron mucronulatum
127.143767,35.787826,HUMAN_OBSERVATION,Rhododendron mucronulatum,Rhododendron mucronulatum
132.661521,44.533082,HUMAN_OBSERVATION,Rhododendron mucronulatum,Rhododendron mucronulatum
127.188193,36.775919,HUMAN_OBSERVATION,Rhododendron mucronulatum,Rhododendron mucronulatum
132.156855,43.697177,HUMAN_OBSERVATION,Rhododendron mucronulatum,Rhododendron mucronulatum
128.517309,38.336138,HUMAN_OBSERVATION,Rhododendron mucronulatum,Rhododendron mucronulatum
127.059708,37.414514,HUMAN_OBSERVATION,Rhododendron mucronulatum,Rhododendron mucronulatum
133.316008,44.085108,HUMAN_OBSERVATION,Rhododendron mucronulatum,Rhododendron mucronulatum
132.818466,42.763489,HUMAN_OBSERVATION,Rhododendron mucronulatum,Rhododendron mucronulatum
127.464167,35.6675,HUMAN_OBSERVATION,Rhododendron mucronulatum,Rhododendron mucronulatum
126.992502,36.727843,HUMAN_OBSERVATION,Rhododendron mucronulatum,Rhododendron mucronulatum
127.812222,36.595278,HUMAN_OBSERVATION,Rhododendron mucronulatum,Rhododendron mucronulatum
127.777222,38.325833,HUMAN_OBSERVATION,Rhododendron mucronulatum,Rhododendron mucronulatum
127.307222,38.226944,HUMAN_OBSERVATION,Rhododendron mucronulatum,Rhododendron mucronulatum
128.588611,37.791944,HUMAN_OBSERVATION,Rhododendron mucronulatum,Rhododendron mucronulatum
128.906389,36.264444,HUMAN_OBSERVATION,Rhododendron mucronulatum,Rhododendron mucronulatum
129.122222,36.343056,HUMAN_OBSERVATION,Rhododendron mucronulatum,Rhododendron mucronulatum
127.489722,35.939722,HUMAN_OBSERVATION,Rhododendron mucronulatum,Rhododendron mucronulatum
126.629444,34.629167,HUMAN_OBSERVATION,Rhododendron mucronulatum,Rhododendron mucronulatum
129.106389,35.650833,HUMAN_OBSERVATION,Rhododendron mucronulatum,Rhododendron mucronulatum
127.057682,36.711532,HUMAN_OBSERVATION,Rhododendron mucronulatum,Rhododendron mucronulatum
127.00692,37.56229,HUMAN_OBSERVATION,Rhododendron mucronulatum,Rhododendron mucronulatum
127.936389,35.549444,PRESERVED_SPECIMEN,Rhododendron mucronulatum,Rhododendron mucronulatum
129.104028,35.645667,PRESERVED_SPECIMEN,Rhododendron mucronulatum,Rhododendron mucronulatum
129.108083,35.6435,PRESERVED_SPECIMEN,Rhododendron mucronulatum,Rhododendron mucronulatum
127.966944,35.459444,PRESERVED_SPECIMEN,Rhododendron mucronulatum,Rhododendron mucronulatum
127.006224,37.544143,HUMAN_OBSERVATION,Rhododendron mucronulatum,Rhododendron mucronulatum
126.443889,37.370833,HUMAN_OBSERVATION,Rhododendron mucronulatum,Rhododendron mucronulatum
127.004444,37.558333,HUMAN_OBSERVATION,Rhododendron mucronulatum,Rhododendron mucronulatum
127.136339,35.785906,HUMAN_OBSERVATION,Rhododendron mucronulatum,Rhododendron mucronulatum
129.286389,35.544444,HUMAN_OBSERVATION,Rhododendron mucronulatum,Rhododendron mucronulatum
126.317263,34.478767,HUMAN_OBSERVATION,Rhododendron mucronulatum,Rhododendron mucronulatum
127.144063,35.788391,HUMAN_OBSERVATION,Rhododendron mucronulatum,Rhododendron mucronulatum
126.319444,34.477222,HUMAN_OBSERVATION,Rhododendron mucronulatum,Rhododendron mucronulatum
126.319444,34.477222,HUMAN_OBSERVATION,Rhododendron mucronulatum,Rhododendron mucronulatum
129.446389,35.589167,HUMAN_OBSERVATION,Rhododendron mucronulatum,Rhododendron mucronulatum
129.110516,35.224137,HUMAN_OBSERVATION,Rhododendron mucronulatum,Rhododendron mucronulatum
127.14381,35.787901,HUMAN_OBSERVATION,Rhododendron mucronulatum,Rhododendron mucronulatum
126.787899,37.686754,HUMAN_OBSERVATION,Rhododendron mucronulatum,Rhododendron mucronulatum
127.103611,35.729722,HUMAN_OBSERVATION,Rhododendron mucronulatum,Rhododendron mucronulatum
129.099241,35.235345,HUMAN_OBSERVATION,Rhododendron mucronulatum,Rhododendron mucronulatum
127.143766,35.78776,HUMAN_OBSERVATION,Rhododendron mucronulatum,Rhododendron mucronulatum
126.409055,36.711132,HUMAN_OBSERVATION,Rhododendron mucronulatum,Rhododendron mucronulatum
126.618223,36.717805,HUMAN_OBSERVATION,Rhododendron mucronulatum,Rhododendron mucronulatum
126.923423,36.61341,HUMAN_OBSERVATION,Rhododendron mucronulatum,Rhododendron mucronulatum
126.588504,36.741319,HUMAN_OBSERVATION,Rhododendron mucronulatum,Rhododendron mucronulatum
126.58653,36.743798,HUMAN_OBSERVATION,Rhododendron mucronulatum,Rhododendron mucronulatum
126.58573,36.741343,HUMAN_OBSERVATION,Rhododendron mucronulatum,Rhododendron mucronulatum
128.143182,37.459917,HUMAN_OBSERVATION,Rhododendron mucronulatum,Rhododendron mucronulatum
126.693542,35.982403,HUMAN_OBSERVATION,Rhododendron mucronulatum,Rhododendron mucronulatum
126.415042,36.79611,HUMAN_OBSERVATION,Rhododendron mucronulatum,Rhododendron mucronulatum
128.143182,37.459917,HUMAN_OBSERVATION,Rhododendron mucronulatum,Rhododendron mucronulatum
126.19453,36.862495,HUMAN_OBSERVATION,Rhododendron mucronulatum,Rhododendron mucronulatum
128.143182,37.459917,HUMAN_OBSERVATION,Rhododendron mucronulatum,Rhododendron mucronulatum
133.851812,43.378916,HUMAN_OBSERVATION,Rhododendron mucronulatum,Rhododendron mucronulatum
126.717394,37.563359,HUMAN_OBSERVATION,Rhododendron mucronulatum,Rhododendron mucronulatum
126.713738,37.560724,HUMAN_OBSERVATION,Rhododendron mucronulatum,Rhododendron mucronulatum
127.082759,37.945817,HUMAN_OBSERVATION,Rhododendron mucronulatum,Rhododendron mucronulatum
127.111278,36.794897,HUMAN_OBSERVATION,Rhododendron mucronulatum,Rhododendron mucronulatum
129.086028,35.648083,PRESERVED_SPECIMEN,Rhododendron mucronulatum,Rhododendron mucronulatum
129.086028,35.648083,PRESERVED_SPECIMEN,Rhododendron mucronulatum,Rhododendron mucronulatum
128.514542,35.719135,PRESERVED_SPECIMEN,Rhododendron mucronulatum,Rhododendron mucronulatum
129.086028,35.648083,PRESERVED_SPECIMEN,Rhododendron mucronulatum,Rhododendron mucronulatum
127.975,35.490278000000004,PRESERVED_SPECIMEN,Rhododendron mucronulatum,Rhododendron mucronulatum
127.998333,35.5175,PRESERVED_SPECIMEN,Rhododendron mucronulatum,Rhododendron mucronulatum
127.161195,37.376878,HUMAN_OBSERVATION,Rhododendron mucronulatum,Rhododendron mucronulatum
127.714409,35.337134,HUMAN_OBSERVATION,Rhododendron mucronulatum,Rhododendron mucronulatum
128.386899,35.271869,HUMAN_OBSERVATION,Rhododendron mucronulatum,Rhododendron mucronulatum
128.230556,35.388056,HUMAN_OBSERVATION,Rhododendron mucronulatum,Rhododendron mucronulatum
127.143757,35.787878,HUMAN_OBSERVATION,Rhododendron mucronulatum,Rhododendron mucronulatum
128.623866,34.767408,HUMAN_OBSERVATION,Rhododendron mucronulatum,Rhododendron mucronulatum
127.4325,35.888889,HUMAN_OBSERVATION,Rhododendron mucronulatum,Rhododendron mucronulatum
127.535184,35.813184,HUMAN_OBSERVATION,Rhododendron mucronulatum,Rhododendron mucronulatum
127.143807,35.78785,HUMAN_OBSERVATION,Rhododendron mucronulatum,Rhododendron mucronulatum
127.143728,35.787837,HUMAN_OBSERVATION,Rhododendron mucronulatum,Rhododendron mucronulatum
127.974722,35.49,PRESERVED_SPECIMEN,Rhododendron mucronulatum,Rhododendron mucronulatum
127.143821,35.787883,HUMAN_OBSERVATION,Rhododendron mucronulatum,Rhododendron mucronulatum
126.297478,37.717426,PRESERVED_SPECIMEN,Rhododendron mucronulatum,Rhododendron mucronulatum
130.917809,42.594834,HUMAN_OBSERVATION,Rhododendron mucronulatum,Rhododendron mucronulatum
130.922626,42.593266,HUMAN_OBSERVATION,Rhododendron mucronulatum,Rhododendron mucronulatum
128.008417,35.516389,PRESERVED_SPECIMEN,Rhododendron mucronulatum,Rhododendron mucronulatum
127.696946,35.317012,HUMAN_OBSERVATION,Rhododendron mucronulatum,Rhododendron mucronulatum
129.163937,35.184625,HUMAN_OBSERVATION,Rhododendron mucronulatum,Rhododendron mucronulatum
127.399444,35.6375,HUMAN_OBSERVATION,Rhododendron mucronulatum,Rhododendron mucronulatum
131.717178,43.313437,HUMAN_OBSERVATION,Rhododendron mucronulatum,Rhododendron mucronulatum
128.754167,35.928889,PRESERVED_SPECIMEN,Rhododendron mucronulatum,Rhododendron mucronulatum
128.754167,35.928889,PRESERVED_SPECIMEN,Rhododendron mucronulatum,Rhododendron mucronulatum
128.754167,35.928889,PRESERVED_SPECIMEN,Rhododendron mucronulatum,Rhododendron mucronulatum
128.754167,35.928889,PRESERVED_SPECIMEN,Rhododendron mucronulatum,Rhododendron mucronulatum
128.754167,35.928889,PRESERVED_SPECIMEN,Rhododendron mucronulatum,Rhododendron mucronulatum
128.754167,35.928889,PRESERVED_SPECIMEN,Rhododendron mucronulatum,Rhododendron mucronulatum
128.754167,35.928889,PRESERVED_SPECIMEN,Rhododendron mucronulatum,Rhododendron mucronulatum
128.754167,35.928889,PRESERVED_SPECIMEN,Rhododendron mucronulatum,Rhododendron mucronulatum
128.754167,35.928889,PRESERVED_SPECIMEN,Rhododendron mucronulatum,Rhododendron mucronulatum
128.754167,35.928889,PRESERVED_SPECIMEN,Rhododendron mucronulatum,Rhododendron mucronulatum
128.754167,35.928889,PRESERVED_SPECIMEN,Rhododendron mucronulatum,Rhododendron mucronulatum
128.754167,35.928889,PRESERVED_SPECIMEN,Rhododendron mucronulatum,Rhododendron mucronulatum
128.754167,35.928889,PRESERVED_SPECIMEN,Rhododendron mucronulatum,Rhododendron mucronulatum
128.754167,35.928889,PRESERVED_SPECIMEN,Rhododendron mucronulatum,Rhododendron mucronulatum
128.754167,35.928889,PRESERVED_SPECIMEN,Rhododendron mucronulatum,Rhododendron mucronulatum
128.754167,35.928889,PRESERVED_SPECIMEN,Rhododendron mucronulatum,Rhododendron mucronulatum
128.754167,35.928889,PRESERVED_SPECIMEN,Rhododendron mucronulatum,Rhododendron mucronulatum
128.754167,35.928889,PRESERVED_SPECIMEN,Rhododendron mucronulatum,Rhododendron mucronulatum
128.754167,35.928889,PRESERVED_SPECIMEN,Rhododendron mucronulatum,Rhododendron mucronulatum
120.618581,36.206736,HUMAN_OBSERVATION,Carex siderosticta,Carex siderosticta
139.41963,35.646877,HUMAN_OBSERVATION,Carex siderosticta,Carex siderosticta
120.65362,36.169527,HUMAN_OBSERVATION,Carex siderosticta,Carex siderosticta
138.777892,35.503786,HUMAN_OBSERVATION,Carex siderosticta,Carex siderosticta
131.96449,43.182957,HUMAN_OBSERVATION,Carex siderosticta,Carex siderosticta
132.233847,44.467811,HUMAN_OBSERVATION,Carex siderosticta,Carex siderosticta
132.449422,43.487681,HUMAN_OBSERVATION,Carex siderosticta,Carex siderosticta
132.157714,43.689828,HUMAN_OBSERVATION,Carex siderosticta,Carex siderosticta
131.9746,43.222156,HUMAN_OBSERVATION,Carex siderosticta,Carex siderosticta
120.605904,36.207178999999996,HUMAN_OBSERVATION,Carex siderosticta,Carex siderosticta
131.206378,42.572308,HUMAN_OBSERVATION,Carex siderosticta,Carex siderosticta
133.175408,42.70863,HUMAN_OBSERVATION,Carex siderosticta,Carex siderosticta
120.605489,36.204122,HUMAN_OBSERVATION,Carex siderosticta,Carex siderosticta
115.586169,39.831504,HUMAN_OBSERVATION,Carex siderosticta,Carex siderosticta
131.466308,43.170539,HUMAN_OBSERVATION,Carex siderosticta,Carex siderosticta
133.779932,35.271778,HUMAN_OBSERVATION,Carex siderosticta,Carex siderosticta
131.881511,43.029084,HUMAN_OBSERVATION,Carex siderosticta,Carex siderosticta
131.992847,43.219252,HUMAN_OBSERVATION,Carex siderosticta,Carex siderosticta
131.879408,42.961362,HUMAN_OBSERVATION,Carex siderosticta,Carex siderosticta
131.557459,43.09995,HUMAN_OBSERVATION,Carex siderosticta,Carex siderosticta
131.642477,43.362949,HUMAN_OBSERVATION,Carex siderosticta,Carex siderosticta
119.351997,35.690088,HUMAN_OBSERVATION,Carex siderosticta,Carex siderosticta
131.89776,42.965151,HUMAN_OBSERVATION,Carex siderosticta,Carex siderosticta
131.828976,42.935914,HUMAN_OBSERVATION,Carex siderosticta,Carex siderosticta
132.125008,43.22265,HUMAN_OBSERVATION,Carex siderosticta,Carex siderosticta
132.134052,43.219009,HUMAN_OBSERVATION,Carex siderosticta,Carex siderosticta
132.058555,43.146507,HUMAN_OBSERVATION,Carex siderosticta,Carex siderosticta
131.781645,43.011855,HUMAN_OBSERVATION,Carex siderosticta,Carex siderosticta
132.098613,43.223299,HUMAN_OBSERVATION,Carex siderosticta,Carex siderosticta
131.832228,42.948084,HUMAN_OBSERVATION,Carex siderosticta,Carex siderosticta
131.557587,43.099833,HUMAN_OBSERVATION,Carex siderosticta,Carex siderosticta
131.641814,43.365694,HUMAN_OBSERVATION,Carex siderosticta,Carex siderosticta
131.642661,43.362988,HUMAN_OBSERVATION,Carex siderosticta,Carex siderosticta
131.641877,43.365317,HUMAN_OBSERVATION,Carex siderosticta,Carex siderosticta
127.455322,37.633402,HUMAN_OBSERVATION,Carex siderosticta,Carex siderosticta
132.395866,42.962701,HUMAN_OBSERVATION,Carex siderosticta,Carex siderosticta
132.407994,42.947761,HUMAN_OBSERVATION,Carex siderosticta,Carex siderosticta
132.303998,42.887421,HUMAN_OBSERVATION,Carex siderosticta,Carex siderosticta
132.407271,42.954572,HUMAN_OBSERVATION,Carex siderosticta,Carex siderosticta
132.415631,42.969617,HUMAN_OBSERVATION,Carex siderosticta,Carex siderosticta
131.896287,43.025573,HUMAN_OBSERVATION,Carex siderosticta,Carex siderosticta
131.916478,42.993027,HUMAN_OBSERVATION,Carex siderosticta,Carex siderosticta
132.452587,42.812397,HUMAN_OBSERVATION,Carex siderosticta,Carex siderosticta
136.56392,44.956975,HUMAN_OBSERVATION,Carex siderosticta,Carex siderosticta
131.993597,43.212915,HUMAN_OBSERVATION,Carex siderosticta,Carex siderosticta
127.176283,37.750944,HUMAN_OBSERVATION,Carex siderosticta,Carex siderosticta
131.347419,44.427475,HUMAN_OBSERVATION,Carex siderosticta,Carex siderosticta
131.969244,43.671642,HUMAN_OBSERVATION,Carex siderosticta,Carex siderosticta
133.045014,43.127511,HUMAN_OBSERVATION,Carex siderosticta,Carex siderosticta
128.61807,37.70743,HUMAN_OBSERVATION,Carex siderosticta,Carex siderosticta
128.552948,37.79061,HUMAN_OBSERVATION,Carex siderosticta,Carex siderosticta
126.991585,37.623638,HUMAN_OBSERVATION,Carex siderosticta,Carex siderosticta
128.596747,37.73075,HUMAN_OBSERVATION,Carex siderosticta,Carex siderosticta
119.508438,35.750385,HUMAN_OBSERVATION,Carex siderosticta,Carex siderosticta
126.879245,34.550862,HUMAN_OBSERVATION,Carex siderosticta,Carex siderosticta
126.879245,34.550862,HUMAN_OBSERVATION,Carex siderosticta,Carex siderosticta
126.879245,34.550862,HUMAN_OBSERVATION,Carex siderosticta,Carex siderosticta
131.975834,43.209778,HUMAN_OBSERVATION,Carex siderosticta,Carex siderosticta
125.421695,34.680878,HUMAN_OBSERVATION,Carex siderosticta,Carex siderosticta
115.585332,39.780087,HUMAN_OBSERVATION,Carex siderosticta,Carex siderosticta
132.000244,43.149036,HUMAN_OBSERVATION,Carex siderosticta,Carex siderosticta
132.845889,42.771528000000004,HUMAN_OBSERVATION,Carex siderosticta,Carex siderosticta
133.228981,43.171325,HUMAN_OBSERVATION,Carex siderosticta,Carex siderosticta
132.897597,42.7928,HUMAN_OBSERVATION,Carex siderosticta,Carex siderosticta
132.842123,42.79204,HUMAN_OBSERVATION,Carex siderosticta,Carex siderosticta
132.839557,42.79684,HUMAN_OBSERVATION,Carex siderosticta,Carex siderosticta
128.625531,37.353055,HUMAN_OBSERVATION,Carex siderosticta,Carex siderosticta
128.625531,37.353055,HUMAN_OBSERVATION,Carex siderosticta,Carex siderosticta
127.661017,35.586294,HUMAN_OBSERVATION,Carex siderosticta,Carex siderosticta
131.534519,43.108289,HUMAN_OBSERVATION,Carex siderosticta,Carex siderosticta
131.184506,42.614278,HUMAN_OBSERVATION,Carex siderosticta,Carex siderosticta
131.828705,43.30598,HUMAN_OBSERVATION,Carex siderosticta,Carex siderosticta
131.201267,42.641,HUMAN_OBSERVATION,Carex siderosticta,Carex siderosticta
120.659648,36.145881,HUMAN_OBSERVATION,Carex siderosticta,Carex siderosticta
131.91688,43.121483,HUMAN_OBSERVATION,Carex siderosticta,Carex siderosticta
120.604314,36.206429,HUMAN_OBSERVATION,Carex siderosticta,Carex siderosticta
131.934949,43.018714,HUMAN_OBSERVATION,Carex siderosticta,Carex siderosticta
131.946931,43.088539,HUMAN_OBSERVATION,Carex siderosticta,Carex siderosticta
132.940231,43.183308,HUMAN_OBSERVATION,Carex siderosticta,Carex siderosticta
131.948645,43.391999,HUMAN_OBSERVATION,Carex siderosticta,Carex siderosticta
131.990757,43.214546,HUMAN_OBSERVATION,Carex siderosticta,Carex siderosticta
131.888642,43.047711,HUMAN_OBSERVATION,Carex siderosticta,Carex siderosticta
131.992164,43.221557,HUMAN_OBSERVATION,Carex siderosticta,Carex siderosticta
131.888642,43.047711,HUMAN_OBSERVATION,Carex siderosticta,Carex siderosticta
132.056106,43.215897,HUMAN_OBSERVATION,Carex siderosticta,Carex siderosticta
132.789661,43.119831,HUMAN_OBSERVATION,Carex siderosticta,Carex siderosticta
120.668556,36.149803,HUMAN_OBSERVATION,Carex siderosticta,Carex siderosticta
131.883213,42.968014,HUMAN_OBSERVATION,Carex siderosticta,Carex siderosticta
132.073578,43.211364,HUMAN_OBSERVATION,Carex siderosticta,Carex siderosticta
131.991717,43.222062,HUMAN_OBSERVATION,Carex siderosticta,Carex siderosticta
131.95938,43.492488,HUMAN_OBSERVATION,Carex siderosticta,Carex siderosticta
132.328545,43.648391,HUMAN_OBSERVATION,Carex siderosticta,Carex siderosticta
132.330995,43.649188,HUMAN_OBSERVATION,Carex siderosticta,Carex siderosticta
131.879958,43.049687,HUMAN_OBSERVATION,Carex siderosticta,Carex siderosticta
131.929048,43.009079,HUMAN_OBSERVATION,Carex siderosticta,Carex siderosticta
128.55564,36.076449,HUMAN_OBSERVATION,Carex siderosticta,Carex siderosticta
132.810517,43.220763,HUMAN_OBSERVATION,Carex siderosticta,Carex siderosticta
140.708135,41.75732,HUMAN_OBSERVATION,Carex siderosticta,Carex siderosticta
132.052827,43.146839,HUMAN_OBSERVATION,Carex siderosticta,Carex siderosticta
131.886018,43.06459,HUMAN_OBSERVATION,Carex siderosticta,Carex siderosticta
131.937425,43.178539,HUMAN_OBSERVATION,Carex siderosticta,Carex siderosticta
132.783037,43.109745,HUMAN_OBSERVATION,Carex siderosticta,Carex siderosticta
131.89082199999999,42.965008,HUMAN_OBSERVATION,Carex siderosticta,Carex siderosticta
132.039578,44.818497,HUMAN_OBSERVATION,Carex siderosticta,Carex siderosticta
132.042018,44.823996,HUMAN_OBSERVATION,Carex siderosticta,Carex siderosticta
132.042669,44.82315,HUMAN_OBSERVATION,Carex siderosticta,Carex siderosticta
128.145547,37.456834,HUMAN_OBSERVATION,Carex siderosticta,Carex siderosticta
128.510502,35.765473,HUMAN_OBSERVATION,Carex siderosticta,Carex siderosticta
128.21151,36.48281,HUMAN_OBSERVATION,Carex siderosticta,Carex siderosticta
127.584705,36.072857,HUMAN_OBSERVATION,Carex siderosticta,Carex siderosticta
128.19214,36.481298,HUMAN_OBSERVATION,Carex siderosticta,Carex siderosticta
127.573579,36.073182,HUMAN_OBSERVATION,Carex siderosticta,Carex siderosticta
129.060771,35.23563,HUMAN_OBSERVATION,Carex siderosticta,Carex siderosticta
127.012687,34.411146,HUMAN_OBSERVATION,Carex siderosticta,Carex siderosticta
127.012829,34.41083,HUMAN_OBSERVATION,Carex siderosticta,Carex siderosticta
128.21082,36.48306,HUMAN_OBSERVATION,Carex siderosticta,Carex siderosticta
128.192829,36.481047,HUMAN_OBSERVATION,Carex siderosticta,Carex siderosticta
128.21162,36.48291,HUMAN_OBSERVATION,Carex siderosticta,Carex siderosticta
128.193817,36.480935,HUMAN_OBSERVATION,Carex siderosticta,Carex siderosticta
127.583939,36.071989,HUMAN_OBSERVATION,Carex siderosticta,Carex siderosticta
131.913981,43.190214,HUMAN_OBSERVATION,Carex siderosticta,Carex siderosticta
131.977049,43.212363,HUMAN_OBSERVATION,Carex siderosticta,Carex siderosticta
131.95824,43.414278,HUMAN_OBSERVATION,Carex siderosticta,Carex siderosticta
131.95632,43.21597,HUMAN_OBSERVATION,Carex siderosticta,Carex siderosticta
131.904678,43.028477,HUMAN_OBSERVATION,Carex siderosticta,Carex siderosticta
131.898117,43.057285,HUMAN_OBSERVATION,Carex siderosticta,Carex siderosticta
132.160992,43.698729,HUMAN_OBSERVATION,Carex siderosticta,Carex siderosticta
127.116772,36.428778,PRESERVED_SPECIMEN,Carex siderosticta,Carex siderosticta
131.973154,43.227305,HUMAN_OBSERVATION,Carex siderosticta,Carex siderosticta
131.917615,42.999088,HUMAN_OBSERVATION,Carex siderosticta,Carex siderosticta
131.557334,43.361819,HUMAN_OBSERVATION,Carex siderosticta,Carex siderosticta
131.348782,43.316752,HUMAN_OBSERVATION,Carex siderosticta,Carex siderosticta
131.355337,43.304694,HUMAN_OBSERVATION,Carex siderosticta,Carex siderosticta
131.311281,43.273855,HUMAN_OBSERVATION,Carex siderosticta,Carex siderosticta
131.188449,42.9887,HUMAN_OBSERVATION,Carex siderosticta,Carex siderosticta
131.519364,43.398483,HUMAN_OBSERVATION,Carex siderosticta,Carex siderosticta
131.186108,42.978166,HUMAN_OBSERVATION,Carex siderosticta,Carex siderosticta
131.137844,42.990003,HUMAN_OBSERVATION,Carex siderosticta,Carex siderosticta
131.558979,43.354538,HUMAN_OBSERVATION,Carex siderosticta,Carex siderosticta
131.32768,43.324127,HUMAN_OBSERVATION,Carex siderosticta,Carex siderosticta
131.354689,43.230502,HUMAN_OBSERVATION,Carex siderosticta,Carex siderosticta
131.135217,42.981612,HUMAN_OBSERVATION,Carex siderosticta,Carex siderosticta
131.127346,42.845684,HUMAN_OBSERVATION,Carex siderosticta,Carex siderosticta
131.328812,43.32425,HUMAN_OBSERVATION,Carex siderosticta,Carex siderosticta
131.537219,43.389646,HUMAN_OBSERVATION,Carex siderosticta,Carex siderosticta
131.148518,43.024807,HUMAN_OBSERVATION,Carex siderosticta,Carex siderosticta
131.065594,42.889522,HUMAN_OBSERVATION,Carex siderosticta,Carex siderosticta
131.138268,43.017999,HUMAN_OBSERVATION,Carex siderosticta,Carex siderosticta
131.134553,42.980011,HUMAN_OBSERVATION,Carex siderosticta,Carex siderosticta
131.145497,43.019809,HUMAN_OBSERVATION,Carex siderosticta,Carex siderosticta
128.432694,36.897222,PRESERVED_SPECIMEN,Carex siderosticta,Carex siderosticta
128.347028,36.812194,PRESERVED_SPECIMEN,Carex siderosticta,Carex siderosticta
131.327778,43.324167,PRESERVED_SPECIMEN,Carex siderosticta,Carex siderosticta
131.131685,42.973508,HUMAN_OBSERVATION,Carex siderosticta,Carex siderosticta
131.131522,42.971458,HUMAN_OBSERVATION,Carex siderosticta,Carex siderosticta
132.145377,43.214118,HUMAN_OBSERVATION,Carex siderosticta,Carex siderosticta
131.489638,43.180158,HUMAN_OBSERVATION,Carex siderosticta,Carex siderosticta
131.987097,43.221261,HUMAN_OBSERVATION,Carex siderosticta,Carex siderosticta
132.14845,43.22581,HUMAN_OBSERVATION,Carex siderosticta,Carex siderosticta
131.741881,42.918199,HUMAN_OBSERVATION,Carex siderosticta,Carex siderosticta
132.732342,42.891295,HUMAN_OBSERVATION,Carex siderosticta,Carex siderosticta
135.446833,43.921767,HUMAN_OBSERVATION,Carex siderosticta,Carex siderosticta
132.722767,42.892228,HUMAN_OBSERVATION,Carex siderosticta,Carex siderosticta
131.72084,42.907846,HUMAN_OBSERVATION,Carex siderosticta,Carex siderosticta
131.720434,42.918529,HUMAN_OBSERVATION,Carex siderosticta,Carex siderosticta
135.445126,43.932797,HUMAN_OBSERVATION,Carex siderosticta,Carex siderosticta
139.099552,36.722642,HUMAN_OBSERVATION,Carex siderosticta,Carex siderosticta
128.141915,37.457093,HUMAN_OBSERVATION,Carex siderosticta,Carex siderosticta
135.44598,43.945835,HUMAN_OBSERVATION,Carex siderosticta,Carex siderosticta
135.457006,43.922533,HUMAN_OBSERVATION,Carex siderosticta,Carex siderosticta
131.642167,43.365086,HUMAN_OBSERVATION,Carex siderosticta,Carex siderosticta
132.783342,43.106883,HUMAN_OBSERVATION,Carex siderosticta,Carex siderosticta
129.306149,36.25896,HUMAN_OBSERVATION,Carex siderosticta,Carex siderosticta
132.705022,42.885297,HUMAN_OBSERVATION,Carex siderosticta,Carex siderosticta
126.667567,36.452939,PRESERVED_SPECIMEN,Carex siderosticta,Carex siderosticta
132.815511,42.786188,HUMAN_OBSERVATION,Carex siderosticta,Carex siderosticta
128.143878,37.457777,HUMAN_OBSERVATION,Carex siderosticta,Carex siderosticta
133.745917,43.233233,HUMAN_OBSERVATION,Carex siderosticta,Carex siderosticta
127.0931,35.67333,HUMAN_OBSERVATION,Carex siderosticta,Carex siderosticta
128.4193,37.82039,HUMAN_OBSERVATION,Carex siderosticta,Carex siderosticta
128.3731,38.21944,HUMAN_OBSERVATION,Carex siderosticta,Carex siderosticta
131.925528,43.004229,HUMAN_OBSERVATION,Carex siderosticta,Carex siderosticta
129.01828,37.155704,HUMAN_OBSERVATION,Carex siderosticta,Carex siderosticta
127.479652,38.194157,HUMAN_OBSERVATION,Carex siderosticta,Carex siderosticta
126.6233,34.46291,HUMAN_OBSERVATION,Carex siderosticta,Carex siderosticta
128.2017,37.97722,HUMAN_OBSERVATION,Carex siderosticta,Carex siderosticta
127.9244,36.73056,HUMAN_OBSERVATION,Carex siderosticta,Carex siderosticta
127.0962,35.73063,HUMAN_OBSERVATION,Carex siderosticta,Carex siderosticta
127.0885,35.74434,HUMAN_OBSERVATION,Carex siderosticta,Carex siderosticta
127.2007,37.48129,HUMAN_OBSERVATION,Carex siderosticta,Carex siderosticta
128.2362,38.01057,HUMAN_OBSERVATION,Carex siderosticta,Carex siderosticta
128.7922,37.69167,HUMAN_OBSERVATION,Carex siderosticta,Carex siderosticta
127.0934,35.74753,HUMAN_OBSERVATION,Carex siderosticta,Carex siderosticta
127.0867,35.75387,HUMAN_OBSERVATION,Carex siderosticta,Carex siderosticta
127.0876,35.75266,HUMAN_OBSERVATION,Carex siderosticta,Carex siderosticta
129.0499,35.26048,HUMAN_OBSERVATION,Carex siderosticta,Carex siderosticta
128.3071,37.35773,HUMAN_OBSERVATION,Carex siderosticta,Carex siderosticta
131.134174,42.623214,HUMAN_OBSERVATION,Carex siderosticta,Carex siderosticta
131.139458,42.625978,HUMAN_OBSERVATION,Carex siderosticta,Carex siderosticta
131.198878,42.613604,HUMAN_OBSERVATION,Carex siderosticta,Carex siderosticta
128.394028,37.684273,HUMAN_OBSERVATION,Carex siderosticta,Carex siderosticta
127.490997,38.189991,HUMAN_OBSERVATION,Carex siderosticta,Carex siderosticta
128.996429,37.169605,HUMAN_OBSERVATION,Carex siderosticta,Carex siderosticta
128.397967,37.70465,HUMAN_OBSERVATION,Carex siderosticta,Carex siderosticta
129.006271,37.171722,HUMAN_OBSERVATION,Carex siderosticta,Carex siderosticta
129.003937,37.162766,HUMAN_OBSERVATION,Carex siderosticta,Carex siderosticta
128.394852,37.700329,HUMAN_OBSERVATION,Carex siderosticta,Carex siderosticta
129.018494,37.155727,HUMAN_OBSERVATION,Carex siderosticta,Carex siderosticta
127.481758,38.191898,PRESERVED_SPECIMEN,Carex siderosticta,Carex siderosticta
128.39122,37.686771,PRESERVED_SPECIMEN,Carex siderosticta,Carex siderosticta
133.085765,49.09807,HUMAN_OBSERVATION,Carex siderosticta,Carex siderosticta
133.081271,49.094621,HUMAN_OBSERVATION,Carex siderosticta,Carex siderosticta
127.187735,37.4462,HUMAN_OBSERVATION,Carex siderosticta,Carex siderosticta
127.186951,37.446403,HUMAN_OBSERVATION,Carex siderosticta,Carex siderosticta
127.049255,37.395145,HUMAN_OBSERVATION,Carex siderosticta,Carex siderosticta
127.189607,37.444559,HUMAN_OBSERVATION,Carex siderosticta,Carex siderosticta
127.072151,37.424738,HUMAN_OBSERVATION,Carex siderosticta,Carex siderosticta
127.180615,37.433708,HUMAN_OBSERVATION,Carex siderosticta,Carex siderosticta
127.173078,37.459474,HUMAN_OBSERVATION,Carex siderosticta,Carex siderosticta
127.14983,37.404703,HUMAN_OBSERVATION,Carex siderosticta,Carex siderosticta
127.177326,37.409678,HUMAN_OBSERVATION,Carex siderosticta,Carex siderosticta
127.164639,37.46376,HUMAN_OBSERVATION,Carex siderosticta,Carex siderosticta
127.063614,37.42223,HUMAN_OBSERVATION,Carex siderosticta,Carex siderosticta
127.059878,37.420017,HUMAN_OBSERVATION,Carex siderosticta,Carex siderosticta
127.175598,37.471674,HUMAN_OBSERVATION,Carex siderosticta,Carex siderosticta
127.072586,37.402289,HUMAN_OBSERVATION,Carex siderosticta,Carex siderosticta
127.072683,37.40236,HUMAN_OBSERVATION,Carex siderosticta,Carex siderosticta
127.181117,37.463882,HUMAN_OBSERVATION,Carex siderosticta,Carex siderosticta
127.187651,37.472449,HUMAN_OBSERVATION,Carex siderosticta,Carex siderosticta
127.182621,37.462665,HUMAN_OBSERVATION,Carex siderosticta,Carex siderosticta
127.181437,37.471034,HUMAN_OBSERVATION,Carex siderosticta,Carex siderosticta
127.181852,37.470147,HUMAN_OBSERVATION,Carex siderosticta,Carex siderosticta
127.182294,37.466627,HUMAN_OBSERVATION,Carex siderosticta,Carex siderosticta
127.182294,37.466627,HUMAN_OBSERVATION,Carex siderosticta,Carex siderosticta
127.190716,37.44399,HUMAN_OBSERVATION,Carex siderosticta,Carex siderosticta
127.19096,37.443814,HUMAN_OBSERVATION,Carex siderosticta,Carex siderosticta
127.187701,37.446113,HUMAN_OBSERVATION,Carex siderosticta,Carex siderosticta
127.059264,37.420187,HUMAN_OBSERVATION,Carex siderosticta,Carex siderosticta
127.059142,37.420147,HUMAN_OBSERVATION,Carex siderosticta,Carex siderosticta
127.072804,37.402438,HUMAN_OBSERVATION,Carex siderosticta,Carex siderosticta
127.062279,37.421848,HUMAN_OBSERVATION,Carex siderosticta,Carex siderosticta
128.57198,36.04918,PRESERVED_SPECIMEN,Carex siderosticta,Carex siderosticta
127.2344,35.41028,HUMAN_OBSERVATION,Carex siderosticta,Carex siderosticta
127.0949,35.76781,HUMAN_OBSERVATION,Carex siderosticta,Carex siderosticta
128.4311,38.0261,HUMAN_OBSERVATION,Carex siderosticta,Carex siderosticta
127.0397,37.33708,HUMAN_OBSERVATION,Carex siderosticta,Carex siderosticta
127.3992,35.63756,HUMAN_OBSERVATION,Carex siderosticta,Carex siderosticta
128.9788,36.16732,HUMAN_OBSERVATION,Carex siderosticta,Carex siderosticta
129.1126,35.24584,HUMAN_OBSERVATION,Carex siderosticta,Carex siderosticta
129.1146,35.24445,HUMAN_OBSERVATION,Carex siderosticta,Carex siderosticta
129.2107,35.53029,HUMAN_OBSERVATION,Carex siderosticta,Carex siderosticta
128.7464,37.71111,HUMAN_OBSERVATION,Carex siderosticta,Carex siderosticta
129.2157,35.55024,HUMAN_OBSERVATION,Carex siderosticta,Carex siderosticta
129.2156,35.55266,HUMAN_OBSERVATION,Carex siderosticta,Carex siderosticta
127.1778,37.47513,HUMAN_OBSERVATION,Carex siderosticta,Carex siderosticta
131.641846,43.366336,HUMAN_OBSERVATION,Carex siderosticta,Carex siderosticta
131.934495,43.077872,HUMAN_OBSERVATION,Carex siderosticta,Carex siderosticta
136.529375,44.97354,HUMAN_OBSERVATION,Carex siderosticta,Carex siderosticta
131.845428,42.95978,HUMAN_OBSERVATION,Carex siderosticta,Carex siderosticta
131.844788,42.959812,HUMAN_OBSERVATION,Carex siderosticta,Carex siderosticta
127.51844,38.198795,HUMAN_OBSERVATION,Carex siderosticta,Carex siderosticta
127.091033,37.437187,HUMAN_OBSERVATION,Carex siderosticta,Carex siderosticta
126.61111,35.617458,HUMAN_OBSERVATION,Carex siderosticta,Carex siderosticta
128.4109,38.01978,HUMAN_OBSERVATION,Carex siderosticta,Carex siderosticta
129.2309,35.55703,HUMAN_OBSERVATION,Carex siderosticta,Carex siderosticta
126.6092,36.70666,HUMAN_OBSERVATION,Carex siderosticta,Carex siderosticta
129.2312,35.55659,HUMAN_OBSERVATION,Carex siderosticta,Carex siderosticta
125.4383,34.68467,HUMAN_OBSERVATION,Carex siderosticta,Carex siderosticta
135.273917,43.754664,HUMAN_OBSERVATION,Carex siderosticta,Carex siderosticta
135.256967,43.755544,HUMAN_OBSERVATION,Carex siderosticta,Carex siderosticta
129.006332,37.171574,HUMAN_OBSERVATION,Carex siderosticta,Carex siderosticta
129.009338,37.15033,HUMAN_OBSERVATION,Carex siderosticta,Carex siderosticta
129.010834,37.14859,HUMAN_OBSERVATION,Carex siderosticta,Carex siderosticta
129.006332,37.172607,HUMAN_OBSERVATION,Carex siderosticta,Carex siderosticta
129.005753,37.172607,HUMAN_OBSERVATION,Carex siderosticta,Carex siderosticta
129.006241,37.172607,HUMAN_OBSERVATION,Carex siderosticta,Carex siderosticta
129.004852,37.172607,HUMAN_OBSERVATION,Carex siderosticta,Carex siderosticta
129.006165,37.170792,HUMAN_OBSERVATION,Carex siderosticta,Carex siderosticta
129.006165,37.171524,HUMAN_OBSERVATION,Carex siderosticta,Carex siderosticta
128.378571,37.691669,HUMAN_OBSERVATION,Carex siderosticta,Carex siderosticta
129.009781,37.150337,HUMAN_OBSERVATION,Carex siderosticta,Carex siderosticta
131.984882,43.092658,HUMAN_OBSERVATION,Carex siderosticta,Carex siderosticta
135.468378,43.898894,HUMAN_OBSERVATION,Carex siderosticta,Carex siderosticta
128.51698,35.70888,PRESERVED_SPECIMEN,Carex siderosticta,Carex siderosticta
128.98082,36.16613,PRESERVED_SPECIMEN,Carex siderosticta,Carex siderosticta
135.238275,43.868806,HUMAN_OBSERVATION,Carex siderosticta,Carex siderosticta
126.482044,33.346857,HUMAN_OBSERVATION,Carex siderosticta,Carex siderosticta
127.1534,35.78441,HUMAN_OBSERVATION,Carex siderosticta,Carex siderosticta
129.2421,35.55326,HUMAN_OBSERVATION,Carex siderosticta,Carex siderosticta
129.2306,35.54648,HUMAN_OBSERVATION,Carex siderosticta,Carex siderosticta
127.4207,35.63435,HUMAN_OBSERVATION,Carex siderosticta,Carex siderosticta
131.83153,42.939884,HUMAN_OBSERVATION,Carex siderosticta,Carex siderosticta
129.00544,37.39999,PRESERVED_SPECIMEN,Carex siderosticta,Carex siderosticta
129.00544,37.39999,PRESERVED_SPECIMEN,Carex siderosticta,Carex siderosticta
128.663006,35.918819,PRESERVED_SPECIMEN,Carex siderosticta,Carex siderosticta
128.663006,35.918819,PRESERVED_SPECIMEN,Carex siderosticta,Carex siderosticta
126.8951,35.48799,HUMAN_OBSERVATION,Carex siderosticta,Carex siderosticta
126.5287,35.58174,HUMAN_OBSERVATION,Carex siderosticta,Carex siderosticta
127.5304,35.59854,HUMAN_OBSERVATION,Carex siderosticta,Carex siderosticta
127.1482,35.79012,HUMAN_OBSERVATION,Carex siderosticta,Carex siderosticta
126.529,35.58243,HUMAN_OBSERVATION,Carex siderosticta,Carex siderosticta
131.920122,43.189817,HUMAN_OBSERVATION,Carex siderosticta,Carex siderosticta
131.206707,42.60068,HUMAN_OBSERVATION,Carex siderosticta,Carex siderosticta
131.163363,42.620893,HUMAN_OBSERVATION,Carex siderosticta,Carex siderosticta
131.467157,42.882627,HUMAN_OBSERVATION,Carex siderosticta,Carex siderosticta
131.194033,42.589312,HUMAN_OBSERVATION,Carex siderosticta,Carex siderosticta
127.181766,37.462674,HUMAN_OBSERVATION,Carex siderosticta,Carex siderosticta
127.18273,37.46231,HUMAN_OBSERVATION,Carex siderosticta,Carex siderosticta
127.180205,37.463827,HUMAN_OBSERVATION,Carex siderosticta,Carex siderosticta
127.171186,37.410641,HUMAN_OBSERVATION,Carex siderosticta,Carex siderosticta
127.18062,37.451957,HUMAN_OBSERVATION,Carex siderosticta,Carex siderosticta
127.187344,37.446288,HUMAN_OBSERVATION,Carex siderosticta,Carex siderosticta
128.612306,37.275722,PRESERVED_SPECIMEN,Carex siderosticta,Carex siderosticta
126.454416,33.363189,HUMAN_OBSERVATION,Carex siderosticta,Carex siderosticta
129.279959,35.573949,HUMAN_OBSERVATION,Carex siderosticta,Carex siderosticta
126.995397,37.402955,HUMAN_OBSERVATION,Carex siderosticta,Carex siderosticta
126.485521,33.341437,HUMAN_OBSERVATION,Carex siderosticta,Carex siderosticta
128.674,37.61393,HUMAN_OBSERVATION,Carex siderosticta,Carex siderosticta
127.069457,37.406556,HUMAN_OBSERVATION,Carex siderosticta,Carex siderosticta
129.2379,35.53245,HUMAN_OBSERVATION,Carex siderosticta,Carex siderosticta
127.1705,35.813,HUMAN_OBSERVATION,Carex siderosticta,Carex siderosticta
126.4454,35.82921,HUMAN_OBSERVATION,Carex siderosticta,Carex siderosticta
129.237706,35.238051,HUMAN_OBSERVATION,Carex siderosticta,Carex siderosticta
129.079931,35.239743,HUMAN_OBSERVATION,Carex siderosticta,Carex siderosticta
127.761686,34.70631,HUMAN_OBSERVATION,Carex siderosticta,Carex siderosticta
127.059533,34.825942,HUMAN_OBSERVATION,Carex siderosticta,Carex siderosticta
128.028868,37.205168,PRESERVED_SPECIMEN,Carex siderosticta,Carex siderosticta
127.457028,35.5125,PRESERVED_SPECIMEN,Carex siderosticta,Carex siderosticta
127.462194,35.533417,PRESERVED_SPECIMEN,Carex siderosticta,Carex siderosticta
127.560861,35.521139,PRESERVED_SPECIMEN,Carex siderosticta,Carex siderosticta
128.347639,36.851556,PRESERVED_SPECIMEN,Carex siderosticta,Carex siderosticta
127.982786,36.731515,PRESERVED_SPECIMEN,Carex siderosticta,Carex siderosticta
128.330361,36.843278,PRESERVED_SPECIMEN,Carex siderosticta,Carex siderosticta
127.982786,36.731515,PRESERVED_SPECIMEN,Carex siderosticta,Carex siderosticta
128.343611,36.840667,PRESERVED_SPECIMEN,Carex siderosticta,Carex siderosticta
128.3475,36.858056,PRESERVED_SPECIMEN,Carex siderosticta,Carex siderosticta
128.321639,36.853722,PRESERVED_SPECIMEN,Carex siderosticta,Carex siderosticta
137.89259,36.42895,PRESERVED_SPECIMEN,Carex siderosticta,Carex siderosticta
138.16311,36.36439,PRESERVED_SPECIMEN,Carex siderosticta,Carex siderosticta
138.11338,36.11338,PRESERVED_SPECIMEN,Carex siderosticta,Carex siderosticta
129.087399,35.054964,HUMAN_OBSERVATION,Carex siderosticta,Carex siderosticta
129.231734,35.37553,HUMAN_OBSERVATION,Carex siderosticta,Carex siderosticta
127.181663,37.472817,HUMAN_OBSERVATION,Carex siderosticta,Carex siderosticta
129.212263,35.55723,HUMAN_OBSERVATION,Carex siderosticta,Carex siderosticta
129.208085,35.555781,HUMAN_OBSERVATION,Carex siderosticta,Carex siderosticta
128.3575,37.863056,HUMAN_OBSERVATION,Carex siderosticta,Carex siderosticta
127.689506,35.946834,HUMAN_OBSERVATION,Carex siderosticta,Carex siderosticta
127.14698,35.7921,HUMAN_OBSERVATION,Carex siderosticta,Carex siderosticta
127.815833,35.859444,HUMAN_OBSERVATION,Carex siderosticta,Carex siderosticta
127.813889,35.861667,HUMAN_OBSERVATION,Carex siderosticta,Carex siderosticta
127.150823,35.788868,HUMAN_OBSERVATION,Carex siderosticta,Carex siderosticta
129.052076,35.486996,HUMAN_OBSERVATION,Carex siderosticta,Carex siderosticta
132.156855,43.697177,HUMAN_OBSERVATION,Carex siderosticta,Carex siderosticta
128.342333,36.8535,PRESERVED_SPECIMEN,Carex siderosticta,Carex siderosticta
128.342333,36.8535,PRESERVED_SPECIMEN,Carex siderosticta,Carex siderosticta
128.016972,36.744397,PRESERVED_SPECIMEN,Carex siderosticta,Carex siderosticta
128.016972,36.744397,PRESERVED_SPECIMEN,Carex siderosticta,Carex siderosticta
138.14468,36.36191,PRESERVED_SPECIMEN,Carex siderosticta,Carex siderosticta
138.3037,36.6008,PRESERVED_SPECIMEN,Carex siderosticta,Carex siderosticta
126.444785,35.829094,HUMAN_OBSERVATION,Carex siderosticta,Carex siderosticta
126.445904,35.828787,HUMAN_OBSERVATION,Carex siderosticta,Carex siderosticta
127.009126,35.503393,HUMAN_OBSERVATION,Carex siderosticta,Carex siderosticta
128.205317,37.030137,HUMAN_OBSERVATION,Carex siderosticta,Carex siderosticta
126.432392,35.800845,HUMAN_OBSERVATION,Carex siderosticta,Carex siderosticta
127.709972,35.83442,HUMAN_OBSERVATION,Carex siderosticta,Carex siderosticta
127.377548,35.721297,HUMAN_OBSERVATION,Carex siderosticta,Carex siderosticta
129.056183,35.309783,HUMAN_OBSERVATION,Carex siderosticta,Carex siderosticta
126.893889,35.511111,HUMAN_OBSERVATION,Carex siderosticta,Carex siderosticta
126.457357,35.826065,HUMAN_OBSERVATION,Carex siderosticta,Carex siderosticta
127.798693,38.189644,HUMAN_OBSERVATION,Carex siderosticta,Carex siderosticta
128.211817,37.047673,HUMAN_OBSERVATION,Carex siderosticta,Carex siderosticta
127.518337,35.298566,HUMAN_OBSERVATION,Carex siderosticta,Carex siderosticta
127.518518,35.298378,HUMAN_OBSERVATION,Carex siderosticta,Carex siderosticta
127.528959,35.294449,HUMAN_OBSERVATION,Carex siderosticta,Carex siderosticta
127.518522,35.298523,HUMAN_OBSERVATION,Carex siderosticta,Carex siderosticta
126.453393,35.824938,HUMAN_OBSERVATION,Carex siderosticta,Carex siderosticta
126.45495,35.825423,HUMAN_OBSERVATION,Carex siderosticta,Carex siderosticta
131.97868,43.229854,HUMAN_OBSERVATION,Carex siderosticta,Carex siderosticta
133.208936,42.733492,HUMAN_OBSERVATION,Carex siderosticta,Carex siderosticta
131.993158,43.222893,HUMAN_OBSERVATION,Carex siderosticta,Carex siderosticta
131.660789,43.919292,HUMAN_OBSERVATION,Carex siderosticta,Carex siderosticta
126.359139,34.834528,HUMAN_OBSERVATION,Carex siderosticta,Carex siderosticta
125.973583,34.768083,HUMAN_OBSERVATION,Carex siderosticta,Carex siderosticta
126.472682,35.818541,HUMAN_OBSERVATION,Carex siderosticta,Carex siderosticta
126.472561,35.818592,HUMAN_OBSERVATION,Carex siderosticta,Carex siderosticta
126.471762,35.820271,HUMAN_OBSERVATION,Carex siderosticta,Carex siderosticta
129.080264,35.279038,HUMAN_OBSERVATION,Carex siderosticta,Carex siderosticta
128.1975,37.029444,HUMAN_OBSERVATION,Carex siderosticta,Carex siderosticta
131.170906,42.587232,HUMAN_OBSERVATION,Carex siderosticta,Carex siderosticta
131.170906,42.587232,HUMAN_OBSERVATION,Carex siderosticta,Carex siderosticta
127.480444,35.538444,PRESERVED_SPECIMEN,Carex siderosticta,Carex siderosticta
126.972811,35.488085,HUMAN_OBSERVATION,Carex siderosticta,Carex siderosticta
129.149941,36.394398,HUMAN_OBSERVATION,Carex siderosticta,Carex siderosticta
132.236041,43.616715,HUMAN_OBSERVATION,Carex siderosticta,Carex siderosticta
132.234177,43.619809,HUMAN_OBSERVATION,Carex siderosticta,Carex siderosticta
132.792544,43.122919,HUMAN_OBSERVATION,Carex siderosticta,Carex siderosticta
132.429582,43.65351,HUMAN_OBSERVATION,Carex siderosticta,Carex siderosticta
132.242596,43.624342,HUMAN_OBSERVATION,Carex siderosticta,Carex siderosticta
132.144511,43.702507,HUMAN_OBSERVATION,Carex siderosticta,Carex siderosticta
132.791449,43.119788,HUMAN_OBSERVATION,Carex siderosticta,Carex siderosticta
132.429637,43.6533,HUMAN_OBSERVATION,Carex siderosticta,Carex siderosticta
132.345021,43.645629,HUMAN_OBSERVATION,Carex siderosticta,Carex siderosticta
132.158804,43.68789,HUMAN_OBSERVATION,Carex siderosticta,Carex siderosticta
132.240128,43.610995,HUMAN_OBSERVATION,Carex siderosticta,Carex siderosticta
132.240003,43.61223,HUMAN_OBSERVATION,Carex siderosticta,Carex siderosticta
132.227332,43.620396,HUMAN_OBSERVATION,Carex siderosticta,Carex siderosticta
132.236061,43.617758,HUMAN_OBSERVATION,Carex siderosticta,Carex siderosticta
132.791605,43.122879,HUMAN_OBSERVATION,Carex siderosticta,Carex siderosticta
131.742322,42.960737,HUMAN_OBSERVATION,Carex siderosticta,Carex siderosticta
132.791921,43.119034,HUMAN_OBSERVATION,Carex siderosticta,Carex siderosticta
131.728552,42.932608,HUMAN_OBSERVATION,Carex siderosticta,Carex siderosticta
131.976639,43.212272,HUMAN_OBSERVATION,Carex siderosticta,Carex siderosticta
132.765032,43.106233,HUMAN_OBSERVATION,Carex siderosticta,Carex siderosticta
131.75068,42.95406,HUMAN_OBSERVATION,Carex siderosticta,Carex siderosticta
131.89336,42.967197,HUMAN_OBSERVATION,Carex siderosticta,Carex siderosticta
132.806223,43.204548,HUMAN_OBSERVATION,Carex siderosticta,Carex siderosticta
132.759493,43.154987,HUMAN_OBSERVATION,Carex siderosticta,Carex siderosticta
126.258194,34.852083,HUMAN_OBSERVATION,Carex siderosticta,Carex siderosticta
126.569695,35.488086,HUMAN_OBSERVATION,Carex siderosticta,Carex siderosticta
135.061539,44.246979,HUMAN_OBSERVATION,Carex siderosticta,Carex siderosticta
128.308333,37.88,HUMAN_OBSERVATION,Carex siderosticta,Carex siderosticta
127.275,38.341667,HUMAN_OBSERVATION,Carex siderosticta,Carex siderosticta
128.708056,37.478056,HUMAN_OBSERVATION,Carex siderosticta,Carex siderosticta
128.819444,37.611111,HUMAN_OBSERVATION,Carex siderosticta,Carex siderosticta
128.308333,37.88,HUMAN_OBSERVATION,Carex siderosticta,Carex siderosticta
128.428333,37.1075,HUMAN_OBSERVATION,Carex siderosticta,Carex siderosticta
128.708056,37.478056,HUMAN_OBSERVATION,Carex siderosticta,Carex siderosticta
127.275,38.341667,HUMAN_OBSERVATION,Carex siderosticta,Carex siderosticta
128.65,37.481111,HUMAN_OBSERVATION,Carex siderosticta,Carex siderosticta
129.078485,35.243306,HUMAN_OBSERVATION,Carex siderosticta,Carex siderosticta
129.127336,35.115597,HUMAN_OBSERVATION,Carex siderosticta,Carex siderosticta
128.772753,35.186841,HUMAN_OBSERVATION,Carex siderosticta,Carex siderosticta
129.214644,35.551571,HUMAN_OBSERVATION,Carex siderosticta,Carex siderosticta
127.540031,35.547977,PRESERVED_SPECIMEN,Carex siderosticta,Carex siderosticta
127.541092,35.549488,PRESERVED_SPECIMEN,Carex siderosticta,Carex siderosticta
127.619629,35.539063,PRESERVED_SPECIMEN,Carex siderosticta,Carex siderosticta
127.088328,35.7437,HUMAN_OBSERVATION,Carex siderosticta,Carex siderosticta
127.127778,35.797778,HUMAN_OBSERVATION,Carex siderosticta,Carex siderosticta
127.131111,35.788333,HUMAN_OBSERVATION,Carex siderosticta,Carex siderosticta
127.151368,35.788512,HUMAN_OBSERVATION,Carex siderosticta,Carex siderosticta
126.649537,35.662457,HUMAN_OBSERVATION,Carex siderosticta,Carex siderosticta
127.08834,35.743556,HUMAN_OBSERVATION,Carex siderosticta,Carex siderosticta
139.02,36.593056,PRESERVED_SPECIMEN,Carex siderosticta,Carex siderosticta
136.9138,36.084,PRESERVED_SPECIMEN,Carex siderosticta,Carex siderosticta
129.053329,35.500179,HUMAN_OBSERVATION,Carex siderosticta,Carex siderosticta
127.07756,34.717666,HUMAN_OBSERVATION,Carex siderosticta,Carex siderosticta
129.12767,35.117954,HUMAN_OBSERVATION,Carex siderosticta,Carex siderosticta
129.123194,35.123211,HUMAN_OBSERVATION,Carex siderosticta,Carex siderosticta
129.120054,35.122521,HUMAN_OBSERVATION,Carex siderosticta,Carex siderosticta
128.44351,38.47398,HUMAN_OBSERVATION,Carex siderosticta,Carex siderosticta
128.51095,38.36941,HUMAN_OBSERVATION,Carex siderosticta,Carex siderosticta
127.461833,35.533389,PRESERVED_SPECIMEN,Carex siderosticta,Carex siderosticta
126.921667,35.439167,HUMAN_OBSERVATION,Carex siderosticta,Carex siderosticta
129.278524,35.575947,HUMAN_OBSERVATION,Carex siderosticta,Carex siderosticta
139.51785,35.57285,PRESERVED_SPECIMEN,Carex siderosticta,Carex siderosticta
131.799838,43.478842,HUMAN_OBSERVATION,Carex siderosticta,Carex siderosticta
131.796767,43.477659,HUMAN_OBSERVATION,Carex siderosticta,Carex siderosticta
136.557403,44.957461,HUMAN_OBSERVATION,Carex siderosticta,Carex siderosticta
131.492808,43.177879,HUMAN_OBSERVATION,Carex siderosticta,Carex siderosticta
128.921708,36.782772,HUMAN_OBSERVATION,Carex siderosticta,Carex siderosticta
127.056539,37.422528,HUMAN_OBSERVATION,Carex siderosticta,Carex siderosticta
128.90619,35.423744,HUMAN_OBSERVATION,Carex siderosticta,Carex siderosticta
128.905567,35.422963,HUMAN_OBSERVATION,Carex siderosticta,Carex siderosticta
128.905312,35.422458,HUMAN_OBSERVATION,Carex siderosticta,Carex siderosticta
128.88931,35.426104,HUMAN_OBSERVATION,Carex siderosticta,Carex siderosticta
128.892778,35.426389,HUMAN_OBSERVATION,Carex siderosticta,Carex siderosticta
138.4043,36.8002,PRESERVED_SPECIMEN,Carex siderosticta,Carex siderosticta
132.049109,43.28156,HUMAN_OBSERVATION,Carex siderosticta,Carex siderosticta
128.472428,38.226228,HUMAN_OBSERVATION,Carex siderosticta,Carex siderosticta
127.147441,35.79096,HUMAN_OBSERVATION,Carex siderosticta,Carex siderosticta
131.926013,43.164025,HUMAN_OBSERVATION,Carex siderosticta,Carex siderosticta
131.939367,43.118771,HUMAN_OBSERVATION,Carex siderosticta,Carex siderosticta
127.812222,36.595278,HUMAN_OBSERVATION,Carex siderosticta,Carex siderosticta
126.629444,34.629167,HUMAN_OBSERVATION,Carex siderosticta,Carex siderosticta
128.588611,37.791944,HUMAN_OBSERVATION,Carex siderosticta,Carex siderosticta
129.122222,36.343056,HUMAN_OBSERVATION,Carex siderosticta,Carex siderosticta
128.513333,37.157222,HUMAN_OBSERVATION,Carex siderosticta,Carex siderosticta
129.109611,35.643417,PRESERVED_SPECIMEN,Carex siderosticta,Carex siderosticta
129.099046,35.23415,HUMAN_OBSERVATION,Carex siderosticta,Carex siderosticta
129.089889,35.641306,PRESERVED_SPECIMEN,Carex siderosticta,Carex siderosticta
128.54126,35.712395,PRESERVED_SPECIMEN,Carex siderosticta,Carex siderosticta
128.541229,35.712395,PRESERVED_SPECIMEN,Carex siderosticta,Carex siderosticta
129.102056,35.637972,PRESERVED_SPECIMEN,Carex siderosticta,Carex siderosticta
128.54126,35.712395,PRESERVED_SPECIMEN,Carex siderosticta,Carex siderosticta
137.89726,36.39547,PRESERVED_SPECIMEN,Carex siderosticta,Carex siderosticta
138.2471,36.5708,PRESERVED_SPECIMEN,Carex siderosticta,Carex siderosticta
138.8288,37.7296,PRESERVED_SPECIMEN,Carex siderosticta,Carex siderosticta
129.121925,35.261603,HUMAN_OBSERVATION,Carex siderosticta,Carex siderosticta
129.153122,35.263947,HUMAN_OBSERVATION,Carex siderosticta,Carex siderosticta
129.113015,35.207837,HUMAN_OBSERVATION,Carex siderosticta,Carex siderosticta
128.619704,34.774665,HUMAN_OBSERVATION,Carex siderosticta,Carex siderosticta
128.208333,35.375278,HUMAN_OBSERVATION,Carex siderosticta,Carex siderosticta
132.156855,43.697177,HUMAN_OBSERVATION,Carex siderosticta,Carex siderosticta
131.985314,43.222855,HUMAN_OBSERVATION,Carex siderosticta,Carex siderosticta
129.103694,35.656278,PRESERVED_SPECIMEN,Carex siderosticta,Carex siderosticta
140.797778,37.108889,PRESERVED_SPECIMEN,Carex siderosticta,Carex siderosticta
126.297638,37.697102,PRESERVED_SPECIMEN,Carex siderosticta,Carex siderosticta
126.445643,37.607319,PRESERVED_SPECIMEN,Carex siderosticta,Carex siderosticta
131.90074,43.017678,HUMAN_OBSERVATION,Carex siderosticta,Carex siderosticta
131.823167,43.006836,HUMAN_OBSERVATION,Carex siderosticta,Carex siderosticta
135.063122,44.273375,HUMAN_OBSERVATION,Carex siderosticta,Carex siderosticta
135.113043,44.280031,HUMAN_OBSERVATION,Carex siderosticta,Carex siderosticta
135.30093,44.280357,HUMAN_OBSERVATION,Carex siderosticta,Carex siderosticta
139.197222,36.908889,PRESERVED_SPECIMEN,Carex siderosticta,Carex siderosticta
132.891201,33.724163,PRESERVED_SPECIMEN,Carex siderosticta,Carex siderosticta
132.891201,33.724163,PRESERVED_SPECIMEN,Carex siderosticta,Carex siderosticta
137.6407,35.948992,PRESERVED_SPECIMEN,Carex siderosticta,Carex siderosticta
140.72,37.196111,PRESERVED_SPECIMEN,Carex siderosticta,Carex siderosticta
138.1904,36.5474,PRESERVED_SPECIMEN,Carex siderosticta,Carex siderosticta
138.1904,36.5474,PRESERVED_SPECIMEN,Carex siderosticta,Carex siderosticta
126.908455,37.364769,HUMAN_OBSERVATION,Carex siderosticta,Carex siderosticta
127.021667,37.316389,HUMAN_OBSERVATION,Carex siderosticta,Carex siderosticta
127.155586,37.373984,HUMAN_OBSERVATION,Carex siderosticta,Carex siderosticta
126.924179,37.371994,HUMAN_OBSERVATION,Carex siderosticta,Carex siderosticta
126.443939,37.607555,PRESERVED_SPECIMEN,Carex siderosticta,Carex siderosticta
126.292919,37.776018,HUMAN_OBSERVATION,Carex siderosticta,Carex siderosticta
126.440491,37.720298,HUMAN_OBSERVATION,Carex siderosticta,Carex siderosticta
127.517072,35.300113,HUMAN_OBSERVATION,Carex siderosticta,Carex siderosticta
127.175504,37.477508,HUMAN_OBSERVATION,Carex siderosticta,Carex siderosticta
129.081611,35.628611,PRESERVED_SPECIMEN,Carex siderosticta,Carex siderosticta
128.282778,38.126667,HUMAN_OBSERVATION,Carex siderosticta,Carex siderosticta
128.668056,37.591944,HUMAN_OBSERVATION,Carex siderosticta,Carex siderosticta
128.7863,35.773247,HUMAN_OBSERVATION,Carex siderosticta,Carex siderosticta
129.0559,35.3055,HUMAN_OBSERVATION,Carex siderosticta,Carex siderosticta
126.835303,35.025067,HUMAN_OBSERVATION,Carex siderosticta,Carex siderosticta
126.058322,34.578758,HUMAN_OBSERVATION,Carex siderosticta,Carex siderosticta
129.0559,35.3055,HUMAN_OBSERVATION,Carex siderosticta,Carex siderosticta
128.654664,35.814617,HUMAN_OBSERVATION,Carex siderosticta,Carex siderosticta
139.075668,35.771798,HUMAN_OBSERVATION,Carex siderosticta,Carex siderosticta
128.686181,37.67155,HUMAN_OBSERVATION,Carex siderosticta,Carex siderosticta
127.253667,35.203944,HUMAN_OBSERVATION,Carex siderosticta,Carex siderosticta
129.215972,37.016889,HUMAN_OBSERVATION,Carex siderosticta,Carex siderosticta
129.055861,36.270667,HUMAN_OBSERVATION,Carex siderosticta,Carex siderosticta
127.141639,35.171333,HUMAN_OBSERVATION,Carex siderosticta,Carex siderosticta
129.057833,36.505111,HUMAN_OBSERVATION,Carex siderosticta,Carex siderosticta
127.298056,38.190722,HUMAN_OBSERVATION,Carex siderosticta,Carex siderosticta
128.614097,37.123114,HUMAN_OBSERVATION,Carex siderosticta,Carex siderosticta
128.913322,35.268083,HUMAN_OBSERVATION,Carex siderosticta,Carex siderosticta
128.767556,36.5085,HUMAN_OBSERVATION,Carex siderosticta,Carex siderosticta
126.564722,34.349361,HUMAN_OBSERVATION,Carex siderosticta,Carex siderosticta
129.045944,37.417964,HUMAN_OBSERVATION,Carex siderosticta,Carex siderosticta
129.092083,37.078806,HUMAN_OBSERVATION,Carex siderosticta,Carex siderosticta
126.8311,35.017022,HUMAN_OBSERVATION,Carex siderosticta,Carex siderosticta
128.550833,35.491389,HUMAN_OBSERVATION,Carex siderosticta,Carex siderosticta
128.788389,37.608528,HUMAN_OBSERVATION,Carex siderosticta,Carex siderosticta
129.2115,36.632917,HUMAN_OBSERVATION,Carex siderosticta,Carex siderosticta
128.625778,37.59775,HUMAN_OBSERVATION,Carex siderosticta,Carex siderosticta
128.300278,35.261528,HUMAN_OBSERVATION,Carex siderosticta,Carex siderosticta
127.160806,38.128444,HUMAN_OBSERVATION,Carex siderosticta,Carex siderosticta
128.014753,38.047,HUMAN_OBSERVATION,Carex siderosticta,Carex siderosticta
126.545633,34.994644,HUMAN_OBSERVATION,Carex siderosticta,Carex siderosticta
126.636739,35.305989,HUMAN_OBSERVATION,Carex siderosticta,Carex siderosticta
126.066083,34.843278,HUMAN_OBSERVATION,Carex siderosticta,Carex siderosticta
126.392494,34.538772,HUMAN_OBSERVATION,Carex siderosticta,Carex siderosticta
128.283861,38.068222,HUMAN_OBSERVATION,Carex siderosticta,Carex siderosticta
129.131803,35.314311,HUMAN_OBSERVATION,Carex siderosticta,Carex siderosticta
128.488708,37.201236,HUMAN_OBSERVATION,Carex siderosticta,Carex siderosticta
126.089806,36.229186,HUMAN_OBSERVATION,Carex siderosticta,Carex siderosticta
127.696567,35.445267,HUMAN_OBSERVATION,Carex siderosticta,Carex siderosticta
127.688361,36.410556,HUMAN_OBSERVATION,Carex siderosticta,Carex siderosticta
128.283611,35.265278,HUMAN_OBSERVATION,Carex siderosticta,Carex siderosticta
127.861333,35.321389,HUMAN_OBSERVATION,Carex siderosticta,Carex siderosticta
128.600139,37.645833,HUMAN_OBSERVATION,Carex siderosticta,Carex siderosticta
129.042806,36.2575,HUMAN_OBSERVATION,Carex siderosticta,Carex siderosticta
127.861333,35.321389,HUMAN_OBSERVATION,Carex siderosticta,Carex siderosticta
128.279306,38.040889,HUMAN_OBSERVATION,Carex siderosticta,Carex siderosticta
127.807222,35.229278,HUMAN_OBSERVATION,Carex siderosticta,Carex siderosticta
128.302972,38.195361,HUMAN_OBSERVATION,Carex siderosticta,Carex siderosticta
128.259667,38.166167,HUMAN_OBSERVATION,Carex siderosticta,Carex siderosticta
129.045944,37.417964,HUMAN_OBSERVATION,Carex siderosticta,Carex siderosticta
126.572056,34.363111,HUMAN_OBSERVATION,Carex siderosticta,Carex siderosticta
128.413611,35.196389,HUMAN_OBSERVATION,Carex siderosticta,Carex siderosticta
128.443467,37.011111,HUMAN_OBSERVATION,Carex siderosticta,Carex siderosticta
128.762778,36.505833,HUMAN_OBSERVATION,Carex siderosticta,Carex siderosticta
128.008514,34.718211,HUMAN_OBSERVATION,Carex siderosticta,Carex siderosticta
127.0469,34.430869,HUMAN_OBSERVATION,Carex siderosticta,Carex siderosticta
128.403972,38.472167,HUMAN_OBSERVATION,Carex siderosticta,Carex siderosticta
126.058472,34.878861,HUMAN_OBSERVATION,Carex siderosticta,Carex siderosticta
129.046444,36.519528,HUMAN_OBSERVATION,Carex siderosticta,Carex siderosticta
128.172647,38.041247,HUMAN_OBSERVATION,Carex siderosticta,Carex siderosticta
128.526394,37.380556,HUMAN_OBSERVATION,Carex siderosticta,Carex siderosticta
128.550833,35.491389,HUMAN_OBSERVATION,Carex siderosticta,Carex siderosticta
128.562522,37.213658,HUMAN_OBSERVATION,Carex siderosticta,Carex siderosticta
127.530444,36.465861,HUMAN_OBSERVATION,Carex siderosticta,Carex siderosticta
128.413611,35.196389,HUMAN_OBSERVATION,Carex siderosticta,Carex siderosticta
129.132722,37.082444,HUMAN_OBSERVATION,Carex siderosticta,Carex siderosticta
128.283861,38.068222,HUMAN_OBSERVATION,Carex siderosticta,Carex siderosticta
138.865833,37.782778,PRESERVED_SPECIMEN,Carex siderosticta,Carex siderosticta
127.287529,37.691017,HUMAN_OBSERVATION,Carex siderosticta,Carex siderosticta
127.283615,37.67606,HUMAN_OBSERVATION,Carex siderosticta,Carex siderosticta
127.283432,37.676025,HUMAN_OBSERVATION,Carex siderosticta,Carex siderosticta
128.239319,37.59256,HUMAN_OBSERVATION,Carex siderosticta,Carex siderosticta
127.261871,37.688225,HUMAN_OBSERVATION,Carex siderosticta,Carex siderosticta
128.243866,37.592499,HUMAN_OBSERVATION,Carex siderosticta,Carex siderosticta
128.243912,37.592773,HUMAN_OBSERVATION,Carex siderosticta,Carex siderosticta
127.252464,37.671452,HUMAN_OBSERVATION,Carex siderosticta,Carex siderosticta
127.255524,37.673088,HUMAN_OBSERVATION,Carex siderosticta,Carex siderosticta
140.18,37.109167,PRESERVED_SPECIMEN,Carex siderosticta,Carex siderosticta
138.26875,36.60417,PRESERVED_SPECIMEN,Carex siderosticta,Carex siderosticta
128.837056,37.013556,HUMAN_OBSERVATION,Carex siderosticta,Carex siderosticta
125.988611,34.790861,HUMAN_OBSERVATION,Carex siderosticta,Carex siderosticta
128.770722,37.556417,HUMAN_OBSERVATION,Carex siderosticta,Carex siderosticta
126.465333,35.04525,HUMAN_OBSERVATION,Carex siderosticta,Carex siderosticta
128.607472,37.645222,HUMAN_OBSERVATION,Carex siderosticta,Carex siderosticta
128.670556,37.608639,HUMAN_OBSERVATION,Carex siderosticta,Carex siderosticta
125.973167,34.766361,HUMAN_OBSERVATION,Carex siderosticta,Carex siderosticta
125.973167,34.766361,HUMAN_OBSERVATION,Carex siderosticta,Carex siderosticta
128.945831,35.889864,HUMAN_OBSERVATION,Carex siderosticta,Carex siderosticta
128.57075,37.184378,HUMAN_OBSERVATION,Carex siderosticta,Carex siderosticta
128.023987,36.656654,HUMAN_OBSERVATION,Carex siderosticta,Carex siderosticta
128.189896,36.705315,HUMAN_OBSERVATION,Carex siderosticta,Carex siderosticta
128.770722,37.556417,HUMAN_OBSERVATION,Carex siderosticta,Carex siderosticta
129.091083,37.085611,HUMAN_OBSERVATION,Carex siderosticta,Carex siderosticta
129.077111,37.114917,HUMAN_OBSERVATION,Carex siderosticta,Carex siderosticta
128.660833,37.578472,HUMAN_OBSERVATION,Carex siderosticta,Carex siderosticta
128.160833,37.831583,HUMAN_OBSERVATION,Carex siderosticta,Carex siderosticta
128.607472,37.645222,HUMAN_OBSERVATION,Carex siderosticta,Carex siderosticta
128.348417,38.216528,HUMAN_OBSERVATION,Carex siderosticta,Carex siderosticta
129.152694,37.066611,HUMAN_OBSERVATION,Carex siderosticta,Carex siderosticta
128.903833,37.154222,HUMAN_OBSERVATION,Carex siderosticta,Carex siderosticta
128.670556,37.608639,HUMAN_OBSERVATION,Carex siderosticta,Carex siderosticta
127.682103,36.820861,HUMAN_OBSERVATION,Carex siderosticta,Carex siderosticta
128.284703,37.585186,HUMAN_OBSERVATION,Carex siderosticta,Carex siderosticta
127.5738,35.543556,HUMAN_OBSERVATION,Carex siderosticta,Carex siderosticta
128.637856,37.092297,HUMAN_OBSERVATION,Carex siderosticta,Carex siderosticta
128.575,35.466667,HUMAN_OBSERVATION,Carex siderosticta,Carex siderosticta
128.560528,37.944917,HUMAN_OBSERVATION,Carex siderosticta,Carex siderosticta
128.786942,35.773639,HUMAN_OBSERVATION,Carex siderosticta,Carex siderosticta
128.902944,37.149333,HUMAN_OBSERVATION,Carex siderosticta,Carex siderosticta
125.6857,37.656686,HUMAN_OBSERVATION,Carex siderosticta,Carex siderosticta
125.706544,37.673719,HUMAN_OBSERVATION,Carex siderosticta,Carex siderosticta
128.858972,37.282006,HUMAN_OBSERVATION,Carex siderosticta,Carex siderosticta
125.988611,34.790861,HUMAN_OBSERVATION,Carex siderosticta,Carex siderosticta
128.312944,38.193722,HUMAN_OBSERVATION,Carex siderosticta,Carex siderosticta
128.387083,37.787944,HUMAN_OBSERVATION,Carex siderosticta,Carex siderosticta
128.356139,37.808,HUMAN_OBSERVATION,Carex siderosticta,Carex siderosticta
129.132611,37.082833,HUMAN_OBSERVATION,Carex siderosticta,Carex siderosticta
128.349194,38.21375,HUMAN_OBSERVATION,Carex siderosticta,Carex siderosticta
128.6495,37.614944,HUMAN_OBSERVATION,Carex siderosticta,Carex siderosticta
127.683322,36.821408,HUMAN_OBSERVATION,Carex siderosticta,Carex siderosticta
128.788139,37.613528,HUMAN_OBSERVATION,Carex siderosticta,Carex siderosticta
128.54975,37.940056,HUMAN_OBSERVATION,Carex siderosticta,Carex siderosticta
129.077111,37.114917,HUMAN_OBSERVATION,Carex siderosticta,Carex siderosticta
127.17475,35.173806,HUMAN_OBSERVATION,Carex siderosticta,Carex siderosticta
128.660833,37.578472,HUMAN_OBSERVATION,Carex siderosticta,Carex siderosticta
128.715564,35.802731,HUMAN_OBSERVATION,Carex siderosticta,Carex siderosticta
128.404722,35.220556,HUMAN_OBSERVATION,Carex siderosticta,Carex siderosticta
128.17308,36.700325,HUMAN_OBSERVATION,Carex siderosticta,Carex siderosticta
126.102444,37.177944,HUMAN_OBSERVATION,Carex siderosticta,Carex siderosticta
129.132611,37.082528,HUMAN_OBSERVATION,Carex siderosticta,Carex siderosticta
128.575,35.466667,HUMAN_OBSERVATION,Carex siderosticta,Carex siderosticta
128.217028,37.440242,HUMAN_OBSERVATION,Carex siderosticta,Carex siderosticta
128.296083,38.0665,HUMAN_OBSERVATION,Carex siderosticta,Carex siderosticta
125.105247,34.077667,HUMAN_OBSERVATION,Carex siderosticta,Carex siderosticta
128.552944,37.941611,HUMAN_OBSERVATION,Carex siderosticta,Carex siderosticta
139.88533,36.578727,HUMAN_OBSERVATION,Carex siderosticta,Carex siderosticta
128.270142,37.615211,HUMAN_OBSERVATION,Carex siderosticta,Carex siderosticta
128.281494,37.600159,HUMAN_OBSERVATION,Carex siderosticta,Carex siderosticta
138.279119,36.240986,PRESERVED_SPECIMEN,Carex siderosticta,Carex siderosticta
138.361237,36.671278,PRESERVED_SPECIMEN,Carex siderosticta,Carex siderosticta
126.991806,37.621239,HUMAN_OBSERVATION,Carex siderosticta,Carex siderosticta
128.647844,37.643236,HUMAN_OBSERVATION,Carex siderosticta,Carex siderosticta
129.069556,37.116167,HUMAN_OBSERVATION,Carex siderosticta,Carex siderosticta
129.065933,37.452881,HUMAN_OBSERVATION,Carex siderosticta,Carex siderosticta
129.075911,37.449158,HUMAN_OBSERVATION,Carex siderosticta,Carex siderosticta
129.065933,37.452881,HUMAN_OBSERVATION,Carex siderosticta,Carex siderosticta
129.119861,37.092444,HUMAN_OBSERVATION,Carex siderosticta,Carex siderosticta
128.511611,38.297222,HUMAN_OBSERVATION,Carex siderosticta,Carex siderosticta
128.751683,37.196094,HUMAN_OBSERVATION,Carex siderosticta,Carex siderosticta
129.084944,37.115083,HUMAN_OBSERVATION,Carex siderosticta,Carex siderosticta
128.286389,35.258611,HUMAN_OBSERVATION,Carex siderosticta,Carex siderosticta
129.102944,37.191917,HUMAN_OBSERVATION,Carex siderosticta,Carex siderosticta
128.696467,35.782314,HUMAN_OBSERVATION,Carex siderosticta,Carex siderosticta
126.147194,37.238056,HUMAN_OBSERVATION,Carex siderosticta,Carex siderosticta
127.277467,35.291067,HUMAN_OBSERVATION,Carex siderosticta,Carex siderosticta
127.2304,35.281117,HUMAN_OBSERVATION,Carex siderosticta,Carex siderosticta
129.140856,35.314392,HUMAN_OBSERVATION,Carex siderosticta,Carex siderosticta
129.091111,37.118278,HUMAN_OBSERVATION,Carex siderosticta,Carex siderosticta
127.668753,36.823467,HUMAN_OBSERVATION,Carex siderosticta,Carex siderosticta
128.364567,37.107317,HUMAN_OBSERVATION,Carex siderosticta,Carex siderosticta
128.310494,37.300906,HUMAN_OBSERVATION,Carex siderosticta,Carex siderosticta
129.110389,37.090833,HUMAN_OBSERVATION,Carex siderosticta,Carex siderosticta
129.089389,37.117417,HUMAN_OBSERVATION,Carex siderosticta,Carex siderosticta
128.369769,37.114386,HUMAN_OBSERVATION,Carex siderosticta,Carex siderosticta
128.149194,37.843278,HUMAN_OBSERVATION,Carex siderosticta,Carex siderosticta
126.608694,34.561972,HUMAN_OBSERVATION,Carex siderosticta,Carex siderosticta
126.058175,34.581811,HUMAN_OBSERVATION,Carex siderosticta,Carex siderosticta
126.106,37.177917,HUMAN_OBSERVATION,Carex siderosticta,Carex siderosticta
128.293972,37.827528,HUMAN_OBSERVATION,Carex siderosticta,Carex siderosticta
126.061264,34.548708,HUMAN_OBSERVATION,Carex siderosticta,Carex siderosticta
128.374989,37.195936,HUMAN_OBSERVATION,Carex siderosticta,Carex siderosticta
129.178222,37.104778,HUMAN_OBSERVATION,Carex siderosticta,Carex siderosticta
126.393036,34.539019,HUMAN_OBSERVATION,Carex siderosticta,Carex siderosticta
127.914428,38.158089,HUMAN_OBSERVATION,Carex siderosticta,Carex siderosticta
141.28183,39.53331,PRESERVED_SPECIMEN,Carex siderosticta,Carex siderosticta
141.28428,39.53467,PRESERVED_SPECIMEN,Carex siderosticta,Carex siderosticta
141.5025115,43.0566405,PRESERVED_SPECIMEN,Carex siderosticta,Carex siderosticta
128.074542,38.158914,HUMAN_OBSERVATION,Carex siderosticta,Carex siderosticta
126.726861,35.367361,HUMAN_OBSERVATION,Carex siderosticta,Carex siderosticta
128.601667,37.652278,HUMAN_OBSERVATION,Carex siderosticta,Carex siderosticta
128.134472,37.225597,HUMAN_OBSERVATION,Carex siderosticta,Carex siderosticta
128.138497,37.241603,HUMAN_OBSERVATION,Carex siderosticta,Carex siderosticta
127.708278,36.407722,HUMAN_OBSERVATION,Carex siderosticta,Carex siderosticta
127.552311,36.836464,HUMAN_OBSERVATION,Carex siderosticta,Carex siderosticta
126.52425,34.296139,HUMAN_OBSERVATION,Carex siderosticta,Carex siderosticta
128.40925,37.798583,HUMAN_OBSERVATION,Carex siderosticta,Carex siderosticta
128.802694,37.531361,HUMAN_OBSERVATION,Carex siderosticta,Carex siderosticta
127.552311,36.836464,HUMAN_OBSERVATION,Carex siderosticta,Carex siderosticta
128.271956,37.383903,HUMAN_OBSERVATION,Carex siderosticta,Carex siderosticta
128.306342,37.366811,HUMAN_OBSERVATION,Carex siderosticta,Carex siderosticta
128.578778,37.658778,HUMAN_OBSERVATION,Carex siderosticta,Carex siderosticta
128.533042,37.233014,HUMAN_OBSERVATION,Carex siderosticta,Carex siderosticta
128.462186,37.039714,HUMAN_OBSERVATION,Carex siderosticta,Carex siderosticta
127.554833,36.430972,HUMAN_OBSERVATION,Carex siderosticta,Carex siderosticta
128.363983,37.117508,HUMAN_OBSERVATION,Carex siderosticta,Carex siderosticta
128.353094,37.19465,HUMAN_OBSERVATION,Carex siderosticta,Carex siderosticta
128.780917,37.551111,HUMAN_OBSERVATION,Carex siderosticta,Carex siderosticta
128.367111,37.116433,HUMAN_OBSERVATION,Carex siderosticta,Carex siderosticta
129.129028,37.003583,HUMAN_OBSERVATION,Carex siderosticta,Carex siderosticta
128.086856,38.172611,HUMAN_OBSERVATION,Carex siderosticta,Carex siderosticta
128.382194,37.772806,HUMAN_OBSERVATION,Carex siderosticta,Carex siderosticta
128.277186,37.393986,HUMAN_OBSERVATION,Carex siderosticta,Carex siderosticta
128.359917,36.961528,HUMAN_OBSERVATION,Carex siderosticta,Carex siderosticta
129.205278,36.635611,HUMAN_OBSERVATION,Carex siderosticta,Carex siderosticta
128.732281,37.201328,HUMAN_OBSERVATION,Carex siderosticta,Carex siderosticta
136.494037,45.495242,HUMAN_OBSERVATION,Carex siderosticta,Carex siderosticta
138.647778,36.691667,PRESERVED_SPECIMEN,Carex siderosticta,Carex siderosticta
128.164267,37.236331,HUMAN_OBSERVATION,Carex siderosticta,Carex siderosticta
128.230833,35.278611,HUMAN_OBSERVATION,Carex siderosticta,Carex siderosticta
126.40785,35.397992,HUMAN_OBSERVATION,Carex siderosticta,Carex siderosticta
128.981011,36.164425,HUMAN_OBSERVATION,Carex siderosticta,Carex siderosticta
128.311667,35.252083,HUMAN_OBSERVATION,Carex siderosticta,Carex siderosticta
129.052,37.068361,HUMAN_OBSERVATION,Carex siderosticta,Carex siderosticta
128.537358,37.536008,HUMAN_OBSERVATION,Carex siderosticta,Carex siderosticta
128.751431,37.678567,HUMAN_OBSERVATION,Carex siderosticta,Carex siderosticta
126.135806,34.765028,HUMAN_OBSERVATION,Carex siderosticta,Carex siderosticta
128.961611,37.273464,HUMAN_OBSERVATION,Carex siderosticta,Carex siderosticta
126.099083,37.170167,HUMAN_OBSERVATION,Carex siderosticta,Carex siderosticta
128.654667,37.616083,HUMAN_OBSERVATION,Carex siderosticta,Carex siderosticta
127.584917,35.460528,HUMAN_OBSERVATION,Carex siderosticta,Carex siderosticta
128.664111,37.611806,HUMAN_OBSERVATION,Carex siderosticta,Carex siderosticta
128.546839,37.612472,HUMAN_OBSERVATION,Carex siderosticta,Carex siderosticta
128.266403,37.294397,HUMAN_OBSERVATION,Carex siderosticta,Carex siderosticta
128.537358,37.536008,HUMAN_OBSERVATION,Carex siderosticta,Carex siderosticta
128.653833,37.611222,HUMAN_OBSERVATION,Carex siderosticta,Carex siderosticta
128.328953,37.287864,HUMAN_OBSERVATION,Carex siderosticta,Carex siderosticta
128.570028,37.645556,HUMAN_OBSERVATION,Carex siderosticta,Carex siderosticta
128.131533,37.220881,HUMAN_OBSERVATION,Carex siderosticta,Carex siderosticta
126.564139,34.354889,HUMAN_OBSERVATION,Carex siderosticta,Carex siderosticta
128.857806,37.578,HUMAN_OBSERVATION,Carex siderosticta,Carex siderosticta
128.680944,37.550389,HUMAN_OBSERVATION,Carex siderosticta,Carex siderosticta
128.377778,35.196806,HUMAN_OBSERVATION,Carex siderosticta,Carex siderosticta
128.67025,37.605556,HUMAN_OBSERVATION,Carex siderosticta,Carex siderosticta
126.887778,35.325,HUMAN_OBSERVATION,Carex siderosticta,Carex siderosticta
128.300289,37.379006,HUMAN_OBSERVATION,Carex siderosticta,Carex siderosticta
128.67025,37.605556,HUMAN_OBSERVATION,Carex siderosticta,Carex siderosticta
128.680944,37.550389,HUMAN_OBSERVATION,Carex siderosticta,Carex siderosticta
128.265625,34.645008,HUMAN_OBSERVATION,Carex siderosticta,Carex siderosticta
128.41625,35.2025,HUMAN_OBSERVATION,Carex siderosticta,Carex siderosticta
128.610056,37.727167,HUMAN_OBSERVATION,Carex siderosticta,Carex siderosticta
128.610056,37.727167,HUMAN_OBSERVATION,Carex siderosticta,Carex siderosticta
128.295917,38.0665,HUMAN_OBSERVATION,Carex siderosticta,Carex siderosticta
128.078622,38.164697,HUMAN_OBSERVATION,Carex siderosticta,Carex siderosticta
128.761556,37.542417,HUMAN_OBSERVATION,Carex siderosticta,Carex siderosticta
128.839472,37.571306,HUMAN_OBSERVATION,Carex siderosticta,Carex siderosticta
128.386944,38.473889,HUMAN_OBSERVATION,Carex siderosticta,Carex siderosticta
128.761556,37.542417,HUMAN_OBSERVATION,Carex siderosticta,Carex siderosticta
127.6853,36.802414,HUMAN_OBSERVATION,Carex siderosticta,Carex siderosticta
126.797778,35.608889,HUMAN_OBSERVATION,Carex siderosticta,Carex siderosticta
128.799833,37.053139,HUMAN_OBSERVATION,Carex siderosticta,Carex siderosticta
128.209722,37.820361,HUMAN_OBSERVATION,Carex siderosticta,Carex siderosticta
128.625722,37.59825,HUMAN_OBSERVATION,Carex siderosticta,Carex siderosticta
128.263667,38.0505,HUMAN_OBSERVATION,Carex siderosticta,Carex siderosticta
128.300528,38.205389,HUMAN_OBSERVATION,Carex siderosticta,Carex siderosticta
128.6265,37.598111,HUMAN_OBSERVATION,Carex siderosticta,Carex siderosticta
126.134422,34.706808,HUMAN_OBSERVATION,Carex siderosticta,Carex siderosticta
128.264028,38.051111,HUMAN_OBSERVATION,Carex siderosticta,Carex siderosticta
126.033872,34.583678,HUMAN_OBSERVATION,Carex siderosticta,Carex siderosticta
128.293333,35.257917,HUMAN_OBSERVATION,Carex siderosticta,Carex siderosticta
128.281222,38.060722,HUMAN_OBSERVATION,Carex siderosticta,Carex siderosticta
128.606683,37.5965,HUMAN_OBSERVATION,Carex siderosticta,Carex siderosticta
127.525139,38.291083,PRESERVED_SPECIMEN,Carex siderosticta,Carex siderosticta
127.611778,38.308611,PRESERVED_SPECIMEN,Carex siderosticta,Carex siderosticta
128.991667,35.7,HUMAN_OBSERVATION,Carex siderosticta,Carex siderosticta
128.40896,34.84698,HUMAN_OBSERVATION,Carex siderosticta,Carex siderosticta
128.641603,35.801767,PRESERVED_SPECIMEN,Carex siderosticta,Carex siderosticta
128.658172,35.810644,PRESERVED_SPECIMEN,Carex siderosticta,Carex siderosticta
128.615506,35.822544,PRESERVED_SPECIMEN,Carex siderosticta,Carex siderosticta
126.847528,34.872944,HUMAN_OBSERVATION,Carex siderosticta,Carex siderosticta
126.847528,34.872944,HUMAN_OBSERVATION,Carex siderosticta,Carex siderosticta
126.169678,33.278656,HUMAN_OBSERVATION,Carex siderosticta,Carex siderosticta
126.453889,33.309472,HUMAN_OBSERVATION,Carex siderosticta,Carex siderosticta
127.081333,34.93425,HUMAN_OBSERVATION,Carex siderosticta,Carex siderosticta
127.698797,34.821389,HUMAN_OBSERVATION,Carex siderosticta,Carex siderosticta
127.698797,34.821389,HUMAN_OBSERVATION,Carex siderosticta,Carex siderosticta
128.104022,34.999392,HUMAN_OBSERVATION,Carex siderosticta,Carex siderosticta
127.034194,36.465444,HUMAN_OBSERVATION,Carex siderosticta,Carex siderosticta
127.359444,34.64,HUMAN_OBSERVATION,Carex siderosticta,Carex siderosticta
126.916906,37.18455,HUMAN_OBSERVATION,Carex siderosticta,Carex siderosticta
128.38714,34.99493,HUMAN_OBSERVATION,Carex siderosticta,Carex siderosticta
126.694361,33.369167,HUMAN_OBSERVATION,Carex siderosticta,Carex siderosticta
127.423244,34.517417,HUMAN_OBSERVATION,Carex siderosticta,Carex siderosticta
126.901722,37.365111,HUMAN_OBSERVATION,Carex siderosticta,Carex siderosticta
127.92085,34.808914,HUMAN_OBSERVATION,Carex siderosticta,Carex siderosticta
128.107781,34.998114,HUMAN_OBSERVATION,Carex siderosticta,Carex siderosticta
127.238889,36.418333,HUMAN_OBSERVATION,Carex siderosticta,Carex siderosticta
127.184167,34.722222,HUMAN_OBSERVATION,Carex siderosticta,Carex siderosticta
127.324861,34.945436,HUMAN_OBSERVATION,Carex siderosticta,Carex siderosticta
126.895722,36.423722,HUMAN_OBSERVATION,Carex siderosticta,Carex siderosticta
126.813472,36.430667,HUMAN_OBSERVATION,Carex siderosticta,Carex siderosticta
126.670708,36.120903,HUMAN_OBSERVATION,Carex siderosticta,Carex siderosticta
126.469206,37.255894,HUMAN_OBSERVATION,Carex siderosticta,Carex siderosticta
126.817222,34.87125,HUMAN_OBSERVATION,Carex siderosticta,Carex siderosticta
126.329417,37.548167,HUMAN_OBSERVATION,Carex siderosticta,Carex siderosticta
126.329417,37.548167,HUMAN_OBSERVATION,Carex siderosticta,Carex siderosticta
126.899889,37.365333,HUMAN_OBSERVATION,Carex siderosticta,Carex siderosticta
128.38938,34.98259,HUMAN_OBSERVATION,Carex siderosticta,Carex siderosticta
128.084833,36.183778,HUMAN_OBSERVATION,Carex siderosticta,Carex siderosticta
126.690583,33.367389,HUMAN_OBSERVATION,Carex siderosticta,Carex siderosticta
127.228833,34.942722,HUMAN_OBSERVATION,Carex siderosticta,Carex siderosticta
127.698797,34.821389,HUMAN_OBSERVATION,Carex siderosticta,Carex siderosticta
127.852919,34.99075,HUMAN_OBSERVATION,Carex siderosticta,Carex siderosticta
127.404444,34.680556,HUMAN_OBSERVATION,Carex siderosticta,Carex siderosticta
127.192719,37.207478,HUMAN_OBSERVATION,Carex siderosticta,Carex siderosticta
127.241944,34.565278,HUMAN_OBSERVATION,Carex siderosticta,Carex siderosticta
126.601111,36.276667,HUMAN_OBSERVATION,Carex siderosticta,Carex siderosticta
127.377125,34.763928,HUMAN_OBSERVATION,Carex siderosticta,Carex siderosticta
126.91325,34.919028,HUMAN_OBSERVATION,Carex siderosticta,Carex siderosticta
127.320806,34.947092,HUMAN_OBSERVATION,Carex siderosticta,Carex siderosticta
141.1902205,39.8153526,PRESERVED_SPECIMEN,Carex siderosticta,Carex siderosticta
141.1902205,39.8153526,PRESERVED_SPECIMEN,Carex siderosticta,Carex siderosticta
127.842194,36.19825,HUMAN_OBSERVATION,Carex siderosticta,Carex siderosticta
127.835333,36.069056,HUMAN_OBSERVATION,Carex siderosticta,Carex siderosticta
127.695881,36.062689,HUMAN_OBSERVATION,Carex siderosticta,Carex siderosticta
127.647194,34.943189,HUMAN_OBSERVATION,Carex siderosticta,Carex siderosticta
126.737114,35.924928,HUMAN_OBSERVATION,Carex siderosticta,Carex siderosticta
127.71965,37.319683,HUMAN_OBSERVATION,Carex siderosticta,Carex siderosticta
126.470594,35.815719,HUMAN_OBSERVATION,Carex siderosticta,Carex siderosticta
127.511786,34.975306,HUMAN_OBSERVATION,Carex siderosticta,Carex siderosticta
127.359944,37.425583,HUMAN_OBSERVATION,Carex siderosticta,Carex siderosticta
127.698211,36.06735,HUMAN_OBSERVATION,Carex siderosticta,Carex siderosticta
127.0375,37.413889,HUMAN_OBSERVATION,Carex siderosticta,Carex siderosticta
127.484106,36.324836,HUMAN_OBSERVATION,Carex siderosticta,Carex siderosticta
127.971617,37.120283,HUMAN_OBSERVATION,Carex siderosticta,Carex siderosticta
127.450842,34.957081,HUMAN_OBSERVATION,Carex siderosticta,Carex siderosticta
127.025528,34.781306,HUMAN_OBSERVATION,Carex siderosticta,Carex siderosticta
127.932922,36.090714,HUMAN_OBSERVATION,Carex siderosticta,Carex siderosticta
126.781244,36.308367,HUMAN_OBSERVATION,Carex siderosticta,Carex siderosticta
127.465233,37.353617,HUMAN_OBSERVATION,Carex siderosticta,Carex siderosticta
127.971617,37.120283,HUMAN_OBSERVATION,Carex siderosticta,Carex siderosticta
126.954167,37.445833,HUMAN_OBSERVATION,Carex siderosticta,Carex siderosticta
127.901414,34.903475,HUMAN_OBSERVATION,Carex siderosticta,Carex siderosticta
127.050056,37.35075,HUMAN_OBSERVATION,Carex siderosticta,Carex siderosticta
127.714806,34.745792,HUMAN_OBSERVATION,Carex siderosticta,Carex siderosticta
127.708206,34.738939,HUMAN_OBSERVATION,Carex siderosticta,Carex siderosticta
127.863603,37.213758,HUMAN_OBSERVATION,Carex siderosticta,Carex siderosticta
127.483758,36.323908,HUMAN_OBSERVATION,Carex siderosticta,Carex siderosticta
128.26094,34.96984,HUMAN_OBSERVATION,Carex siderosticta,Carex siderosticta
127.863603,37.213758,HUMAN_OBSERVATION,Carex siderosticta,Carex siderosticta
126.6125,36.267778,HUMAN_OBSERVATION,Carex siderosticta,Carex siderosticta
127.605467,34.673283,HUMAN_OBSERVATION,Carex siderosticta,Carex siderosticta
128.062389,36.165556,HUMAN_OBSERVATION,Carex siderosticta,Carex siderosticta
127.206028,37.367278,HUMAN_OBSERVATION,Carex siderosticta,Carex siderosticta
127.773214,34.680456,HUMAN_OBSERVATION,Carex siderosticta,Carex siderosticta
127.2465,36.220722,HUMAN_OBSERVATION,Carex siderosticta,Carex siderosticta
127.015825,37.186125,HUMAN_OBSERVATION,Carex siderosticta,Carex siderosticta
126.692267,36.281042,HUMAN_OBSERVATION,Carex siderosticta,Carex siderosticta
127.971617,37.120283,HUMAN_OBSERVATION,Carex siderosticta,Carex siderosticta
128.26747,34.96968,HUMAN_OBSERVATION,Carex siderosticta,Carex siderosticta
127.608558,34.80995,HUMAN_OBSERVATION,Carex siderosticta,Carex siderosticta
127.025528,34.781306,HUMAN_OBSERVATION,Carex siderosticta,Carex siderosticta
127.926028,36.086739,HUMAN_OBSERVATION,Carex siderosticta,Carex siderosticta
137.867612,36.504832,PRESERVED_SPECIMEN,Carex siderosticta,Carex siderosticta
137.88438,35.59792,PRESERVED_SPECIMEN,Carex siderosticta,Carex siderosticta
137.85938,35.59375,PRESERVED_SPECIMEN,Carex siderosticta,Carex siderosticta
126.610556,33.426611,HUMAN_OBSERVATION,Carex siderosticta,Carex siderosticta
127.826722,37.201,HUMAN_OBSERVATION,Carex siderosticta,Carex siderosticta
126.324917,37.548833,HUMAN_OBSERVATION,Carex siderosticta,Carex siderosticta
127.615028,36.208722,HUMAN_OBSERVATION,Carex siderosticta,Carex siderosticta
126.692139,33.369556,HUMAN_OBSERVATION,Carex siderosticta,Carex siderosticta
126.855056,37.366028,HUMAN_OBSERVATION,Carex siderosticta,Carex siderosticta
127.3405,37.400389,HUMAN_OBSERVATION,Carex siderosticta,Carex siderosticta
127.870031,34.835731,HUMAN_OBSERVATION,Carex siderosticta,Carex siderosticta
128.564981,36.449353,HUMAN_OBSERVATION,Carex siderosticta,Carex siderosticta
128.142583,36.243167,HUMAN_OBSERVATION,Carex siderosticta,Carex siderosticta
126.901611,37.365194,HUMAN_OBSERVATION,Carex siderosticta,Carex siderosticta
127.695972,37.139833,HUMAN_OBSERVATION,Carex siderosticta,Carex siderosticta
127.601083,37.288389,HUMAN_OBSERVATION,Carex siderosticta,Carex siderosticta
127.288672,34.542831,HUMAN_OBSERVATION,Carex siderosticta,Carex siderosticta
126.564083,33.438417,HUMAN_OBSERVATION,Carex siderosticta,Carex siderosticta
126.58675,33.312889,HUMAN_OBSERVATION,Carex siderosticta,Carex siderosticta
127.748556,37.077194,HUMAN_OBSERVATION,Carex siderosticta,Carex siderosticta
126.637167,33.391111,HUMAN_OBSERVATION,Carex siderosticta,Carex siderosticta
126.324917,37.548833,HUMAN_OBSERVATION,Carex siderosticta,Carex siderosticta
128.599444,36.2575,HUMAN_OBSERVATION,Carex siderosticta,Carex siderosticta
126.324917,37.548833,HUMAN_OBSERVATION,Carex siderosticta,Carex siderosticta
126.659411,36.457233,HUMAN_OBSERVATION,Carex siderosticta,Carex siderosticta
126.324917,37.548833,HUMAN_OBSERVATION,Carex siderosticta,Carex siderosticta
126.689133,36.286067,HUMAN_OBSERVATION,Carex siderosticta,Carex siderosticta
127.685314,37.141728,HUMAN_OBSERVATION,Carex siderosticta,Carex siderosticta
128.389722,36.304722,HUMAN_OBSERVATION,Carex siderosticta,Carex siderosticta
126.610556,33.426611,HUMAN_OBSERVATION,Carex siderosticta,Carex siderosticta
127.776306,37.068861,HUMAN_OBSERVATION,Carex siderosticta,Carex siderosticta
128.360556,36.488333,HUMAN_OBSERVATION,Carex siderosticta,Carex siderosticta
127.683761,37.139197,HUMAN_OBSERVATION,Carex siderosticta,Carex siderosticta
126.559417,33.438167,HUMAN_OBSERVATION,Carex siderosticta,Carex siderosticta
128.1884,34.91516,HUMAN_OBSERVATION,Carex siderosticta,Carex siderosticta
126.659411,36.457233,HUMAN_OBSERVATION,Carex siderosticta,Carex siderosticta
127.691519,34.817067,HUMAN_OBSERVATION,Carex siderosticta,Carex siderosticta
127.683761,37.139197,HUMAN_OBSERVATION,Carex siderosticta,Carex siderosticta
127.523614,34.996031,HUMAN_OBSERVATION,Carex siderosticta,Carex siderosticta
127.80075,36.077111,HUMAN_OBSERVATION,Carex siderosticta,Carex siderosticta
128.18653,34.92879,HUMAN_OBSERVATION,Carex siderosticta,Carex siderosticta
127.216139,34.954722,HUMAN_OBSERVATION,Carex siderosticta,Carex siderosticta
138.895556,36.461389,PRESERVED_SPECIMEN,Carex siderosticta,Carex siderosticta
138.896389,36.475,PRESERVED_SPECIMEN,Carex siderosticta,Carex siderosticta
138.897222,36.474722,PRESERVED_SPECIMEN,Carex siderosticta,Carex siderosticta
134.5,35.366667,PRESERVED_SPECIMEN,Carex siderosticta,Carex siderosticta
127.859028,37.185472,HUMAN_OBSERVATION,Carex siderosticta,Carex siderosticta
127.216833,36.240667,HUMAN_OBSERVATION,Carex siderosticta,Carex siderosticta
126.443667,33.310667,HUMAN_OBSERVATION,Carex siderosticta,Carex siderosticta
127.858639,37.185389,HUMAN_OBSERVATION,Carex siderosticta,Carex siderosticta
126.843611,37.207222,HUMAN_OBSERVATION,Carex siderosticta,Carex siderosticta
126.609833,33.428889,HUMAN_OBSERVATION,Carex siderosticta,Carex siderosticta
126.855806,34.871972,HUMAN_OBSERVATION,Carex siderosticta,Carex siderosticta
127.400509,37.018261,HUMAN_OBSERVATION,Carex siderosticta,Carex siderosticta
127.399789,37.015277,HUMAN_OBSERVATION,Carex siderosticta,Carex siderosticta
127.186647,37.052958,HUMAN_OBSERVATION,Carex siderosticta,Carex siderosticta
126.399478,33.392775,HUMAN_OBSERVATION,Carex siderosticta,Carex siderosticta
126.609833,33.428889,HUMAN_OBSERVATION,Carex siderosticta,Carex siderosticta
126.692639,33.367083,HUMAN_OBSERVATION,Carex siderosticta,Carex siderosticta
127.461389,36.077222,HUMAN_OBSERVATION,Carex siderosticta,Carex siderosticta
127.858639,37.185389,HUMAN_OBSERVATION,Carex siderosticta,Carex siderosticta
126.427922,37.381214,HUMAN_OBSERVATION,Carex siderosticta,Carex siderosticta
127.461389,36.077222,HUMAN_OBSERVATION,Carex siderosticta,Carex siderosticta
127.090278,35.995833,HUMAN_OBSERVATION,Carex siderosticta,Carex siderosticta
126.465583,33.291694,HUMAN_OBSERVATION,Carex siderosticta,Carex siderosticta
127.207333,37.373417,HUMAN_OBSERVATION,Carex siderosticta,Carex siderosticta
127.268139,37.31175,HUMAN_OBSERVATION,Carex siderosticta,Carex siderosticta
126.82655,34.524933,HUMAN_OBSERVATION,Carex siderosticta,Carex siderosticta
127.307711,37.177283,HUMAN_OBSERVATION,Carex siderosticta,Carex siderosticta
127.685194,37.153611,HUMAN_OBSERVATION,Carex siderosticta,Carex siderosticta
128.071667,36.187139,HUMAN_OBSERVATION,Carex siderosticta,Carex siderosticta
127.863167,37.183806,HUMAN_OBSERVATION,Carex siderosticta,Carex siderosticta
126.313089,33.237022,HUMAN_OBSERVATION,Carex siderosticta,Carex siderosticta
127.654694,37.035389,HUMAN_OBSERVATION,Carex siderosticta,Carex siderosticta
127.853361,37.186333,HUMAN_OBSERVATION,Carex siderosticta,Carex siderosticta
127.671158,36.211158,HUMAN_OBSERVATION,Carex siderosticta,Carex siderosticta
126.93125,34.54815,HUMAN_OBSERVATION,Carex siderosticta,Carex siderosticta
127.666919,36.217811,HUMAN_OBSERVATION,Carex siderosticta,Carex siderosticta
127.678008,36.056583,HUMAN_OBSERVATION,Carex siderosticta,Carex siderosticta
126.840347,36.158375,HUMAN_OBSERVATION,Carex siderosticta,Carex siderosticta
127.014022,34.690519,HUMAN_OBSERVATION,Carex siderosticta,Carex siderosticta
128.18035,34.92229,HUMAN_OBSERVATION,Carex siderosticta,Carex siderosticta
126.637333,33.391333,HUMAN_OBSERVATION,Carex siderosticta,Carex siderosticta
127.091111,35.991667,HUMAN_OBSERVATION,Carex siderosticta,Carex siderosticta
128.26159,34.97213,HUMAN_OBSERVATION,Carex siderosticta,Carex siderosticta
127.872806,36.057222,HUMAN_OBSERVATION,Carex siderosticta,Carex siderosticta
126.612167,33.424472,HUMAN_OBSERVATION,Carex siderosticta,Carex siderosticta
127.678008,36.056583,HUMAN_OBSERVATION,Carex siderosticta,Carex siderosticta
127.315217,36.055697,HUMAN_OBSERVATION,Carex siderosticta,Carex siderosticta
127.666919,36.217811,HUMAN_OBSERVATION,Carex siderosticta,Carex siderosticta
127.868361,36.061139,HUMAN_OBSERVATION,Carex siderosticta,Carex siderosticta
127.853722,37.186111,HUMAN_OBSERVATION,Carex siderosticta,Carex siderosticta
138.903333,36.475278,PRESERVED_SPECIMEN,Carex siderosticta,Carex siderosticta
127.196028,37.369056,HUMAN_OBSERVATION,Carex siderosticta,Carex siderosticta
127.844611,36.194306,HUMAN_OBSERVATION,Carex siderosticta,Carex siderosticta
127.500628,34.966008,HUMAN_OBSERVATION,Carex siderosticta,Carex siderosticta
127.827306,36.018861,HUMAN_OBSERVATION,Carex siderosticta,Carex siderosticta
127.017389,36.460361,HUMAN_OBSERVATION,Carex siderosticta,Carex siderosticta
128.3878,35.00606,HUMAN_OBSERVATION,Carex siderosticta,Carex siderosticta
127.265611,37.346639,HUMAN_OBSERVATION,Carex siderosticta,Carex siderosticta
126.692722,33.371528,HUMAN_OBSERVATION,Carex siderosticta,Carex siderosticta
126.694639,33.367,HUMAN_OBSERVATION,Carex siderosticta,Carex siderosticta
127.456625,34.956297,HUMAN_OBSERVATION,Carex siderosticta,Carex siderosticta
126.89025,36.422556,HUMAN_OBSERVATION,Carex siderosticta,Carex siderosticta
128.18944,34.91363,HUMAN_OBSERVATION,Carex siderosticta,Carex siderosticta
127.600342,34.662803,HUMAN_OBSERVATION,Carex siderosticta,Carex siderosticta
127.589306,36.225556,HUMAN_OBSERVATION,Carex siderosticta,Carex siderosticta
127.270222,37.479944,HUMAN_OBSERVATION,Carex siderosticta,Carex siderosticta
126.453972,33.311472,HUMAN_OBSERVATION,Carex siderosticta,Carex siderosticta
127.3106,34.817803,HUMAN_OBSERVATION,Carex siderosticta,Carex siderosticta
127.852722,36.202,HUMAN_OBSERVATION,Carex siderosticta,Carex siderosticta
128.26015,34.96387,HUMAN_OBSERVATION,Carex siderosticta,Carex siderosticta
127.855889,36.201139,HUMAN_OBSERVATION,Carex siderosticta,Carex siderosticta
127.901889,36.185306,HUMAN_OBSERVATION,Carex siderosticta,Carex siderosticta
126.355719,33.365417,HUMAN_OBSERVATION,Carex siderosticta,Carex siderosticta
126.775578,36.312747,HUMAN_OBSERVATION,Carex siderosticta,Carex siderosticta
127.297456,36.403214,HUMAN_OBSERVATION,Carex siderosticta,Carex siderosticta
127.481172,36.306661,HUMAN_OBSERVATION,Carex siderosticta,Carex siderosticta
128.335042,38.552469,PRESERVED_SPECIMEN,Carex siderosticta,Carex siderosticta
128.340306,38.528333,PRESERVED_SPECIMEN,Carex siderosticta,Carex siderosticta
127.064167,38.241778,PRESERVED_SPECIMEN,Carex siderosticta,Carex siderosticta
128.322083,38.432222,PRESERVED_SPECIMEN,Carex siderosticta,Carex siderosticta
127.70775,38.306056,PRESERVED_SPECIMEN,Carex siderosticta,Carex siderosticta
127.70775,38.306056,PRESERVED_SPECIMEN,Carex siderosticta,Carex siderosticta
128.088028,38.310833,PRESERVED_SPECIMEN,Carex siderosticta,Carex siderosticta
128.088028,38.310833,PRESERVED_SPECIMEN,Carex siderosticta,Carex siderosticta
126.987194,38.168167,PRESERVED_SPECIMEN,Carex siderosticta,Carex siderosticta
127.572,38.313194,PRESERVED_SPECIMEN,Carex siderosticta,Carex siderosticta
136.587005,36.443088,HUMAN_OBSERVATION,Ainsliaea acerifolia,Ainsliaea acerifolia
140.105164,36.226005,HUMAN_OBSERVATION,Ainsliaea acerifolia,Ainsliaea acerifolia
127.816479,37.844071,HUMAN_OBSERVATION,Ainsliaea acerifolia,Ainsliaea acerifolia
128.487687,38.312575,HUMAN_OBSERVATION,Ainsliaea acerifolia,Ainsliaea acerifolia
127.553947,35.300983,HUMAN_OBSERVATION,Ainsliaea acerifolia,Ainsliaea acerifolia
128.418535,38.082105,HUMAN_OBSERVATION,Ainsliaea acerifolia,Ainsliaea acerifolia
128.145126,37.45698,HUMAN_OBSERVATION,Ainsliaea acerifolia,Ainsliaea acerifolia
128.293687,37.595388,HUMAN_OBSERVATION,Ainsliaea acerifolia,Ainsliaea acerifolia
128.450148,38.033466,HUMAN_OBSERVATION,Ainsliaea acerifolia,Ainsliaea acerifolia
128.420822,35.695667,PRESERVED_SPECIMEN,Ainsliaea acerifolia,Ainsliaea acerifolia
128.145225,37.456738,HUMAN_OBSERVATION,Ainsliaea acerifolia,Ainsliaea acerifolia
140.838114,38.264858,HUMAN_OBSERVATION,Ainsliaea acerifolia,Ainsliaea acerifolia
141.451858,38.611928,HUMAN_OBSERVATION,Ainsliaea acerifolia,Ainsliaea acerifolia
128.21151,36.48281,HUMAN_OBSERVATION,Ainsliaea acerifolia,Ainsliaea acerifolia
127.013963,34.404939,HUMAN_OBSERVATION,Ainsliaea acerifolia,Ainsliaea acerifolia
127.583939,36.071989,HUMAN_OBSERVATION,Ainsliaea acerifolia,Ainsliaea acerifolia
128.19214,36.481298,HUMAN_OBSERVATION,Ainsliaea acerifolia,Ainsliaea acerifolia
127.590199,36.07457,HUMAN_OBSERVATION,Ainsliaea acerifolia,Ainsliaea acerifolia
127.573579,36.073182,HUMAN_OBSERVATION,Ainsliaea acerifolia,Ainsliaea acerifolia
129.033188,35.314384,HUMAN_OBSERVATION,Ainsliaea acerifolia,Ainsliaea acerifolia
127.582966,36.071572,HUMAN_OBSERVATION,Ainsliaea acerifolia,Ainsliaea acerifolia
127.573713,36.071676,HUMAN_OBSERVATION,Ainsliaea acerifolia,Ainsliaea acerifolia
128.21162,36.48291,HUMAN_OBSERVATION,Ainsliaea acerifolia,Ainsliaea acerifolia
127.014019,34.405015,HUMAN_OBSERVATION,Ainsliaea acerifolia,Ainsliaea acerifolia
136.611083,36.441372,HUMAN_OBSERVATION,Ainsliaea acerifolia,Ainsliaea acerifolia
128.744873,37.722611,HUMAN_OBSERVATION,Ainsliaea acerifolia,Ainsliaea acerifolia
128.14315,37.455995,HUMAN_OBSERVATION,Ainsliaea acerifolia,Ainsliaea acerifolia
128.145421,37.456351,HUMAN_OBSERVATION,Ainsliaea acerifolia,Ainsliaea acerifolia
126.320083,34.474098,HUMAN_OBSERVATION,Ainsliaea acerifolia,Ainsliaea acerifolia
129.065591,35.27909,HUMAN_OBSERVATION,Ainsliaea acerifolia,Ainsliaea acerifolia
129.066857,35.28021,HUMAN_OBSERVATION,Ainsliaea acerifolia,Ainsliaea acerifolia
140.03932,36.300877,HUMAN_OBSERVATION,Ainsliaea acerifolia,Ainsliaea acerifolia
127.480827,38.193008,HUMAN_OBSERVATION,Ainsliaea acerifolia,Ainsliaea acerifolia
128.395035,37.685452,HUMAN_OBSERVATION,Ainsliaea acerifolia,Ainsliaea acerifolia
127.48008,38.193787,HUMAN_OBSERVATION,Ainsliaea acerifolia,Ainsliaea acerifolia
128.397967,37.70465,HUMAN_OBSERVATION,Ainsliaea acerifolia,Ainsliaea acerifolia
128.396561,37.701832,HUMAN_OBSERVATION,Ainsliaea acerifolia,Ainsliaea acerifolia
129.005371,37.16795,HUMAN_OBSERVATION,Ainsliaea acerifolia,Ainsliaea acerifolia
128.397,37.691347,HUMAN_OBSERVATION,Ainsliaea acerifolia,Ainsliaea acerifolia
127.182994,37.46259,HUMAN_OBSERVATION,Ainsliaea acerifolia,Ainsliaea acerifolia
127.182687,37.462378,HUMAN_OBSERVATION,Ainsliaea acerifolia,Ainsliaea acerifolia
127.181929,37.463116,HUMAN_OBSERVATION,Ainsliaea acerifolia,Ainsliaea acerifolia
127.182402,37.462092,HUMAN_OBSERVATION,Ainsliaea acerifolia,Ainsliaea acerifolia
127.173381,37.410127,HUMAN_OBSERVATION,Ainsliaea acerifolia,Ainsliaea acerifolia
127.71909,37.90368,PRESERVED_SPECIMEN,Ainsliaea acerifolia,Ainsliaea acerifolia
128.50815,37.53981,PRESERVED_SPECIMEN,Ainsliaea acerifolia,Ainsliaea acerifolia
128.7681,37.68333,HUMAN_OBSERVATION,Ainsliaea acerifolia,Ainsliaea acerifolia
128.4094,37.884,HUMAN_OBSERVATION,Ainsliaea acerifolia,Ainsliaea acerifolia
127.513,35.30485,HUMAN_OBSERVATION,Ainsliaea acerifolia,Ainsliaea acerifolia
129.0849,35.06087,HUMAN_OBSERVATION,Ainsliaea acerifolia,Ainsliaea acerifolia
126.6152,36.70382,HUMAN_OBSERVATION,Ainsliaea acerifolia,Ainsliaea acerifolia
127.7774,35.88144,HUMAN_OBSERVATION,Ainsliaea acerifolia,Ainsliaea acerifolia
128.8999,37.15126,HUMAN_OBSERVATION,Ainsliaea acerifolia,Ainsliaea acerifolia
129.00621,37.172607,HUMAN_OBSERVATION,Ainsliaea acerifolia,Ainsliaea acerifolia
129.005493,37.172607,HUMAN_OBSERVATION,Ainsliaea acerifolia,Ainsliaea acerifolia
129.004852,37.172607,HUMAN_OBSERVATION,Ainsliaea acerifolia,Ainsliaea acerifolia
129.004852,37.172607,HUMAN_OBSERVATION,Ainsliaea acerifolia,Ainsliaea acerifolia
128.397079,37.691238,HUMAN_OBSERVATION,Ainsliaea acerifolia,Ainsliaea acerifolia
129.00528,37.16782,PRESERVED_SPECIMEN,Ainsliaea acerifolia,Ainsliaea acerifolia
129.006256,37.17115,PRESERVED_SPECIMEN,Ainsliaea acerifolia,Ainsliaea acerifolia
127.509712,38.200836,PRESERVED_SPECIMEN,Ainsliaea acerifolia,Ainsliaea acerifolia
127.50042,38.201828,PRESERVED_SPECIMEN,Ainsliaea acerifolia,Ainsliaea acerifolia
127.7721,35.86575,HUMAN_OBSERVATION,Ainsliaea acerifolia,Ainsliaea acerifolia
127.745,35.86406,HUMAN_OBSERVATION,Ainsliaea acerifolia,Ainsliaea acerifolia
128.2234,38.02304,HUMAN_OBSERVATION,Ainsliaea acerifolia,Ainsliaea acerifolia
127.840168,35.868439,HUMAN_OBSERVATION,Ainsliaea acerifolia,Ainsliaea acerifolia
129.1672,37.43278,HUMAN_OBSERVATION,Ainsliaea acerifolia,Ainsliaea acerifolia
128.1343,38.16637,HUMAN_OBSERVATION,Ainsliaea acerifolia,Ainsliaea acerifolia
127.7446,35.86404,HUMAN_OBSERVATION,Ainsliaea acerifolia,Ainsliaea acerifolia
127.5327,35.59888,HUMAN_OBSERVATION,Ainsliaea acerifolia,Ainsliaea acerifolia
127.1079,35.49678,HUMAN_OBSERVATION,Ainsliaea acerifolia,Ainsliaea acerifolia
128.396927,37.691242,HUMAN_OBSERVATION,Ainsliaea acerifolia,Ainsliaea acerifolia
129.002945,37.163364,HUMAN_OBSERVATION,Ainsliaea acerifolia,Ainsliaea acerifolia
127.511337,38.199162,HUMAN_OBSERVATION,Ainsliaea acerifolia,Ainsliaea acerifolia
128.394913,37.691765,PRESERVED_SPECIMEN,Ainsliaea acerifolia,Ainsliaea acerifolia
127.182451,37.462264,HUMAN_OBSERVATION,Ainsliaea acerifolia,Ainsliaea acerifolia
127.182405,37.46214,HUMAN_OBSERVATION,Ainsliaea acerifolia,Ainsliaea acerifolia
127.178587,37.463224,HUMAN_OBSERVATION,Ainsliaea acerifolia,Ainsliaea acerifolia
127.182616,37.4624,HUMAN_OBSERVATION,Ainsliaea acerifolia,Ainsliaea acerifolia
128.5939,37.16307,HUMAN_OBSERVATION,Ainsliaea acerifolia,Ainsliaea acerifolia
127.1939,37.4806,HUMAN_OBSERVATION,Ainsliaea acerifolia,Ainsliaea acerifolia
127.3975,35.6224,HUMAN_OBSERVATION,Ainsliaea acerifolia,Ainsliaea acerifolia
127.5417,35.60028,HUMAN_OBSERVATION,Ainsliaea acerifolia,Ainsliaea acerifolia
127.5182,35.357170000000004,HUMAN_OBSERVATION,Ainsliaea acerifolia,Ainsliaea acerifolia
128.3031,37.73764,HUMAN_OBSERVATION,Ainsliaea acerifolia,Ainsliaea acerifolia
127.3947,35.62337,HUMAN_OBSERVATION,Ainsliaea acerifolia,Ainsliaea acerifolia
128.2611,38.18223,HUMAN_OBSERVATION,Ainsliaea acerifolia,Ainsliaea acerifolia
128.1307,38.17241,HUMAN_OBSERVATION,Ainsliaea acerifolia,Ainsliaea acerifolia
129.2412,35.53596,HUMAN_OBSERVATION,Ainsliaea acerifolia,Ainsliaea acerifolia
127.4415,35.68031,HUMAN_OBSERVATION,Ainsliaea acerifolia,Ainsliaea acerifolia
127.3909,35.62247,HUMAN_OBSERVATION,Ainsliaea acerifolia,Ainsliaea acerifolia
129.2135,35.53448,HUMAN_OBSERVATION,Ainsliaea acerifolia,Ainsliaea acerifolia
128.6725,37.61223,HUMAN_OBSERVATION,Ainsliaea acerifolia,Ainsliaea acerifolia
128.5064,38.00269,HUMAN_OBSERVATION,Ainsliaea acerifolia,Ainsliaea acerifolia
127.0339,35.36973,HUMAN_OBSERVATION,Ainsliaea acerifolia,Ainsliaea acerifolia
127.1091,35.49766,HUMAN_OBSERVATION,Ainsliaea acerifolia,Ainsliaea acerifolia
127.1043,35.50687,HUMAN_OBSERVATION,Ainsliaea acerifolia,Ainsliaea acerifolia
128.2014,37.99146,HUMAN_OBSERVATION,Ainsliaea acerifolia,Ainsliaea acerifolia
126.630334,33.439583,HUMAN_OBSERVATION,Ainsliaea acerifolia,Ainsliaea acerifolia
128.256389,38.008889,HUMAN_OBSERVATION,Ainsliaea acerifolia,Ainsliaea acerifolia
128.408733,35.185196,HUMAN_OBSERVATION,Ainsliaea acerifolia,Ainsliaea acerifolia
128.417774,34.821444,HUMAN_OBSERVATION,Ainsliaea acerifolia,Ainsliaea acerifolia
128.499923,35.18527,HUMAN_OBSERVATION,Ainsliaea acerifolia,Ainsliaea acerifolia
129.231734,35.37553,HUMAN_OBSERVATION,Ainsliaea acerifolia,Ainsliaea acerifolia
127.010977,35.505064,HUMAN_OBSERVATION,Ainsliaea acerifolia,Ainsliaea acerifolia
127.010885,35.505117,HUMAN_OBSERVATION,Ainsliaea acerifolia,Ainsliaea acerifolia
127.811698,35.913872,HUMAN_OBSERVATION,Ainsliaea acerifolia,Ainsliaea acerifolia
127.688313,35.949311,HUMAN_OBSERVATION,Ainsliaea acerifolia,Ainsliaea acerifolia
127.457152,35.666493,HUMAN_OBSERVATION,Ainsliaea acerifolia,Ainsliaea acerifolia
128.21371,37.038494,HUMAN_OBSERVATION,Ainsliaea acerifolia,Ainsliaea acerifolia
127.473034,35.657424,HUMAN_OBSERVATION,Ainsliaea acerifolia,Ainsliaea acerifolia
127.517215,35.299704,HUMAN_OBSERVATION,Ainsliaea acerifolia,Ainsliaea acerifolia
127.777736,35.884457,HUMAN_OBSERVATION,Ainsliaea acerifolia,Ainsliaea acerifolia
127.473759,35.656939,HUMAN_OBSERVATION,Ainsliaea acerifolia,Ainsliaea acerifolia
128.218611,37.036944,HUMAN_OBSERVATION,Ainsliaea acerifolia,Ainsliaea acerifolia
128.214821,37.03733,HUMAN_OBSERVATION,Ainsliaea acerifolia,Ainsliaea acerifolia
128.340917,36.857694,PRESERVED_SPECIMEN,Ainsliaea acerifolia,Ainsliaea acerifolia
127.816111,35.859444,HUMAN_OBSERVATION,Ainsliaea acerifolia,Ainsliaea acerifolia
128.058347,37.193259,PRESERVED_SPECIMEN,Ainsliaea acerifolia,Ainsliaea acerifolia
128.058347,37.193259,PRESERVED_SPECIMEN,Ainsliaea acerifolia,Ainsliaea acerifolia
127.443389,35.526083,PRESERVED_SPECIMEN,Ainsliaea acerifolia,Ainsliaea acerifolia
127.744467,35.86294,HUMAN_OBSERVATION,Ainsliaea acerifolia,Ainsliaea acerifolia
127.220833,36.366667,HUMAN_OBSERVATION,Ainsliaea acerifolia,Ainsliaea acerifolia
127.521023,35.361972,HUMAN_OBSERVATION,Ainsliaea acerifolia,Ainsliaea acerifolia
127.672727,35.770822,HUMAN_OBSERVATION,Ainsliaea acerifolia,Ainsliaea acerifolia
127.104362,35.506692,HUMAN_OBSERVATION,Ainsliaea acerifolia,Ainsliaea acerifolia
127.114407,35.504873,HUMAN_OBSERVATION,Ainsliaea acerifolia,Ainsliaea acerifolia
127.645194,35.068616,HUMAN_OBSERVATION,Ainsliaea acerifolia,Ainsliaea acerifolia
129.153319,36.393352,HUMAN_OBSERVATION,Ainsliaea acerifolia,Ainsliaea acerifolia
128.019015,36.733745,PRESERVED_SPECIMEN,Ainsliaea acerifolia,Ainsliaea acerifolia
138.087668,36.389342,PRESERVED_SPECIMEN,Ainsliaea acerifolia,Ainsliaea acerifolia
128.86731,37.188464,HUMAN_OBSERVATION,Ainsliaea acerifolia,Ainsliaea acerifolia
128.871677,37.276929,HUMAN_OBSERVATION,Ainsliaea acerifolia,Ainsliaea acerifolia
127.515556,35.367222,HUMAN_OBSERVATION,Ainsliaea acerifolia,Ainsliaea acerifolia
129.01383,37.303752,HUMAN_OBSERVATION,Ainsliaea acerifolia,Ainsliaea acerifolia
127.521913,38.000375,HUMAN_OBSERVATION,Ainsliaea acerifolia,Ainsliaea acerifolia
127.498228,38.030884,HUMAN_OBSERVATION,Ainsliaea acerifolia,Ainsliaea acerifolia
127.512443,38.000292,HUMAN_OBSERVATION,Ainsliaea acerifolia,Ainsliaea acerifolia
127.432291,35.635862,HUMAN_OBSERVATION,Ainsliaea acerifolia,Ainsliaea acerifolia
127.872562,36.04064,HUMAN_OBSERVATION,Ainsliaea acerifolia,Ainsliaea acerifolia
127.746743,35.854549,HUMAN_OBSERVATION,Ainsliaea acerifolia,Ainsliaea acerifolia
127.570566,35.634025,HUMAN_OBSERVATION,Ainsliaea acerifolia,Ainsliaea acerifolia
127.210247,36.364874,HUMAN_OBSERVATION,Ainsliaea acerifolia,Ainsliaea acerifolia
127.748515,35.85598,HUMAN_OBSERVATION,Ainsliaea acerifolia,Ainsliaea acerifolia
140.842563,38.28279,HUMAN_OBSERVATION,Ainsliaea acerifolia,Ainsliaea acerifolia
128.019057,36.733972,PRESERVED_SPECIMEN,Ainsliaea acerifolia,Ainsliaea acerifolia
127.145717,35.646387,HUMAN_OBSERVATION,Ainsliaea acerifolia,Ainsliaea acerifolia
126.569241,35.487629,HUMAN_OBSERVATION,Ainsliaea acerifolia,Ainsliaea acerifolia
127.304718,35.225184,HUMAN_OBSERVATION,Ainsliaea acerifolia,Ainsliaea acerifolia
128.202778,37.988611,HUMAN_OBSERVATION,Ainsliaea acerifolia,Ainsliaea acerifolia
128.335222,36.856194,PRESERVED_SPECIMEN,Ainsliaea acerifolia,Ainsliaea acerifolia
128.339139,36.85025,PRESERVED_SPECIMEN,Ainsliaea acerifolia,Ainsliaea acerifolia
128.41319,34.819381,HUMAN_OBSERVATION,Ainsliaea acerifolia,Ainsliaea acerifolia
127.687224,35.953984,HUMAN_OBSERVATION,Ainsliaea acerifolia,Ainsliaea acerifolia
128.410243,34.818187,HUMAN_OBSERVATION,Ainsliaea acerifolia,Ainsliaea acerifolia
127.350327,36.117857,HUMAN_OBSERVATION,Ainsliaea acerifolia,Ainsliaea acerifolia
127.091286,35.504648,HUMAN_OBSERVATION,Ainsliaea acerifolia,Ainsliaea acerifolia
127.091691,35.504676,HUMAN_OBSERVATION,Ainsliaea acerifolia,Ainsliaea acerifolia
128.428333,37.1075,HUMAN_OBSERVATION,Ainsliaea acerifolia,Ainsliaea acerifolia
127.275,38.341667,HUMAN_OBSERVATION,Ainsliaea acerifolia,Ainsliaea acerifolia
128.708056,37.478056,HUMAN_OBSERVATION,Ainsliaea acerifolia,Ainsliaea acerifolia
128.308333,37.88,HUMAN_OBSERVATION,Ainsliaea acerifolia,Ainsliaea acerifolia
128.453333,38.026111,HUMAN_OBSERVATION,Ainsliaea acerifolia,Ainsliaea acerifolia
127.456455,35.666344,HUMAN_OBSERVATION,Ainsliaea acerifolia,Ainsliaea acerifolia
128.660665,34.840091,HUMAN_OBSERVATION,Ainsliaea acerifolia,Ainsliaea acerifolia
127.476489,35.67256,HUMAN_OBSERVATION,Ainsliaea acerifolia,Ainsliaea acerifolia
129.378354,35.659135,HUMAN_OBSERVATION,Ainsliaea acerifolia,Ainsliaea acerifolia
128.410853,34.817736,HUMAN_OBSERVATION,Ainsliaea acerifolia,Ainsliaea acerifolia
127.471774,35.675909,HUMAN_OBSERVATION,Ainsliaea acerifolia,Ainsliaea acerifolia
127.052972,37.421005,HUMAN_OBSERVATION,Ainsliaea acerifolia,Ainsliaea acerifolia
127.064889,37.417053,HUMAN_OBSERVATION,Ainsliaea acerifolia,Ainsliaea acerifolia
127.053108,37.420881,HUMAN_OBSERVATION,Ainsliaea acerifolia,Ainsliaea acerifolia
127.744695,35.863996,HUMAN_OBSERVATION,Ainsliaea acerifolia,Ainsliaea acerifolia
127.8725,36.040556,HUMAN_OBSERVATION,Ainsliaea acerifolia,Ainsliaea acerifolia
127.285094,36.066092,HUMAN_OBSERVATION,Ainsliaea acerifolia,Ainsliaea acerifolia
127.744722,35.863889,HUMAN_OBSERVATION,Ainsliaea acerifolia,Ainsliaea acerifolia
128.882127,37.276003,HUMAN_OBSERVATION,Ainsliaea acerifolia,Ainsliaea acerifolia
128.464016,38.219556,HUMAN_OBSERVATION,Ainsliaea acerifolia,Ainsliaea acerifolia
128.11764,35.822771,HUMAN_OBSERVATION,Ainsliaea acerifolia,Ainsliaea acerifolia
127.060695,37.416048,HUMAN_OBSERVATION,Ainsliaea acerifolia,Ainsliaea acerifolia
140.105068,36.222013,HUMAN_OBSERVATION,Ainsliaea acerifolia,Ainsliaea acerifolia
128.53545,36.939978,HUMAN_OBSERVATION,Ainsliaea acerifolia,Ainsliaea acerifolia
129.054722,35.494167,HUMAN_OBSERVATION,Ainsliaea acerifolia,Ainsliaea acerifolia
127.459755,35.665605,HUMAN_OBSERVATION,Ainsliaea acerifolia,Ainsliaea acerifolia
127.535,35.74,HUMAN_OBSERVATION,Ainsliaea acerifolia,Ainsliaea acerifolia
129.122222,36.343056,HUMAN_OBSERVATION,Ainsliaea acerifolia,Ainsliaea acerifolia
127.566944,35.272778,HUMAN_OBSERVATION,Ainsliaea acerifolia,Ainsliaea acerifolia
127.746155,35.860067,HUMAN_OBSERVATION,Ainsliaea acerifolia,Ainsliaea acerifolia
127.965272,37.21022,HUMAN_OBSERVATION,Ainsliaea acerifolia,Ainsliaea acerifolia
127.452222,35.393056,HUMAN_OBSERVATION,Ainsliaea acerifolia,Ainsliaea acerifolia
129.094722,35.646139,PRESERVED_SPECIMEN,Ainsliaea acerifolia,Ainsliaea acerifolia
129.097139,35.648667,PRESERVED_SPECIMEN,Ainsliaea acerifolia,Ainsliaea acerifolia
127.985917,35.483306,PRESERVED_SPECIMEN,Ainsliaea acerifolia,Ainsliaea acerifolia
127.951639,35.505167,PRESERVED_SPECIMEN,Ainsliaea acerifolia,Ainsliaea acerifolia
138.251224,36.167935,PRESERVED_SPECIMEN,Ainsliaea acerifolia,Ainsliaea acerifolia
138.356076,36.379642,PRESERVED_SPECIMEN,Ainsliaea acerifolia,Ainsliaea acerifolia
127.525377,35.293468,HUMAN_OBSERVATION,Ainsliaea acerifolia,Ainsliaea acerifolia
127.520833,35.296944,HUMAN_OBSERVATION,Ainsliaea acerifolia,Ainsliaea acerifolia
127.521128,35.296165,HUMAN_OBSERVATION,Ainsliaea acerifolia,Ainsliaea acerifolia
127.518769,35.319329,HUMAN_OBSERVATION,Ainsliaea acerifolia,Ainsliaea acerifolia
127.525556,35.293056,HUMAN_OBSERVATION,Ainsliaea acerifolia,Ainsliaea acerifolia
127.744476,35.863049,HUMAN_OBSERVATION,Ainsliaea acerifolia,Ainsliaea acerifolia
138.252211,36.144425,PRESERVED_SPECIMEN,Ainsliaea acerifolia,Ainsliaea acerifolia
140.531861,37.271611,PRESERVED_SPECIMEN,Ainsliaea acerifolia,Ainsliaea acerifolia
129.094167,35.645333,PRESERVED_SPECIMEN,Ainsliaea acerifolia,Ainsliaea acerifolia
128.282778,38.126667,HUMAN_OBSERVATION,Ainsliaea acerifolia,Ainsliaea acerifolia
128.668056,37.591944,HUMAN_OBSERVATION,Ainsliaea acerifolia,Ainsliaea acerifolia
129.0559,35.3055,HUMAN_OBSERVATION,Ainsliaea acerifolia,Ainsliaea acerifolia
127.532611,36.464778,HUMAN_OBSERVATION,Ainsliaea acerifolia,Ainsliaea acerifolia
127.0469,34.430869,HUMAN_OBSERVATION,Ainsliaea acerifolia,Ainsliaea acerifolia
128.286028,38.195222,HUMAN_OBSERVATION,Ainsliaea acerifolia,Ainsliaea acerifolia
129.131803,35.314311,HUMAN_OBSERVATION,Ainsliaea acerifolia,Ainsliaea acerifolia
127.275894,37.68705,HUMAN_OBSERVATION,Ainsliaea acerifolia,Ainsliaea acerifolia
127.263718,37.685795,HUMAN_OBSERVATION,Ainsliaea acerifolia,Ainsliaea acerifolia
127.376111,38.196944,HUMAN_OBSERVATION,Ainsliaea acerifolia,Ainsliaea acerifolia
128.840194,37.025944,HUMAN_OBSERVATION,Ainsliaea acerifolia,Ainsliaea acerifolia
128.688658,35.802058,HUMAN_OBSERVATION,Ainsliaea acerifolia,Ainsliaea acerifolia
128.273794,37.383722,HUMAN_OBSERVATION,Ainsliaea acerifolia,Ainsliaea acerifolia
128.660833,37.578472,HUMAN_OBSERVATION,Ainsliaea acerifolia,Ainsliaea acerifolia
128.607472,37.645222,HUMAN_OBSERVATION,Ainsliaea acerifolia,Ainsliaea acerifolia
128.6495,37.614944,HUMAN_OBSERVATION,Ainsliaea acerifolia,Ainsliaea acerifolia
128.670556,37.608639,HUMAN_OBSERVATION,Ainsliaea acerifolia,Ainsliaea acerifolia
128.908028,37.153361,HUMAN_OBSERVATION,Ainsliaea acerifolia,Ainsliaea acerifolia
128.790206,35.765731,HUMAN_OBSERVATION,Ainsliaea acerifolia,Ainsliaea acerifolia
128.205186,37.424933,HUMAN_OBSERVATION,Ainsliaea acerifolia,Ainsliaea acerifolia
128.630336,37.108614,HUMAN_OBSERVATION,Ainsliaea acerifolia,Ainsliaea acerifolia
127.693483,35.4451,HUMAN_OBSERVATION,Ainsliaea acerifolia,Ainsliaea acerifolia
129.129667,37.083722,HUMAN_OBSERVATION,Ainsliaea acerifolia,Ainsliaea acerifolia
128.770722,37.556417,HUMAN_OBSERVATION,Ainsliaea acerifolia,Ainsliaea acerifolia
128.301111,35.25625,HUMAN_OBSERVATION,Ainsliaea acerifolia,Ainsliaea acerifolia
127.683158,36.821967,HUMAN_OBSERVATION,Ainsliaea acerifolia,Ainsliaea acerifolia
128.189865,36.705479,HUMAN_OBSERVATION,Ainsliaea acerifolia,Ainsliaea acerifolia
128.303635,37.593079,HUMAN_OBSERVATION,Ainsliaea acerifolia,Ainsliaea acerifolia
128.271667,37.615776,HUMAN_OBSERVATION,Ainsliaea acerifolia,Ainsliaea acerifolia
128.775678,37.211558,HUMAN_OBSERVATION,Ainsliaea acerifolia,Ainsliaea acerifolia
128.155889,37.849528,HUMAN_OBSERVATION,Ainsliaea acerifolia,Ainsliaea acerifolia
129.119861,37.092444,HUMAN_OBSERVATION,Ainsliaea acerifolia,Ainsliaea acerifolia
128.546611,37.924111,HUMAN_OBSERVATION,Ainsliaea acerifolia,Ainsliaea acerifolia
128.919308,35.273206,HUMAN_OBSERVATION,Ainsliaea acerifolia,Ainsliaea acerifolia
128.308292,37.385972,HUMAN_OBSERVATION,Ainsliaea acerifolia,Ainsliaea acerifolia
129.091111,37.118278,HUMAN_OBSERVATION,Ainsliaea acerifolia,Ainsliaea acerifolia
128.510167,38.291889,HUMAN_OBSERVATION,Ainsliaea acerifolia,Ainsliaea acerifolia
127.174778,38.137778,HUMAN_OBSERVATION,Ainsliaea acerifolia,Ainsliaea acerifolia
128.303328,37.309675,HUMAN_OBSERVATION,Ainsliaea acerifolia,Ainsliaea acerifolia
129.084944,37.115083,HUMAN_OBSERVATION,Ainsliaea acerifolia,Ainsliaea acerifolia
141.7504,40.0505,PRESERVED_SPECIMEN,Ainsliaea acerifolia,Ainsliaea acerifolia
141.8824,39.4628,PRESERVED_SPECIMEN,Ainsliaea acerifolia,Ainsliaea acerifolia
128.134508,37.225297,HUMAN_OBSERVATION,Ainsliaea acerifolia,Ainsliaea acerifolia
126.522444,34.293806,HUMAN_OBSERVATION,Ainsliaea acerifolia,Ainsliaea acerifolia
128.383278,37.775861,HUMAN_OBSERVATION,Ainsliaea acerifolia,Ainsliaea acerifolia
128.151722,38.092103,HUMAN_OBSERVATION,Ainsliaea acerifolia,Ainsliaea acerifolia
128.462186,37.039714,HUMAN_OBSERVATION,Ainsliaea acerifolia,Ainsliaea acerifolia
127.554833,36.430972,HUMAN_OBSERVATION,Ainsliaea acerifolia,Ainsliaea acerifolia
129.220222,36.643111,HUMAN_OBSERVATION,Ainsliaea acerifolia,Ainsliaea acerifolia
128.7294,37.200142,HUMAN_OBSERVATION,Ainsliaea acerifolia,Ainsliaea acerifolia
128.487094,37.201989,HUMAN_OBSERVATION,Ainsliaea acerifolia,Ainsliaea acerifolia
128.487217,37.200561,HUMAN_OBSERVATION,Ainsliaea acerifolia,Ainsliaea acerifolia
128.533042,37.233014,HUMAN_OBSERVATION,Ainsliaea acerifolia,Ainsliaea acerifolia
128.296981,37.321664,HUMAN_OBSERVATION,Ainsliaea acerifolia,Ainsliaea acerifolia
128.578778,37.658778,HUMAN_OBSERVATION,Ainsliaea acerifolia,Ainsliaea acerifolia
127.679275,36.827372,HUMAN_OBSERVATION,Ainsliaea acerifolia,Ainsliaea acerifolia
138.26779,36.25594,PRESERVED_SPECIMEN,Ainsliaea acerifolia,Ainsliaea acerifolia
127.982222,35.884167,HUMAN_OBSERVATION,Ainsliaea acerifolia,Ainsliaea acerifolia
128.392528,37.789278,HUMAN_OBSERVATION,Ainsliaea acerifolia,Ainsliaea acerifolia
128.173528,37.820694,HUMAN_OBSERVATION,Ainsliaea acerifolia,Ainsliaea acerifolia
128.860811,37.281208,HUMAN_OBSERVATION,Ainsliaea acerifolia,Ainsliaea acerifolia
129.063556,37.102444,HUMAN_OBSERVATION,Ainsliaea acerifolia,Ainsliaea acerifolia
128.653833,37.611222,HUMAN_OBSERVATION,Ainsliaea acerifolia,Ainsliaea acerifolia
128.664111,37.611806,HUMAN_OBSERVATION,Ainsliaea acerifolia,Ainsliaea acerifolia
128.546839,37.612472,HUMAN_OBSERVATION,Ainsliaea acerifolia,Ainsliaea acerifolia
126.546667,35.19,HUMAN_OBSERVATION,Ainsliaea acerifolia,Ainsliaea acerifolia
128.9798,36.163075,HUMAN_OBSERVATION,Ainsliaea acerifolia,Ainsliaea acerifolia
128.537358,37.536008,HUMAN_OBSERVATION,Ainsliaea acerifolia,Ainsliaea acerifolia
128.303972,37.823167,HUMAN_OBSERVATION,Ainsliaea acerifolia,Ainsliaea acerifolia
128.230833,35.278611,HUMAN_OBSERVATION,Ainsliaea acerifolia,Ainsliaea acerifolia
128.751431,37.678567,HUMAN_OBSERVATION,Ainsliaea acerifolia,Ainsliaea acerifolia
128.480511,37.108431,HUMAN_OBSERVATION,Ainsliaea acerifolia,Ainsliaea acerifolia
127.874972,35.3265,HUMAN_OBSERVATION,Ainsliaea acerifolia,Ainsliaea acerifolia
128.267069,37.589411,HUMAN_OBSERVATION,Ainsliaea acerifolia,Ainsliaea acerifolia
141.28183,39.53331,PRESERVED_SPECIMEN,Ainsliaea acerifolia,Ainsliaea acerifolia
141.7504,40.0505,PRESERVED_SPECIMEN,Ainsliaea acerifolia,Ainsliaea acerifolia
140.331444,37.658278,PRESERVED_SPECIMEN,Ainsliaea acerifolia,Ainsliaea acerifolia
140.318278,37.691639,PRESERVED_SPECIMEN,Ainsliaea acerifolia,Ainsliaea acerifolia
138.261128,36.222856,PRESERVED_SPECIMEN,Ainsliaea acerifolia,Ainsliaea acerifolia
138.085,36.7845,PRESERVED_SPECIMEN,Ainsliaea acerifolia,Ainsliaea acerifolia
128.567711,37.418917,HUMAN_OBSERVATION,Ainsliaea acerifolia,Ainsliaea acerifolia
129.406981,35.903586,HUMAN_OBSERVATION,Ainsliaea acerifolia,Ainsliaea acerifolia
128.680944,37.550389,HUMAN_OBSERVATION,Ainsliaea acerifolia,Ainsliaea acerifolia
128.67025,37.605556,HUMAN_OBSERVATION,Ainsliaea acerifolia,Ainsliaea acerifolia
128.610056,37.727167,HUMAN_OBSERVATION,Ainsliaea acerifolia,Ainsliaea acerifolia
128.392361,38.471417,HUMAN_OBSERVATION,Ainsliaea acerifolia,Ainsliaea acerifolia
128.140764,37.227439,HUMAN_OBSERVATION,Ainsliaea acerifolia,Ainsliaea acerifolia
128.761556,37.542417,HUMAN_OBSERVATION,Ainsliaea acerifolia,Ainsliaea acerifolia
126.564139,34.354889,HUMAN_OBSERVATION,Ainsliaea acerifolia,Ainsliaea acerifolia
128.014294,38.048017,HUMAN_OBSERVATION,Ainsliaea acerifolia,Ainsliaea acerifolia
128.570028,37.645556,HUMAN_OBSERVATION,Ainsliaea acerifolia,Ainsliaea acerifolia
128.377778,35.196806,HUMAN_OBSERVATION,Ainsliaea acerifolia,Ainsliaea acerifolia
128.839472,37.571306,HUMAN_OBSERVATION,Ainsliaea acerifolia,Ainsliaea acerifolia
127.690528,35.175,HUMAN_OBSERVATION,Ainsliaea acerifolia,Ainsliaea acerifolia
128.970711,37.278256,HUMAN_OBSERVATION,Ainsliaea acerifolia,Ainsliaea acerifolia
128.263778,38.050667,HUMAN_OBSERVATION,Ainsliaea acerifolia,Ainsliaea acerifolia
127.563606,35.555078,HUMAN_OBSERVATION,Ainsliaea acerifolia,Ainsliaea acerifolia
128.30437,37.69058,HUMAN_OBSERVATION,Ainsliaea acerifolia,Ainsliaea acerifolia
128.30384,37.69035,HUMAN_OBSERVATION,Ainsliaea acerifolia,Ainsliaea acerifolia
128.30475,37.60165,HUMAN_OBSERVATION,Ainsliaea acerifolia,Ainsliaea acerifolia
140.544639,37.261944,PRESERVED_SPECIMEN,Ainsliaea acerifolia,Ainsliaea acerifolia
138.450806,36.662017,PRESERVED_SPECIMEN,Ainsliaea acerifolia,Ainsliaea acerifolia
127.879217,36.030233,PRESERVED_SPECIMEN,Ainsliaea acerifolia,Ainsliaea acerifolia
127.879217,36.030233,PRESERVED_SPECIMEN,Ainsliaea acerifolia,Ainsliaea acerifolia
127.879217,36.030233,PRESERVED_SPECIMEN,Ainsliaea acerifolia,Ainsliaea acerifolia
127.879217,36.030233,PRESERVED_SPECIMEN,Ainsliaea acerifolia,Ainsliaea acerifolia
127.879217,36.030233,PRESERVED_SPECIMEN,Ainsliaea acerifolia,Ainsliaea acerifolia
127.879217,36.030233,PRESERVED_SPECIMEN,Ainsliaea acerifolia,Ainsliaea acerifolia
127.879217,36.030233,PRESERVED_SPECIMEN,Ainsliaea acerifolia,Ainsliaea acerifolia
128.816806,37.072639,HUMAN_OBSERVATION,Ainsliaea acerifolia,Ainsliaea acerifolia
129.050472,37.163389,HUMAN_OBSERVATION,Ainsliaea acerifolia,Ainsliaea acerifolia
128.291889,38.214667,HUMAN_OBSERVATION,Ainsliaea acerifolia,Ainsliaea acerifolia
128.351278,37.841778,HUMAN_OBSERVATION,Ainsliaea acerifolia,Ainsliaea acerifolia
128.321028,37.777028,HUMAN_OBSERVATION,Ainsliaea acerifolia,Ainsliaea acerifolia
128.438833,37.799694,HUMAN_OBSERVATION,Ainsliaea acerifolia,Ainsliaea acerifolia
126.46625,35.042028,HUMAN_OBSERVATION,Ainsliaea acerifolia,Ainsliaea acerifolia
129.418061,35.892308,HUMAN_OBSERVATION,Ainsliaea acerifolia,Ainsliaea acerifolia
128.293333,35.257917,HUMAN_OBSERVATION,Ainsliaea acerifolia,Ainsliaea acerifolia
127.80675,35.221139,HUMAN_OBSERVATION,Ainsliaea acerifolia,Ainsliaea acerifolia
129.095853,37.398119,HUMAN_OBSERVATION,Ainsliaea acerifolia,Ainsliaea acerifolia
128.625722,37.59825,HUMAN_OBSERVATION,Ainsliaea acerifolia,Ainsliaea acerifolia
128.575161,37.088064,HUMAN_OBSERVATION,Ainsliaea acerifolia,Ainsliaea acerifolia
127.879217,36.030233,PRESERVED_SPECIMEN,Ainsliaea acerifolia,Ainsliaea acerifolia
127.879217,36.030233,PRESERVED_SPECIMEN,Ainsliaea acerifolia,Ainsliaea acerifolia
127.879217,36.030233,PRESERVED_SPECIMEN,Ainsliaea acerifolia,Ainsliaea acerifolia
127.879217,36.030233,PRESERVED_SPECIMEN,Ainsliaea acerifolia,Ainsliaea acerifolia
127.879217,36.030233,PRESERVED_SPECIMEN,Ainsliaea acerifolia,Ainsliaea acerifolia
127.879217,36.030233,PRESERVED_SPECIMEN,Ainsliaea acerifolia,Ainsliaea acerifolia
127.879217,36.030233,PRESERVED_SPECIMEN,Ainsliaea acerifolia,Ainsliaea acerifolia
128.18025,38.337944,PRESERVED_SPECIMEN,Ainsliaea acerifolia,Ainsliaea acerifolia
128.991667,35.7,HUMAN_OBSERVATION,Ainsliaea acerifolia,Ainsliaea acerifolia
126.496992,33.425564,HUMAN_OBSERVATION,Ainsliaea acerifolia,Ainsliaea acerifolia
128.107781,34.998114,HUMAN_OBSERVATION,Ainsliaea acerifolia,Ainsliaea acerifolia
128.722065,35.12956,HUMAN_OBSERVATION,Ainsliaea acerifolia,Ainsliaea acerifolia
126.954167,37.445833,HUMAN_OBSERVATION,Ainsliaea acerifolia,Ainsliaea acerifolia
127.605244,34.668528,HUMAN_OBSERVATION,Ainsliaea acerifolia,Ainsliaea acerifolia
127.773214,34.680456,HUMAN_OBSERVATION,Ainsliaea acerifolia,Ainsliaea acerifolia
127.841278,36.0645,HUMAN_OBSERVATION,Ainsliaea acerifolia,Ainsliaea acerifolia
127.442722,34.958383,HUMAN_OBSERVATION,Ainsliaea acerifolia,Ainsliaea acerifolia
127.926028,36.086739,HUMAN_OBSERVATION,Ainsliaea acerifolia,Ainsliaea acerifolia
128.26119,34.97029,HUMAN_OBSERVATION,Ainsliaea acerifolia,Ainsliaea acerifolia
127.4475,36.088056,HUMAN_OBSERVATION,Ainsliaea acerifolia,Ainsliaea acerifolia
139.0847,37.7179,PRESERVED_SPECIMEN,Ainsliaea acerifolia,Ainsliaea acerifolia
127.828088,36.581564,HUMAN_OBSERVATION,Ainsliaea acerifolia,Ainsliaea acerifolia
127.398083,37.011194,HUMAN_OBSERVATION,Ainsliaea acerifolia,Ainsliaea acerifolia
126.796339,36.081036,HUMAN_OBSERVATION,Ainsliaea acerifolia,Ainsliaea acerifolia
127.921483,34.799783,HUMAN_OBSERVATION,Ainsliaea acerifolia,Ainsliaea acerifolia
126.659411,36.457233,HUMAN_OBSERVATION,Ainsliaea acerifolia,Ainsliaea acerifolia
127.288672,34.542831,HUMAN_OBSERVATION,Ainsliaea acerifolia,Ainsliaea acerifolia
127.776306,37.068861,HUMAN_OBSERVATION,Ainsliaea acerifolia,Ainsliaea acerifolia
127.776306,37.068861,HUMAN_OBSERVATION,Ainsliaea acerifolia,Ainsliaea acerifolia
127.683761,37.139197,HUMAN_OBSERVATION,Ainsliaea acerifolia,Ainsliaea acerifolia
127.380661,34.540817,HUMAN_OBSERVATION,Ainsliaea acerifolia,Ainsliaea acerifolia
127.318725,34.956239,HUMAN_OBSERVATION,Ainsliaea acerifolia,Ainsliaea acerifolia
127.400585,37.016436,HUMAN_OBSERVATION,Ainsliaea acerifolia,Ainsliaea acerifolia
127.400509,37.018261,HUMAN_OBSERVATION,Ainsliaea acerifolia,Ainsliaea acerifolia
127.735222,37.077944,HUMAN_OBSERVATION,Ainsliaea acerifolia,Ainsliaea acerifolia
127.658028,37.033639,HUMAN_OBSERVATION,Ainsliaea acerifolia,Ainsliaea acerifolia
127.853361,37.186333,HUMAN_OBSERVATION,Ainsliaea acerifolia,Ainsliaea acerifolia
127.197056,37.369833,HUMAN_OBSERVATION,Ainsliaea acerifolia,Ainsliaea acerifolia
127.853361,37.186333,HUMAN_OBSERVATION,Ainsliaea acerifolia,Ainsliaea acerifolia
127.853361,37.186333,HUMAN_OBSERVATION,Ainsliaea acerifolia,Ainsliaea acerifolia
126.9866,34.688767,HUMAN_OBSERVATION,Ainsliaea acerifolia,Ainsliaea acerifolia
139.103333,36.716667,PRESERVED_SPECIMEN,Ainsliaea acerifolia,Ainsliaea acerifolia
140.677828,38.45711,PRESERVED_SPECIMEN,Ainsliaea acerifolia,Ainsliaea acerifolia
141.7776598,39.99035,PRESERVED_SPECIMEN,Ainsliaea acerifolia,Ainsliaea acerifolia
141.7776857,39.4904088,PRESERVED_SPECIMEN,Ainsliaea acerifolia,Ainsliaea acerifolia
127.399222,37.014139,HUMAN_OBSERVATION,Ainsliaea acerifolia,Ainsliaea acerifolia
127.868361,36.061139,HUMAN_OBSERVATION,Ainsliaea acerifolia,Ainsliaea acerifolia
126.901683,34.540967,HUMAN_OBSERVATION,Ainsliaea acerifolia,Ainsliaea acerifolia
128.26132,34.97169,HUMAN_OBSERVATION,Ainsliaea acerifolia,Ainsliaea acerifolia
140.026944,37.175833,PRESERVED_SPECIMEN,Ainsliaea acerifolia,Ainsliaea acerifolia
137.84063,35.55208,PRESERVED_SPECIMEN,Ainsliaea acerifolia,Ainsliaea acerifolia
127.603797,34.66535,HUMAN_OBSERVATION,Ainsliaea acerifolia,Ainsliaea acerifolia
127.176389,34.720556,HUMAN_OBSERVATION,Ainsliaea acerifolia,Ainsliaea acerifolia
127.194639,37.361389,HUMAN_OBSERVATION,Ainsliaea acerifolia,Ainsliaea acerifolia
127.584708,34.817358,HUMAN_OBSERVATION,Ainsliaea acerifolia,Ainsliaea acerifolia
128.002803,34.868789,HUMAN_OBSERVATION,Ainsliaea acerifolia,Ainsliaea acerifolia
127.189833,37.370222,HUMAN_OBSERVATION,Ainsliaea acerifolia,Ainsliaea acerifolia
127.401653,37.011575,HUMAN_OBSERVATION,Ainsliaea acerifolia,Ainsliaea acerifolia
128.26063,34.96402,HUMAN_OBSERVATION,Ainsliaea acerifolia,Ainsliaea acerifolia
127.712575,34.741847,HUMAN_OBSERVATION,Ainsliaea acerifolia,Ainsliaea acerifolia
126.695803,36.275958,HUMAN_OBSERVATION,Ainsliaea acerifolia,Ainsliaea acerifolia
127.901889,36.185306,HUMAN_OBSERVATION,Ainsliaea acerifolia,Ainsliaea acerifolia
127.038889,37.415278,HUMAN_OBSERVATION,Ainsliaea acerifolia,Ainsliaea acerifolia
127.238889,36.418333,HUMAN_OBSERVATION,Ainsliaea acerifolia,Ainsliaea acerifolia
127.852731,36.546978,HUMAN_OBSERVATION,Ainsliaea acerifolia,Ainsliaea acerifolia
126.192125,34.282817,HUMAN_OBSERVATION,Ainsliaea acerifolia,Ainsliaea acerifolia
129.010004,35.848582,HUMAN_OBSERVATION,Ainsliaea acerifolia,Ainsliaea acerifolia
127.612433,37.937519,HUMAN_OBSERVATION,Ainsliaea acerifolia,Ainsliaea acerifolia
126.704294,34.64019,HUMAN_OBSERVATION,Ainsliaea acerifolia,Ainsliaea acerifolia
127.600478,37.931428,HUMAN_OBSERVATION,Ainsliaea acerifolia,Ainsliaea acerifolia
127.403306,38.020806,HUMAN_OBSERVATION,Ainsliaea acerifolia,Ainsliaea acerifolia
127.460256,35.739761,HUMAN_OBSERVATION,Ainsliaea acerifolia,Ainsliaea acerifolia
127.445306,38.092583,HUMAN_OBSERVATION,Ainsliaea acerifolia,Ainsliaea acerifolia
137.630244,36.919724,PRESERVED_SPECIMEN,Ainsliaea acerifolia,Ainsliaea acerifolia
137.87813,35.58958,PRESERVED_SPECIMEN,Ainsliaea acerifolia,Ainsliaea acerifolia
141.00011,39.59781,PRESERVED_SPECIMEN,Ainsliaea acerifolia,Ainsliaea acerifolia
136.9136663,36.4031328,PRESERVED_SPECIMEN,Ainsliaea acerifolia,Ainsliaea acerifolia
127.418656,38.012178,HUMAN_OBSERVATION,Ainsliaea acerifolia,Ainsliaea acerifolia
127.410592,38.070975,HUMAN_OBSERVATION,Ainsliaea acerifolia,Ainsliaea acerifolia
128.002583,37.099361,HUMAN_OBSERVATION,Ainsliaea acerifolia,Ainsliaea acerifolia
127.434953,38.014614,HUMAN_OBSERVATION,Ainsliaea acerifolia,Ainsliaea acerifolia
139.151667,36.7875,PRESERVED_SPECIMEN,Ainsliaea acerifolia,Ainsliaea acerifolia
127.533674,36.018838,HUMAN_OBSERVATION,Ainsliaea acerifolia,Ainsliaea acerifolia
137.88438,35.57708,PRESERVED_SPECIMEN,Ainsliaea acerifolia,Ainsliaea acerifolia
137.84063,35.59792,PRESERVED_SPECIMEN,Ainsliaea acerifolia,Ainsliaea acerifolia
141.9679,39.8799,PRESERVED_SPECIMEN,Ainsliaea acerifolia,Ainsliaea acerifolia
141.00011,39.59781,PRESERVED_SPECIMEN,Ainsliaea acerifolia,Ainsliaea acerifolia
139.125556,36.788889,PRESERVED_SPECIMEN,Ainsliaea acerifolia,Ainsliaea acerifolia
137.533333,36.816667,PRESERVED_SPECIMEN,Ainsliaea acerifolia,Ainsliaea acerifolia
127.186809,37.46154,HUMAN_OBSERVATION,Ainsliaea acerifolia,Ainsliaea acerifolia
128.00925,37.099278,HUMAN_OBSERVATION,Ainsliaea acerifolia,Ainsliaea acerifolia
126.769859,34.766332,HUMAN_OBSERVATION,Ainsliaea acerifolia,Ainsliaea acerifolia
138.40941,36.58339,PRESERVED_SPECIMEN,Ainsliaea acerifolia,Ainsliaea acerifolia
128.033667,36.091806,HUMAN_OBSERVATION,Ainsliaea acerifolia,Ainsliaea acerifolia
128.117896,37.676182,HUMAN_OBSERVATION,Ainsliaea acerifolia,Ainsliaea acerifolia
128.400903,37.213871,HUMAN_OBSERVATION,Ainsliaea acerifolia,Ainsliaea acerifolia
127.906078,35.485372,HUMAN_OBSERVATION,Ainsliaea acerifolia,Ainsliaea acerifolia
127.428944,38.034444,HUMAN_OBSERVATION,Ainsliaea acerifolia,Ainsliaea acerifolia
128.036028,36.090611,HUMAN_OBSERVATION,Ainsliaea acerifolia,Ainsliaea acerifolia
127.628583,37.924417,HUMAN_OBSERVATION,Ainsliaea acerifolia,Ainsliaea acerifolia
128.215938,37.324968,HUMAN_OBSERVATION,Ainsliaea acerifolia,Ainsliaea acerifolia
127.340915,36.201062,HUMAN_OBSERVATION,Ainsliaea acerifolia,Ainsliaea acerifolia
139.08861,35.491951,PRESERVED_SPECIMEN,Ainsliaea acerifolia,Ainsliaea acerifolia
129.092414,35.390564,HUMAN_OBSERVATION,Ainsliaea acerifolia,Ainsliaea acerifolia
127.596194,37.924833,HUMAN_OBSERVATION,Ainsliaea acerifolia,Ainsliaea acerifolia
127.893581,37.249344,HUMAN_OBSERVATION,Ainsliaea acerifolia,Ainsliaea acerifolia
127.5985,37.922778,HUMAN_OBSERVATION,Ainsliaea acerifolia,Ainsliaea acerifolia
139.37383,35.57101,PRESERVED_SPECIMEN,Ainsliaea acerifolia,Ainsliaea acerifolia
137.84063,35.55208,PRESERVED_SPECIMEN,Ainsliaea acerifolia,Ainsliaea acerifolia
140.1363,36.299,PRESERVED_SPECIMEN,Ainsliaea acerifolia,Ainsliaea acerifolia
133.5225,35.2291,PRESERVED_SPECIMEN,Ainsliaea acerifolia,Ainsliaea acerifolia
138.5843,35.7689,PRESERVED_SPECIMEN,Ainsliaea acerifolia,Ainsliaea acerifolia
129.1525,35.761667,HUMAN_OBSERVATION,Ainsliaea acerifolia,Ainsliaea acerifolia
141.348723,39.275537,PRESERVED_SPECIMEN,Ainsliaea acerifolia,Ainsliaea acerifolia
140.6902821,39.4653788,PRESERVED_SPECIMEN,Ainsliaea acerifolia,Ainsliaea acerifolia
140.656111,39.449889,PRESERVED_SPECIMEN,Ainsliaea acerifolia,Ainsliaea acerifolia
139.153075,35.482417,PRESERVED_SPECIMEN,Ainsliaea acerifolia,Ainsliaea acerifolia
139.153075,35.474085,PRESERVED_SPECIMEN,Ainsliaea acerifolia,Ainsliaea acerifolia
139.178074,35.449089,PRESERVED_SPECIMEN,Ainsliaea acerifolia,Ainsliaea acerifolia
138.822564,35.815694,PRESERVED_SPECIMEN,Ainsliaea acerifolia,Ainsliaea acerifolia
128.284444,37.623889,HUMAN_OBSERVATION,Ainsliaea acerifolia,Ainsliaea acerifolia
127.371389,36.044444,HUMAN_OBSERVATION,Ainsliaea acerifolia,Ainsliaea acerifolia
141.347485,39.285626,PRESERVED_SPECIMEN,Ainsliaea acerifolia,Ainsliaea acerifolia
139.003097,35.299101,PRESERVED_SPECIMEN,Ainsliaea acerifolia,Ainsliaea acerifolia
139.003097,35.299101,PRESERVED_SPECIMEN,Ainsliaea acerifolia,Ainsliaea acerifolia
141.63125,39.770833,PRESERVED_SPECIMEN,Ainsliaea acerifolia,Ainsliaea acerifolia
127.61895,35.10424,PRESERVED_SPECIMEN,Ainsliaea acerifolia,Ainsliaea acerifolia
128.511944,37.971389,HUMAN_OBSERVATION,Ainsliaea acerifolia,Ainsliaea acerifolia
128.284167,37.623889,HUMAN_OBSERVATION,Ainsliaea acerifolia,Ainsliaea acerifolia
139.098889,36.722222,PRESERVED_SPECIMEN,Ainsliaea acerifolia,Ainsliaea acerifolia
126.875833,34.5975,HUMAN_OBSERVATION,Ainsliaea acerifolia,Ainsliaea acerifolia
126.873333,34.594722,HUMAN_OBSERVATION,Ainsliaea acerifolia,Ainsliaea acerifolia
140.321111,37.695556,PRESERVED_SPECIMEN,Ainsliaea acerifolia,Ainsliaea acerifolia
138.933667,35.240772,PRESERVED_SPECIMEN,Ainsliaea acerifolia,Ainsliaea acerifolia
129.696667,37.139167,HUMAN_OBSERVATION,Ainsliaea acerifolia,Ainsliaea acerifolia
128.832222,37.016944,HUMAN_OBSERVATION,Ainsliaea acerifolia,Ainsliaea acerifolia
127.456583,37.840417,HUMAN_OBSERVATION,Ainsliaea acerifolia,Ainsliaea acerifolia
126.426639,37.055278,HUMAN_OBSERVATION,Ainsliaea acerifolia,Ainsliaea acerifolia
127.576333,37.967361,HUMAN_OBSERVATION,Ainsliaea acerifolia,Ainsliaea acerifolia
129.196047,36.9132,HUMAN_OBSERVATION,Ainsliaea acerifolia,Ainsliaea acerifolia
127.458694,37.933444,HUMAN_OBSERVATION,Ainsliaea acerifolia,Ainsliaea acerifolia
127.097117,37.659308,HUMAN_OBSERVATION,Ainsliaea acerifolia,Ainsliaea acerifolia
129.364972,35.691236,HUMAN_OBSERVATION,Ainsliaea acerifolia,Ainsliaea acerifolia
126.933,37.757331,HUMAN_OBSERVATION,Ainsliaea acerifolia,Ainsliaea acerifolia
126.956489,37.763161,HUMAN_OBSERVATION,Ainsliaea acerifolia,Ainsliaea acerifolia
127.299642,37.570731,HUMAN_OBSERVATION,Ainsliaea acerifolia,Ainsliaea acerifolia
128.196625,35.732853,HUMAN_OBSERVATION,Ainsliaea acerifolia,Ainsliaea acerifolia
126.960631,37.942217,HUMAN_OBSERVATION,Ainsliaea acerifolia,Ainsliaea acerifolia
129.329717,36.788022,HUMAN_OBSERVATION,Ainsliaea acerifolia,Ainsliaea acerifolia
129.241178,36.774808,HUMAN_OBSERVATION,Ainsliaea acerifolia,Ainsliaea acerifolia
127.609239,37.792636,HUMAN_OBSERVATION,Ainsliaea acerifolia,Ainsliaea acerifolia
128.195464,35.730828,HUMAN_OBSERVATION,Ainsliaea acerifolia,Ainsliaea acerifolia
128.822458,35.575575,HUMAN_OBSERVATION,Ainsliaea acerifolia,Ainsliaea acerifolia
128.922506,36.989594,HUMAN_OBSERVATION,Ainsliaea acerifolia,Ainsliaea acerifolia
128.732011,35.578094,HUMAN_OBSERVATION,Ainsliaea acerifolia,Ainsliaea acerifolia
126.420667,36.418556,HUMAN_OBSERVATION,Ainsliaea acerifolia,Ainsliaea acerifolia
126.483139,36.484278,HUMAN_OBSERVATION,Ainsliaea acerifolia,Ainsliaea acerifolia
127.806861,37.9865,HUMAN_OBSERVATION,Ainsliaea acerifolia,Ainsliaea acerifolia
128.525,36.825,HUMAN_OBSERVATION,Ainsliaea acerifolia,Ainsliaea acerifolia
126.970867,37.942247,HUMAN_OBSERVATION,Ainsliaea acerifolia,Ainsliaea acerifolia
126.613242,36.765003,HUMAN_OBSERVATION,Ainsliaea acerifolia,Ainsliaea acerifolia
127.032264,36.693697,HUMAN_OBSERVATION,Ainsliaea acerifolia,Ainsliaea acerifolia
128.800836,36.980017,HUMAN_OBSERVATION,Ainsliaea acerifolia,Ainsliaea acerifolia
126.610781,36.422211,HUMAN_OBSERVATION,Ainsliaea acerifolia,Ainsliaea acerifolia
127.258506,37.676003,HUMAN_OBSERVATION,Ainsliaea acerifolia,Ainsliaea acerifolia
127.742422,35.725797,HUMAN_OBSERVATION,Ainsliaea acerifolia,Ainsliaea acerifolia
126.545517,37.736197,HUMAN_OBSERVATION,Ainsliaea acerifolia,Ainsliaea acerifolia
127.170586,36.54795,HUMAN_OBSERVATION,Ainsliaea acerifolia,Ainsliaea acerifolia
129.089786,36.809058,HUMAN_OBSERVATION,Ainsliaea acerifolia,Ainsliaea acerifolia
126.93715,37.741917,HUMAN_OBSERVATION,Ainsliaea acerifolia,Ainsliaea acerifolia
127.747003,35.730317,HUMAN_OBSERVATION,Ainsliaea acerifolia,Ainsliaea acerifolia
129.065828,36.967475,HUMAN_OBSERVATION,Ainsliaea acerifolia,Ainsliaea acerifolia
128.923489,36.782789,HUMAN_OBSERVATION,Ainsliaea acerifolia,Ainsliaea acerifolia
127.493944,37.586603,HUMAN_OBSERVATION,Ainsliaea acerifolia,Ainsliaea acerifolia
138.964167,36.978333,PRESERVED_SPECIMEN,Ainsliaea acerifolia,Ainsliaea acerifolia
141.468889,38.746667,PRESERVED_SPECIMEN,Ainsliaea acerifolia,Ainsliaea acerifolia
141.54353,40.00031,PRESERVED_SPECIMEN,Ainsliaea acerifolia,Ainsliaea acerifolia
141.06914,39.60897,PRESERVED_SPECIMEN,Ainsliaea acerifolia,Ainsliaea acerifolia
138.401575,35.084558,PRESERVED_SPECIMEN,Ainsliaea acerifolia,Ainsliaea acerifolia
139.053091,35.28244,PRESERVED_SPECIMEN,Ainsliaea acerifolia,Ainsliaea acerifolia
139.1475,35.7783,PRESERVED_SPECIMEN,Ainsliaea acerifolia,Ainsliaea acerifolia
138.640579,36.907235,PRESERVED_SPECIMEN,Ainsliaea acerifolia,Ainsliaea acerifolia
126.878783,36.692761,HUMAN_OBSERVATION,Ainsliaea acerifolia,Ainsliaea acerifolia
129.102986,35.638358,HUMAN_OBSERVATION,Ainsliaea acerifolia,Ainsliaea acerifolia
129.076883,35.5028,HUMAN_OBSERVATION,Ainsliaea acerifolia,Ainsliaea acerifolia
128.082306,35.687361,HUMAN_OBSERVATION,Ainsliaea acerifolia,Ainsliaea acerifolia
127.300058,37.566139,HUMAN_OBSERVATION,Ainsliaea acerifolia,Ainsliaea acerifolia
127.410281,37.707644,HUMAN_OBSERVATION,Ainsliaea acerifolia,Ainsliaea acerifolia
127.650639,37.953944,HUMAN_OBSERVATION,Ainsliaea acerifolia,Ainsliaea acerifolia
129.397322,35.590464,HUMAN_OBSERVATION,Ainsliaea acerifolia,Ainsliaea acerifolia
128.732092,35.578581,HUMAN_OBSERVATION,Ainsliaea acerifolia,Ainsliaea acerifolia
139.20218,36.491839,PRESERVED_SPECIMEN,Ainsliaea acerifolia,Ainsliaea acerifolia
140.566111,37.701944,PRESERVED_SPECIMEN,Ainsliaea acerifolia,Ainsliaea acerifolia
129.378672,35.637389,HUMAN_OBSERVATION,Ainsliaea acerifolia,Ainsliaea acerifolia
127.493986,37.578917,HUMAN_OBSERVATION,Ainsliaea acerifolia,Ainsliaea acerifolia
129.364972,35.691236,HUMAN_OBSERVATION,Ainsliaea acerifolia,Ainsliaea acerifolia
129.258358,35.613172,HUMAN_OBSERVATION,Ainsliaea acerifolia,Ainsliaea acerifolia
126.607,36.709333,HUMAN_OBSERVATION,Ainsliaea acerifolia,Ainsliaea acerifolia
127.3042,37.571258,HUMAN_OBSERVATION,Ainsliaea acerifolia,Ainsliaea acerifolia
129.082978,36.820239,HUMAN_OBSERVATION,Ainsliaea acerifolia,Ainsliaea acerifolia
129.259372,36.954742,HUMAN_OBSERVATION,Ainsliaea acerifolia,Ainsliaea acerifolia
126.8658,37.889131,HUMAN_OBSERVATION,Ainsliaea acerifolia,Ainsliaea acerifolia
128.756606,37.696951,HUMAN_OBSERVATION,Ainsliaea acerifolia,Ainsliaea acerifolia
127.862453,36.56531,HUMAN_OBSERVATION,Ainsliaea acerifolia,Ainsliaea acerifolia
138.680833,36.081111,PRESERVED_SPECIMEN,Ainsliaea acerifolia,Ainsliaea acerifolia
128.365167,37.888806,HUMAN_OBSERVATION,Ainsliaea acerifolia,Ainsliaea acerifolia
140.37106,37.53436,PRESERVED_SPECIMEN,Ainsliaea acerifolia,Ainsliaea acerifolia
141.91875,39.970833,PRESERVED_SPECIMEN,Ainsliaea acerifolia,Ainsliaea acerifolia
141.7901587,39.9903504,PRESERVED_SPECIMEN,Ainsliaea acerifolia,Ainsliaea acerifolia
134.44375,35.4875,PRESERVED_SPECIMEN,Ainsliaea acerifolia,Ainsliaea acerifolia
128.410389,38.100528,PRESERVED_SPECIMEN,Ainsliaea acerifolia,Ainsliaea acerifolia
138.1199,36.53386,PRESERVED_SPECIMEN,Ainsliaea acerifolia,Ainsliaea acerifolia
134.462,35.5021,PRESERVED_SPECIMEN,Ainsliaea acerifolia,Ainsliaea acerifolia
141.91875,39.970833,PRESERVED_SPECIMEN,Ainsliaea acerifolia,Ainsliaea acerifolia
141.2277548,39.0654418,PRESERVED_SPECIMEN,Ainsliaea acerifolia,Ainsliaea acerifolia
126.765894,35.464083,HUMAN_OBSERVATION,Ainsliaea acerifolia,Ainsliaea acerifolia
127.148056,35.720833,HUMAN_OBSERVATION,Ainsliaea acerifolia,Ainsliaea acerifolia
127.371944,35.690278,HUMAN_OBSERVATION,Ainsliaea acerifolia,Ainsliaea acerifolia
141.7901587,39.9903504,PRESERVED_SPECIMEN,Ainsliaea acerifolia,Ainsliaea acerifolia
127.298589,35.445289,HUMAN_OBSERVATION,Ainsliaea acerifolia,Ainsliaea acerifolia
127.603444,35.112194,HUMAN_OBSERVATION,Ainsliaea acerifolia,Ainsliaea acerifolia
127.547306,35.099833,HUMAN_OBSERVATION,Ainsliaea acerifolia,Ainsliaea acerifolia
127.649667,35.102222,HUMAN_OBSERVATION,Ainsliaea acerifolia,Ainsliaea acerifolia
127.574639,35.105583,HUMAN_OBSERVATION,Ainsliaea acerifolia,Ainsliaea acerifolia
127.574222,35.100833,HUMAN_OBSERVATION,Ainsliaea acerifolia,Ainsliaea acerifolia
127.520278,38.001111,LIVING_SPECIMEN,Ainsliaea acerifolia,Ainsliaea acerifolia
129.216111,37.121111,HUMAN_OBSERVATION,Ainsliaea acerifolia,Ainsliaea acerifolia
129.218167,37.07725,HUMAN_OBSERVATION,Ainsliaea acerifolia,Ainsliaea acerifolia
127.744933,35.862186,HUMAN_OBSERVATION,Ainsliaea acerifolia,Ainsliaea acerifolia
127.684508,35.810375,HUMAN_OBSERVATION,Ainsliaea acerifolia,Ainsliaea acerifolia
127.747353,35.855975,HUMAN_OBSERVATION,Ainsliaea acerifolia,Ainsliaea acerifolia
128.481389,36.950278,HUMAN_OBSERVATION,Ainsliaea acerifolia,Ainsliaea acerifolia
127.993333,36.233611,HUMAN_OBSERVATION,Ainsliaea acerifolia,Ainsliaea acerifolia
128.112778,36.135833,HUMAN_OBSERVATION,Ainsliaea acerifolia,Ainsliaea acerifolia
128.536389,36.923056,HUMAN_OBSERVATION,Ainsliaea acerifolia,Ainsliaea acerifolia
128.032778,36.174722,HUMAN_OBSERVATION,Ainsliaea acerifolia,Ainsliaea acerifolia
128.0975,36.118889,HUMAN_OBSERVATION,Ainsliaea acerifolia,Ainsliaea acerifolia
128.597778,37.158611,HUMAN_OBSERVATION,Ainsliaea acerifolia,Ainsliaea acerifolia
127.985556,36.119722,HUMAN_OBSERVATION,Ainsliaea acerifolia,Ainsliaea acerifolia
128.086944,36.189722,HUMAN_OBSERVATION,Ainsliaea acerifolia,Ainsliaea acerifolia
129.210556,37.091944,HUMAN_OBSERVATION,Ainsliaea acerifolia,Ainsliaea acerifolia
128.543056,36.926944,HUMAN_OBSERVATION,Ainsliaea acerifolia,Ainsliaea acerifolia
128.044167,36.1775,HUMAN_OBSERVATION,Ainsliaea acerifolia,Ainsliaea acerifolia
128.1275,36.203889,HUMAN_OBSERVATION,Ainsliaea acerifolia,Ainsliaea acerifolia
128.613056,37.980833,HUMAN_OBSERVATION,Ainsliaea acerifolia,Ainsliaea acerifolia
128.069167,36.058056,HUMAN_OBSERVATION,Ainsliaea acerifolia,Ainsliaea acerifolia
128.009444,36.156389,HUMAN_OBSERVATION,Ainsliaea acerifolia,Ainsliaea acerifolia
129.021939,35.818806,HUMAN_OBSERVATION,Ainsliaea acerifolia,Ainsliaea acerifolia
126.366083,34.573667,HUMAN_OBSERVATION,Ainsliaea acerifolia,Ainsliaea acerifolia
128.925831,35.794744,HUMAN_OBSERVATION,Ainsliaea acerifolia,Ainsliaea acerifolia
126.323044,34.474117,HUMAN_OBSERVATION,Ainsliaea acerifolia,Ainsliaea acerifolia
128.212261,37.024364,HUMAN_OBSERVATION,Ainsliaea acerifolia,Ainsliaea acerifolia
126.567008,34.346111,HUMAN_OBSERVATION,Ainsliaea acerifolia,Ainsliaea acerifolia
126.699525,34.511222,HUMAN_OBSERVATION,Ainsliaea acerifolia,Ainsliaea acerifolia
128.926444,37.150111,HUMAN_OBSERVATION,Ainsliaea acerifolia,Ainsliaea acerifolia
127.2725,35.790833,HUMAN_OBSERVATION,Ainsliaea acerifolia,Ainsliaea acerifolia
129.362161,35.928439,HUMAN_OBSERVATION,Ainsliaea acerifolia,Ainsliaea acerifolia
127.352778,35.914444,HUMAN_OBSERVATION,Ainsliaea acerifolia,Ainsliaea acerifolia
126.688894,34.350686,HUMAN_OBSERVATION,Ainsliaea acerifolia,Ainsliaea acerifolia
128.784192,35.934675,HUMAN_OBSERVATION,Ainsliaea acerifolia,Ainsliaea acerifolia
129.416383,35.906294,HUMAN_OBSERVATION,Ainsliaea acerifolia,Ainsliaea acerifolia
126.688894,34.350686,HUMAN_OBSERVATION,Ainsliaea acerifolia,Ainsliaea acerifolia
140.18037,36.38536,PRESERVED_SPECIMEN,Ainsliaea acerifolia,Ainsliaea acerifolia
127.358611,35.906944,HUMAN_OBSERVATION,Ainsliaea acerifolia,Ainsliaea acerifolia
128.140325,37.226689,HUMAN_OBSERVATION,Ainsliaea acerifolia,Ainsliaea acerifolia
126.628133,34.473697,HUMAN_OBSERVATION,Ainsliaea acerifolia,Ainsliaea acerifolia
127.946347,37.202647,HUMAN_OBSERVATION,Ainsliaea acerifolia,Ainsliaea acerifolia
129.146219,35.775692,HUMAN_OBSERVATION,Ainsliaea acerifolia,Ainsliaea acerifolia
128.730167,37.198361,HUMAN_OBSERVATION,Ainsliaea acerifolia,Ainsliaea acerifolia
129.174825,37.202583,HUMAN_OBSERVATION,Ainsliaea acerifolia,Ainsliaea acerifolia
128.543611,37.169639,HUMAN_OBSERVATION,Ainsliaea acerifolia,Ainsliaea acerifolia
128.576861,37.08775,HUMAN_OBSERVATION,Ainsliaea acerifolia,Ainsliaea acerifolia
126.672767,34.357503,HUMAN_OBSERVATION,Ainsliaea acerifolia,Ainsliaea acerifolia
128.839194,37.011778,HUMAN_OBSERVATION,Ainsliaea acerifolia,Ainsliaea acerifolia
127.418389,35.918861,HUMAN_OBSERVATION,Ainsliaea acerifolia,Ainsliaea acerifolia
128.255575,35.885756,HUMAN_OBSERVATION,Ainsliaea acerifolia,Ainsliaea acerifolia
129.345261,35.936794,HUMAN_OBSERVATION,Ainsliaea acerifolia,Ainsliaea acerifolia
128.466861,35.990233,HUMAN_OBSERVATION,Ainsliaea acerifolia,Ainsliaea acerifolia
129.110431,37.092994,HUMAN_OBSERVATION,Ainsliaea acerifolia,Ainsliaea acerifolia
137.578569,35.187137,PRESERVED_SPECIMEN,Ainsliaea acerifolia,Ainsliaea acerifolia
139.140576,35.490749,PRESERVED_SPECIMEN,Ainsliaea acerifolia,Ainsliaea acerifolia
128.090861,35.906078,HUMAN_OBSERVATION,Ainsliaea acerifolia,Ainsliaea acerifolia
127.413453,35.760303,HUMAN_OBSERVATION,Ainsliaea acerifolia,Ainsliaea acerifolia
128.090861,35.906078,HUMAN_OBSERVATION,Ainsliaea acerifolia,Ainsliaea acerifolia
129.409819,35.904406,HUMAN_OBSERVATION,Ainsliaea acerifolia,Ainsliaea acerifolia
129.095022,35.899094,HUMAN_OBSERVATION,Ainsliaea acerifolia,Ainsliaea acerifolia
128.426,37.030472,HUMAN_OBSERVATION,Ainsliaea acerifolia,Ainsliaea acerifolia
128.426,37.030472,HUMAN_OBSERVATION,Ainsliaea acerifolia,Ainsliaea acerifolia
126.600083,34.679086,HUMAN_OBSERVATION,Ainsliaea acerifolia,Ainsliaea acerifolia
128.090861,35.906078,HUMAN_OBSERVATION,Ainsliaea acerifolia,Ainsliaea acerifolia
127.841233,35.806086,HUMAN_OBSERVATION,Ainsliaea acerifolia,Ainsliaea acerifolia
129.149292,35.775969,HUMAN_OBSERVATION,Ainsliaea acerifolia,Ainsliaea acerifolia
128.427583,37.036389,HUMAN_OBSERVATION,Ainsliaea acerifolia,Ainsliaea acerifolia
128.241656,37.022997,HUMAN_OBSERVATION,Ainsliaea acerifolia,Ainsliaea acerifolia
128.978561,37.020492,HUMAN_OBSERVATION,Ainsliaea acerifolia,Ainsliaea acerifolia
127.977028,35.878389,HUMAN_OBSERVATION,Ainsliaea acerifolia,Ainsliaea acerifolia
129.146219,35.775692,HUMAN_OBSERVATION,Ainsliaea acerifolia,Ainsliaea acerifolia
129.102736,37.203733,HUMAN_OBSERVATION,Ainsliaea acerifolia,Ainsliaea acerifolia
128.427583,37.036389,HUMAN_OBSERVATION,Ainsliaea acerifolia,Ainsliaea acerifolia
127.844619,35.927133,HUMAN_OBSERVATION,Ainsliaea acerifolia,Ainsliaea acerifolia
128.794167,37.208528,HUMAN_OBSERVATION,Ainsliaea acerifolia,Ainsliaea acerifolia
141.9,39.39,PRESERVED_SPECIMEN,Ainsliaea acerifolia,Ainsliaea acerifolia
141.91,39.39,PRESERVED_SPECIMEN,Ainsliaea acerifolia,Ainsliaea acerifolia
141.91,39.39,PRESERVED_SPECIMEN,Ainsliaea acerifolia,Ainsliaea acerifolia
138.56607,36.19025,PRESERVED_SPECIMEN,Ainsliaea acerifolia,Ainsliaea acerifolia
138.47684,36.24879,PRESERVED_SPECIMEN,Ainsliaea acerifolia,Ainsliaea acerifolia
139.17067,35.61962,PRESERVED_SPECIMEN,Ainsliaea acerifolia,Ainsliaea acerifolia
138.36549,36.85175,PRESERVED_SPECIMEN,Ainsliaea acerifolia,Ainsliaea acerifolia
127.081713,36.723747,HUMAN_OBSERVATION,Ainsliaea acerifolia,Ainsliaea acerifolia
128.885139,37.59325,HUMAN_OBSERVATION,Ainsliaea acerifolia,Ainsliaea acerifolia
128.734111,37.746028,HUMAN_OBSERVATION,Ainsliaea acerifolia,Ainsliaea acerifolia
128.726528,37.74925,HUMAN_OBSERVATION,Ainsliaea acerifolia,Ainsliaea acerifolia
128.889778,37.589556,HUMAN_OBSERVATION,Ainsliaea acerifolia,Ainsliaea acerifolia
128.716139,37.758972,HUMAN_OBSERVATION,Ainsliaea acerifolia,Ainsliaea acerifolia
128.889444,37.7025,HUMAN_OBSERVATION,Ainsliaea acerifolia,Ainsliaea acerifolia
128.892222,37.7025,HUMAN_OBSERVATION,Ainsliaea acerifolia,Ainsliaea acerifolia
128.637778,36.964167,HUMAN_OBSERVATION,Ainsliaea acerifolia,Ainsliaea acerifolia
128.924444,37.271667,HUMAN_OBSERVATION,Ainsliaea acerifolia,Ainsliaea acerifolia
128.484197,36.069372,HUMAN_OBSERVATION,Ainsliaea acerifolia,Ainsliaea acerifolia
127.270683,34.534469,HUMAN_OBSERVATION,Ainsliaea acerifolia,Ainsliaea acerifolia
129.263308,36.229236,HUMAN_OBSERVATION,Ainsliaea acerifolia,Ainsliaea acerifolia
129.160264,36.238383,HUMAN_OBSERVATION,Ainsliaea acerifolia,Ainsliaea acerifolia
128.291939,36.100375,HUMAN_OBSERVATION,Ainsliaea acerifolia,Ainsliaea acerifolia
129.152736,36.027283,HUMAN_OBSERVATION,Ainsliaea acerifolia,Ainsliaea acerifolia
139.177778,36.485556,PRESERVED_SPECIMEN,Ainsliaea acerifolia,Ainsliaea acerifolia
128.982431,36.153339,HUMAN_OBSERVATION,Ainsliaea acerifolia,Ainsliaea acerifolia
137.8302867,35.4199387,PRESERVED_SPECIMEN,Ainsliaea acerifolia,Ainsliaea acerifolia
140.213889,37.116389,PRESERVED_SPECIMEN,Ainsliaea acerifolia,Ainsliaea acerifolia
127.27225,37.205778,HUMAN_OBSERVATION,Ainsliaea acerifolia,Ainsliaea acerifolia
139.79,37,HUMAN_OBSERVATION,Ainsliaea acerifolia,Ainsliaea acerifolia
139.79,37,HUMAN_OBSERVATION,Ainsliaea acerifolia,Ainsliaea acerifolia
139.79,37.01,HUMAN_OBSERVATION,Ainsliaea acerifolia,Ainsliaea acerifolia
139.8,36.99,HUMAN_OBSERVATION,Ainsliaea acerifolia,Ainsliaea acerifolia
139.79,37.01,HUMAN_OBSERVATION,Ainsliaea acerifolia,Ainsliaea acerifolia
139.79,37,HUMAN_OBSERVATION,Ainsliaea acerifolia,Ainsliaea acerifolia
139.79,37.01,HUMAN_OBSERVATION,Ainsliaea acerifolia,Ainsliaea acerifolia
139.81,37,HUMAN_OBSERVATION,Ainsliaea acerifolia,Ainsliaea acerifolia
139.78,37.01,HUMAN_OBSERVATION,Ainsliaea acerifolia,Ainsliaea acerifolia
139.69,37,HUMAN_OBSERVATION,Ainsliaea acerifolia,Ainsliaea acerifolia
139.69,37.01,HUMAN_OBSERVATION,Ainsliaea acerifolia,Ainsliaea acerifolia
139.68,37.01,HUMAN_OBSERVATION,Ainsliaea acerifolia,Ainsliaea acerifolia
139.72,37.02,HUMAN_OBSERVATION,Ainsliaea acerifolia,Ainsliaea acerifolia
139.73,37.02,HUMAN_OBSERVATION,Ainsliaea acerifolia,Ainsliaea acerifolia
139.68,37.01,HUMAN_OBSERVATION,Ainsliaea acerifolia,Ainsliaea acerifolia
133.05,35.04,HUMAN_OBSERVATION,Ainsliaea acerifolia,Ainsliaea acerifolia
127.555886,37.157089,HUMAN_OBSERVATION,Ainsliaea acerifolia,Ainsliaea acerifolia
127.857719,36.051114,HUMAN_OBSERVATION,Ainsliaea acerifolia,Ainsliaea acerifolia
127.866406,36.054764,HUMAN_OBSERVATION,Ainsliaea acerifolia,Ainsliaea acerifolia
127.4525,37.148847,HUMAN_OBSERVATION,Ainsliaea acerifolia,Ainsliaea acerifolia
129.2879,36.075428,HUMAN_OBSERVATION,Ainsliaea acerifolia,Ainsliaea acerifolia
128.845458,37.413167,HUMAN_OBSERVATION,Ainsliaea acerifolia,Ainsliaea acerifolia
128.882303,37.480594,HUMAN_OBSERVATION,Ainsliaea acerifolia,Ainsliaea acerifolia
128.84575,37.254536,HUMAN_OBSERVATION,Ainsliaea acerifolia,Ainsliaea acerifolia
139.13902,35.65054,PRESERVED_SPECIMEN,Ainsliaea acerifolia,Ainsliaea acerifolia
139.53,36.93,HUMAN_OBSERVATION,Ainsliaea acerifolia,Ainsliaea acerifolia
139.52,36.95,HUMAN_OBSERVATION,Ainsliaea acerifolia,Ainsliaea acerifolia
139.52,36.96,HUMAN_OBSERVATION,Ainsliaea acerifolia,Ainsliaea acerifolia
139.64,36.99,HUMAN_OBSERVATION,Ainsliaea acerifolia,Ainsliaea acerifolia
139.73,37.1,HUMAN_OBSERVATION,Ainsliaea acerifolia,Ainsliaea acerifolia
139.75,37.07,HUMAN_OBSERVATION,Ainsliaea acerifolia,Ainsliaea acerifolia
139.73,37.03,HUMAN_OBSERVATION,Ainsliaea acerifolia,Ainsliaea acerifolia
138.85,35.67,HUMAN_OBSERVATION,Ainsliaea acerifolia,Ainsliaea acerifolia
133.22,34.86,HUMAN_OBSERVATION,Ainsliaea acerifolia,Ainsliaea acerifolia
133.18,34.89,HUMAN_OBSERVATION,Ainsliaea acerifolia,Ainsliaea acerifolia
139.61,37.01,HUMAN_OBSERVATION,Ainsliaea acerifolia,Ainsliaea acerifolia
138.94,36.75,HUMAN_OBSERVATION,Ainsliaea acerifolia,Ainsliaea acerifolia
138.94,36.76,HUMAN_OBSERVATION,Ainsliaea acerifolia,Ainsliaea acerifolia
139.08,36.73,HUMAN_OBSERVATION,Ainsliaea acerifolia,Ainsliaea acerifolia
139.08,36.74,HUMAN_OBSERVATION,Ainsliaea acerifolia,Ainsliaea acerifolia
139.43,36.88,HUMAN_OBSERVATION,Ainsliaea acerifolia,Ainsliaea acerifolia
139.02,36.72,HUMAN_OBSERVATION,Ainsliaea acerifolia,Ainsliaea acerifolia
138.86,35.62,HUMAN_OBSERVATION,Ainsliaea acerifolia,Ainsliaea acerifolia
138.86,35.63,HUMAN_OBSERVATION,Ainsliaea acerifolia,Ainsliaea acerifolia
139.07,36.74,HUMAN_OBSERVATION,Ainsliaea acerifolia,Ainsliaea acerifolia
139.02,36.72,HUMAN_OBSERVATION,Ainsliaea acerifolia,Ainsliaea acerifolia
138.85,35.63,HUMAN_OBSERVATION,Ainsliaea acerifolia,Ainsliaea acerifolia
139.06,36.82,HUMAN_OBSERVATION,Ainsliaea acerifolia,Ainsliaea acerifolia
139.55,36.91,HUMAN_OBSERVATION,Ainsliaea acerifolia,Ainsliaea acerifolia
138.93,36.59,HUMAN_OBSERVATION,Ainsliaea acerifolia,Ainsliaea acerifolia
139,36.58,HUMAN_OBSERVATION,Ainsliaea acerifolia,Ainsliaea acerifolia
138.86,35.63,HUMAN_OBSERVATION,Ainsliaea acerifolia,Ainsliaea acerifolia
139.09,36.56,HUMAN_OBSERVATION,Ainsliaea acerifolia,Ainsliaea acerifolia
139.75,37.07,HUMAN_OBSERVATION,Ainsliaea acerifolia,Ainsliaea acerifolia
139.66,36.99,HUMAN_OBSERVATION,Ainsliaea acerifolia,Ainsliaea acerifolia
128.576169,36.034133,HUMAN_OBSERVATION,Ainsliaea acerifolia,Ainsliaea acerifolia
127.56445,37.062572,HUMAN_OBSERVATION,Ainsliaea acerifolia,Ainsliaea acerifolia
127.411931,37.023597,HUMAN_OBSERVATION,Ainsliaea acerifolia,Ainsliaea acerifolia
126.871731,34.585528,HUMAN_OBSERVATION,Ainsliaea acerifolia,Ainsliaea acerifolia
127.274472,37.218778,HUMAN_OBSERVATION,Ainsliaea acerifolia,Ainsliaea acerifolia
128.635861,37.484778,HUMAN_OBSERVATION,Ainsliaea acerifolia,Ainsliaea acerifolia
127.919147,36.098383,HUMAN_OBSERVATION,Ainsliaea acerifolia,Ainsliaea acerifolia
127.274472,37.218778,HUMAN_OBSERVATION,Ainsliaea acerifolia,Ainsliaea acerifolia
129.010333,37.391111,HUMAN_OBSERVATION,Ainsliaea acerifolia,Ainsliaea acerifolia
127.844875,36.046647,HUMAN_OBSERVATION,Ainsliaea acerifolia,Ainsliaea acerifolia
128.056139,36.080606,HUMAN_OBSERVATION,Ainsliaea acerifolia,Ainsliaea acerifolia
128.301147,36.106497,HUMAN_OBSERVATION,Ainsliaea acerifolia,Ainsliaea acerifolia
128.492069,36.066864,HUMAN_OBSERVATION,Ainsliaea acerifolia,Ainsliaea acerifolia
128.691642,36.008722,HUMAN_OBSERVATION,Ainsliaea acerifolia,Ainsliaea acerifolia
137.58124,35.25306,PRESERVED_SPECIMEN,Ainsliaea acerifolia,Ainsliaea acerifolia
137.97842,36.50428,PRESERVED_SPECIMEN,Ainsliaea acerifolia,Ainsliaea acerifolia
140.218889,37.115278000000004,PRESERVED_SPECIMEN,Ainsliaea acerifolia,Ainsliaea acerifolia
138.95,35.9,HUMAN_OBSERVATION,Ainsliaea acerifolia,Ainsliaea acerifolia
138.95,35.89,HUMAN_OBSERVATION,Ainsliaea acerifolia,Ainsliaea acerifolia
138.95,35.87,HUMAN_OBSERVATION,Ainsliaea acerifolia,Ainsliaea acerifolia
138.91,35.85,HUMAN_OBSERVATION,Ainsliaea acerifolia,Ainsliaea acerifolia
138.91,35.8,HUMAN_OBSERVATION,Ainsliaea acerifolia,Ainsliaea acerifolia
138.91,35.8,HUMAN_OBSERVATION,Ainsliaea acerifolia,Ainsliaea acerifolia
138.91,35.81,HUMAN_OBSERVATION,Ainsliaea acerifolia,Ainsliaea acerifolia
139.25,36.68,HUMAN_OBSERVATION,Ainsliaea acerifolia,Ainsliaea acerifolia
139.2,35.96,HUMAN_OBSERVATION,Ainsliaea acerifolia,Ainsliaea acerifolia
139.2,35.97,HUMAN_OBSERVATION,Ainsliaea acerifolia,Ainsliaea acerifolia
139.25,35.93,HUMAN_OBSERVATION,Ainsliaea acerifolia,Ainsliaea acerifolia
139.18,36,HUMAN_OBSERVATION,Ainsliaea acerifolia,Ainsliaea acerifolia
139.42,36.54,HUMAN_OBSERVATION,Ainsliaea acerifolia,Ainsliaea acerifolia
139,35.94,HUMAN_OBSERVATION,Ainsliaea acerifolia,Ainsliaea acerifolia
139,35.94,HUMAN_OBSERVATION,Ainsliaea acerifolia,Ainsliaea acerifolia
138.93,35.93,HUMAN_OBSERVATION,Ainsliaea acerifolia,Ainsliaea acerifolia
138.97,35.98,HUMAN_OBSERVATION,Ainsliaea acerifolia,Ainsliaea acerifolia
139.04,37.06,HUMAN_OBSERVATION,Ainsliaea acerifolia,Ainsliaea acerifolia
138.96,36.76,HUMAN_OBSERVATION,Ainsliaea acerifolia,Ainsliaea acerifolia
138.88,36,HUMAN_OBSERVATION,Ainsliaea acerifolia,Ainsliaea acerifolia
139.42,36.54,HUMAN_OBSERVATION,Ainsliaea acerifolia,Ainsliaea acerifolia
139.01,37.08,HUMAN_OBSERVATION,Ainsliaea acerifolia,Ainsliaea acerifolia
138.77,35.67,HUMAN_OBSERVATION,Ainsliaea acerifolia,Ainsliaea acerifolia
138.79,35.68,HUMAN_OBSERVATION,Ainsliaea acerifolia,Ainsliaea acerifolia
139.19,36.01,HUMAN_OBSERVATION,Ainsliaea acerifolia,Ainsliaea acerifolia
138.83,35.73,HUMAN_OBSERVATION,Ainsliaea acerifolia,Ainsliaea acerifolia
138.76,35.75,HUMAN_OBSERVATION,Ainsliaea acerifolia,Ainsliaea acerifolia
138.82,35.74,HUMAN_OBSERVATION,Ainsliaea acerifolia,Ainsliaea acerifolia
139.15,36.09,HUMAN_OBSERVATION,Ainsliaea acerifolia,Ainsliaea acerifolia
139.15,36.09,HUMAN_OBSERVATION,Ainsliaea acerifolia,Ainsliaea acerifolia
138.82,35.7,HUMAN_OBSERVATION,Ainsliaea acerifolia,Ainsliaea acerifolia
139.15,36.09,HUMAN_OBSERVATION,Ainsliaea acerifolia,Ainsliaea acerifolia
138.84,35.73,HUMAN_OBSERVATION,Ainsliaea acerifolia,Ainsliaea acerifolia
139.2,36.02,HUMAN_OBSERVATION,Ainsliaea acerifolia,Ainsliaea acerifolia
139.19,36.02,HUMAN_OBSERVATION,Ainsliaea acerifolia,Ainsliaea acerifolia
138.83,35.77,HUMAN_OBSERVATION,Ainsliaea acerifolia,Ainsliaea acerifolia
138.82,35.72,HUMAN_OBSERVATION,Ainsliaea acerifolia,Ainsliaea acerifolia
138.8,35.68,HUMAN_OBSERVATION,Ainsliaea acerifolia,Ainsliaea acerifolia
139.01,36.1,HUMAN_OBSERVATION,Ainsliaea acerifolia,Ainsliaea acerifolia
138.92,35.77,HUMAN_OBSERVATION,Ainsliaea acerifolia,Ainsliaea acerifolia
138.9,35.75,HUMAN_OBSERVATION,Ainsliaea acerifolia,Ainsliaea acerifolia
138.92,35.75,HUMAN_OBSERVATION,Ainsliaea acerifolia,Ainsliaea acerifolia
138.91,35.74,HUMAN_OBSERVATION,Ainsliaea acerifolia,Ainsliaea acerifolia
138.95,35.73,HUMAN_OBSERVATION,Ainsliaea acerifolia,Ainsliaea acerifolia
138.9,35.74,HUMAN_OBSERVATION,Ainsliaea acerifolia,Ainsliaea acerifolia
139.36,36.52,HUMAN_OBSERVATION,Ainsliaea acerifolia,Ainsliaea acerifolia
139.35,36.56,HUMAN_OBSERVATION,Ainsliaea acerifolia,Ainsliaea acerifolia
139.37,36.53,HUMAN_OBSERVATION,Ainsliaea acerifolia,Ainsliaea acerifolia
139.13,36.13,HUMAN_OBSERVATION,Ainsliaea acerifolia,Ainsliaea acerifolia
139.15,36.08,HUMAN_OBSERVATION,Ainsliaea acerifolia,Ainsliaea acerifolia
139.39,36.54,HUMAN_OBSERVATION,Ainsliaea acerifolia,Ainsliaea acerifolia
139.44,36.54,HUMAN_OBSERVATION,Ainsliaea acerifolia,Ainsliaea acerifolia
139.38,36.54,HUMAN_OBSERVATION,Ainsliaea acerifolia,Ainsliaea acerifolia
139.26,36.79,HUMAN_OBSERVATION,Ainsliaea acerifolia,Ainsliaea acerifolia
139.44,36.55,HUMAN_OBSERVATION,Ainsliaea acerifolia,Ainsliaea acerifolia
139.4,36.55,HUMAN_OBSERVATION,Ainsliaea acerifolia,Ainsliaea acerifolia
138.83,35.75,HUMAN_OBSERVATION,Ainsliaea acerifolia,Ainsliaea acerifolia
128.974914,37.275792,HUMAN_OBSERVATION,Ainsliaea acerifolia,Ainsliaea acerifolia
128.679889,37.367306,HUMAN_OBSERVATION,Ainsliaea acerifolia,Ainsliaea acerifolia
127.847353,36.059033,HUMAN_OBSERVATION,Ainsliaea acerifolia,Ainsliaea acerifolia
127.277528,37.195056,HUMAN_OBSERVATION,Ainsliaea acerifolia,Ainsliaea acerifolia
127.185169,34.4575,HUMAN_OBSERVATION,Ainsliaea acerifolia,Ainsliaea acerifolia
127.193833,37.219139,HUMAN_OBSERVATION,Ainsliaea acerifolia,Ainsliaea acerifolia
128.520083,37.410778,HUMAN_OBSERVATION,Ainsliaea acerifolia,Ainsliaea acerifolia
139.11,36.13,HUMAN_OBSERVATION,Ainsliaea acerifolia,Ainsliaea acerifolia
139.05,36.11,HUMAN_OBSERVATION,Ainsliaea acerifolia,Ainsliaea acerifolia
133.29,35,HUMAN_OBSERVATION,Ainsliaea acerifolia,Ainsliaea acerifolia
139.07,35.66,HUMAN_OBSERVATION,Ainsliaea acerifolia,Ainsliaea acerifolia
139.03,35.66,HUMAN_OBSERVATION,Ainsliaea acerifolia,Ainsliaea acerifolia
139.03,35.66,HUMAN_OBSERVATION,Ainsliaea acerifolia,Ainsliaea acerifolia
139.05,35.65,HUMAN_OBSERVATION,Ainsliaea acerifolia,Ainsliaea acerifolia
139.01,35.74,HUMAN_OBSERVATION,Ainsliaea acerifolia,Ainsliaea acerifolia
139,35.75,HUMAN_OBSERVATION,Ainsliaea acerifolia,Ainsliaea acerifolia
139,35.75,HUMAN_OBSERVATION,Ainsliaea acerifolia,Ainsliaea acerifolia
139.13,35.67,HUMAN_OBSERVATION,Ainsliaea acerifolia,Ainsliaea acerifolia
139.13,35.67,HUMAN_OBSERVATION,Ainsliaea acerifolia,Ainsliaea acerifolia
139.01,35.74,HUMAN_OBSERVATION,Ainsliaea acerifolia,Ainsliaea acerifolia
139.16,35.86,HUMAN_OBSERVATION,Ainsliaea acerifolia,Ainsliaea acerifolia
133.35,35.01,HUMAN_OBSERVATION,Ainsliaea acerifolia,Ainsliaea acerifolia
133.32,35.01,HUMAN_OBSERVATION,Ainsliaea acerifolia,Ainsliaea acerifolia
139.17,35.85,HUMAN_OBSERVATION,Ainsliaea acerifolia,Ainsliaea acerifolia
138.74,35.61,HUMAN_OBSERVATION,Ainsliaea acerifolia,Ainsliaea acerifolia
138.73,35.61,HUMAN_OBSERVATION,Ainsliaea acerifolia,Ainsliaea acerifolia
138.6,35.51,HUMAN_OBSERVATION,Ainsliaea acerifolia,Ainsliaea acerifolia
138.88,35.66,HUMAN_OBSERVATION,Ainsliaea acerifolia,Ainsliaea acerifolia
138.92,35.64,HUMAN_OBSERVATION,Ainsliaea acerifolia,Ainsliaea acerifolia
127.26,38.66,PRESERVED_SPECIMEN,Ainsliaea acerifolia,Ainsliaea acerifolia
128.55,37.09,PRESERVED_SPECIMEN,Ainsliaea acerifolia,Ainsliaea acerifolia
128.63,37.48,PRESERVED_SPECIMEN,Ainsliaea acerifolia,Ainsliaea acerifolia
129.283972,36.704972,HUMAN_OBSERVATION,Ainsliaea acerifolia,Ainsliaea acerifolia
129.002417,37.418583,HUMAN_OBSERVATION,Ainsliaea acerifolia,Ainsliaea acerifolia
129.290917,36.715833,HUMAN_OBSERVATION,Ainsliaea acerifolia,Ainsliaea acerifolia
128.935306,37.464444,HUMAN_OBSERVATION,Ainsliaea acerifolia,Ainsliaea acerifolia
129.162833,37.035583,HUMAN_OBSERVATION,Ainsliaea acerifolia,Ainsliaea acerifolia
128.996,37.44425,HUMAN_OBSERVATION,Ainsliaea acerifolia,Ainsliaea acerifolia
128.958944,37.442972,HUMAN_OBSERVATION,Ainsliaea acerifolia,Ainsliaea acerifolia
129.011833,37.391528,HUMAN_OBSERVATION,Ainsliaea acerifolia,Ainsliaea acerifolia
128.827422,36.342531,HUMAN_OBSERVATION,Ainsliaea acerifolia,Ainsliaea acerifolia
127.614736,36.114719,HUMAN_OBSERVATION,Ainsliaea acerifolia,Ainsliaea acerifolia
127.383444,34.765697,HUMAN_OBSERVATION,Ainsliaea acerifolia,Ainsliaea acerifolia
127.505764,34.973244,HUMAN_OBSERVATION,Ainsliaea acerifolia,Ainsliaea acerifolia
127.574942,37.455525,HUMAN_OBSERVATION,Ainsliaea acerifolia,Ainsliaea acerifolia
127.574942,37.455525,HUMAN_OBSERVATION,Ainsliaea acerifolia,Ainsliaea acerifolia
127.574942,37.455525,HUMAN_OBSERVATION,Ainsliaea acerifolia,Ainsliaea acerifolia
127.900281,34.735219,HUMAN_OBSERVATION,Ainsliaea acerifolia,Ainsliaea acerifolia
128.629472,34.785222,HUMAN_OBSERVATION,Ainsliaea acerifolia,Ainsliaea acerifolia
129.175308,36.339033,HUMAN_OBSERVATION,Ainsliaea acerifolia,Ainsliaea acerifolia
128.611478,34.784408,HUMAN_OBSERVATION,Ainsliaea acerifolia,Ainsliaea acerifolia
128.855194,37.675472,HUMAN_OBSERVATION,Ainsliaea acerifolia,Ainsliaea acerifolia
127.592314,36.221561,HUMAN_OBSERVATION,Ainsliaea acerifolia,Ainsliaea acerifolia
128.240511,35.018208,HUMAN_OBSERVATION,Ainsliaea acerifolia,Ainsliaea acerifolia
127.712642,34.835378,HUMAN_OBSERVATION,Ainsliaea acerifolia,Ainsliaea acerifolia
128.895219,37.679167,HUMAN_OBSERVATION,Ainsliaea acerifolia,Ainsliaea acerifolia
128.895219,37.679167,HUMAN_OBSERVATION,Ainsliaea acerifolia,Ainsliaea acerifolia
128.671753,37.613433,HUMAN_OBSERVATION,Ainsliaea acerifolia,Ainsliaea acerifolia
127.439339,37.432714,HUMAN_OBSERVATION,Ainsliaea acerifolia,Ainsliaea acerifolia
127.839469,37.446536,HUMAN_OBSERVATION,Ainsliaea acerifolia,Ainsliaea acerifolia
127.599294,36.206875,HUMAN_OBSERVATION,Ainsliaea acerifolia,Ainsliaea acerifolia
128.271122,37.390375,HUMAN_OBSERVATION,Ainsliaea acerifolia,Ainsliaea acerifolia
128.644653,37.689217,HUMAN_OBSERVATION,Ainsliaea acerifolia,Ainsliaea acerifolia
127.8626,34.863583,HUMAN_OBSERVATION,Ainsliaea acerifolia,Ainsliaea acerifolia
127.457486,36.082111,HUMAN_OBSERVATION,Ainsliaea acerifolia,Ainsliaea acerifolia
128.60725,37.649797,HUMAN_OBSERVATION,Ainsliaea acerifolia,Ainsliaea acerifolia
127.202594,37.461017,HUMAN_OBSERVATION,Ainsliaea acerifolia,Ainsliaea acerifolia
128.977439,37.599219,HUMAN_OBSERVATION,Ainsliaea acerifolia,Ainsliaea acerifolia
127.940578,37.2642,HUMAN_OBSERVATION,Ainsliaea acerifolia,Ainsliaea acerifolia
128.977439,37.599219,HUMAN_OBSERVATION,Ainsliaea acerifolia,Ainsliaea acerifolia
129.016669,37.6439,HUMAN_OBSERVATION,Ainsliaea acerifolia,Ainsliaea acerifolia
128.977439,37.599219,HUMAN_OBSERVATION,Ainsliaea acerifolia,Ainsliaea acerifolia
127.546031,34.603206,HUMAN_OBSERVATION,Ainsliaea acerifolia,Ainsliaea acerifolia
138.11398,36.03917,PRESERVED_SPECIMEN,Ainsliaea acerifolia,Ainsliaea acerifolia
140.821111,37.783333,PRESERVED_SPECIMEN,Ainsliaea acerifolia,Ainsliaea acerifolia
140.836389,37.783611,PRESERVED_SPECIMEN,Ainsliaea acerifolia,Ainsliaea acerifolia
139.93782,37.06015,PRESERVED_SPECIMEN,Ainsliaea acerifolia,Ainsliaea acerifolia
139.93782,37.06015,PRESERVED_SPECIMEN,Ainsliaea acerifolia,Ainsliaea acerifolia
139.93782,37.06015,PRESERVED_SPECIMEN,Ainsliaea acerifolia,Ainsliaea acerifolia
128.594278,37.731139,PRESERVED_SPECIMEN,Ainsliaea acerifolia,Ainsliaea acerifolia
127.239555,36.221666,PRESERVED_SPECIMEN,Ainsliaea acerifolia,Ainsliaea acerifolia
128.414428,35.192328,HUMAN_OBSERVATION,Ainsliaea acerifolia,Ainsliaea acerifolia
127.450228,36.077508,HUMAN_OBSERVATION,Ainsliaea acerifolia,Ainsliaea acerifolia
128.379967,34.945853,HUMAN_OBSERVATION,Ainsliaea acerifolia,Ainsliaea acerifolia
128.743694,37.5405,HUMAN_OBSERVATION,Ainsliaea acerifolia,Ainsliaea acerifolia
127.052417,37.400514,HUMAN_OBSERVATION,Ainsliaea acerifolia,Ainsliaea acerifolia
127.859228,37.311986,HUMAN_OBSERVATION,Ainsliaea acerifolia,Ainsliaea acerifolia
128.044367,34.759289,HUMAN_OBSERVATION,Ainsliaea acerifolia,Ainsliaea acerifolia
128.546547,35.209181,HUMAN_OBSERVATION,Ainsliaea acerifolia,Ainsliaea acerifolia
128.199508,34.850306,HUMAN_OBSERVATION,Ainsliaea acerifolia,Ainsliaea acerifolia
127.239556,36.221667,HUMAN_OBSERVATION,Ainsliaea acerifolia,Ainsliaea acerifolia
128.62325,34.7795,HUMAN_OBSERVATION,Ainsliaea acerifolia,Ainsliaea acerifolia
128.191317,34.964347,HUMAN_OBSERVATION,Ainsliaea acerifolia,Ainsliaea acerifolia
128.533531,37.532908,HUMAN_OBSERVATION,Ainsliaea acerifolia,Ainsliaea acerifolia
137.431883,35.180252,PRESERVED_SPECIMEN,Ainsliaea acerifolia,Ainsliaea acerifolia
139.23125,35.604167,PRESERVED_SPECIMEN,Ainsliaea acerifolia,Ainsliaea acerifolia
128.443917,37.706472,HUMAN_OBSERVATION,Ainsliaea acerifolia,Ainsliaea acerifolia
128.433861,37.715028,HUMAN_OBSERVATION,Ainsliaea acerifolia,Ainsliaea acerifolia
128.417306,37.708111,HUMAN_OBSERVATION,Ainsliaea acerifolia,Ainsliaea acerifolia
129.784444,37.115278000000004,HUMAN_OBSERVATION,Ainsliaea acerifolia,Ainsliaea acerifolia
128.84,37.089444,HUMAN_OBSERVATION,Ainsliaea acerifolia,Ainsliaea acerifolia
128.461944,37.831111,HUMAN_OBSERVATION,Ainsliaea acerifolia,Ainsliaea acerifolia
128.874722,37.059722,HUMAN_OBSERVATION,Ainsliaea acerifolia,Ainsliaea acerifolia
128.406389,37.792778,HUMAN_OBSERVATION,Ainsliaea acerifolia,Ainsliaea acerifolia
128.895556,37.073611,HUMAN_OBSERVATION,Ainsliaea acerifolia,Ainsliaea acerifolia
129.131389,37.065556,HUMAN_OBSERVATION,Ainsliaea acerifolia,Ainsliaea acerifolia
127.40052,35.136633,HUMAN_OBSERVATION,Ainsliaea acerifolia,Ainsliaea acerifolia
127.200781,35.038594,HUMAN_OBSERVATION,Ainsliaea acerifolia,Ainsliaea acerifolia
127.896472,35.087722,HUMAN_OBSERVATION,Ainsliaea acerifolia,Ainsliaea acerifolia
127.623361,35.1065,HUMAN_OBSERVATION,Ainsliaea acerifolia,Ainsliaea acerifolia
126.853503,36.400155,HUMAN_OBSERVATION,Ainsliaea acerifolia,Ainsliaea acerifolia
126.455161,34.913322,HUMAN_OBSERVATION,Ainsliaea acerifolia,Ainsliaea acerifolia
127.250942,35.200403,HUMAN_OBSERVATION,Ainsliaea acerifolia,Ainsliaea acerifolia
128.138358,36.453211,HUMAN_OBSERVATION,Ainsliaea acerifolia,Ainsliaea acerifolia
127.696958,37.697475,HUMAN_OBSERVATION,Ainsliaea acerifolia,Ainsliaea acerifolia
126.895419,36.420647,HUMAN_OBSERVATION,Ainsliaea acerifolia,Ainsliaea acerifolia
127.806667,35.224722,HUMAN_OBSERVATION,Ainsliaea acerifolia,Ainsliaea acerifolia
127.605614,37.728369,HUMAN_OBSERVATION,Ainsliaea acerifolia,Ainsliaea acerifolia
126.614395,36.286169,HUMAN_OBSERVATION,Ainsliaea acerifolia,Ainsliaea acerifolia
126.384386,36.43448,HUMAN_OBSERVATION,Ainsliaea acerifolia,Ainsliaea acerifolia
128.194445,37.648528,HUMAN_OBSERVATION,Ainsliaea acerifolia,Ainsliaea acerifolia
126.604733,36.410608,HUMAN_OBSERVATION,Ainsliaea acerifolia,Ainsliaea acerifolia
127.266395,36.390478,HUMAN_OBSERVATION,Ainsliaea acerifolia,Ainsliaea acerifolia
128.414217,37.565194,HUMAN_OBSERVATION,Ainsliaea acerifolia,Ainsliaea acerifolia
128.194445,37.648528,HUMAN_OBSERVATION,Ainsliaea acerifolia,Ainsliaea acerifolia
128.194445,37.648528,HUMAN_OBSERVATION,Ainsliaea acerifolia,Ainsliaea acerifolia
128.028083,37.704667,HUMAN_OBSERVATION,Ainsliaea acerifolia,Ainsliaea acerifolia
128.028083,37.704667,HUMAN_OBSERVATION,Ainsliaea acerifolia,Ainsliaea acerifolia
138.11398,36.03917,PRESERVED_SPECIMEN,Ainsliaea acerifolia,Ainsliaea acerifolia
142.0046,39.6204,PRESERVED_SPECIMEN,Ainsliaea acerifolia,Ainsliaea acerifolia
141.6223,40.0262,PRESERVED_SPECIMEN,Ainsliaea acerifolia,Ainsliaea acerifolia
128.280089,37.607714,HUMAN_OBSERVATION,Ainsliaea acerifolia,Ainsliaea acerifolia
127.033756,36.46938,HUMAN_OBSERVATION,Ainsliaea acerifolia,Ainsliaea acerifolia
128.309167,37.693472,HUMAN_OBSERVATION,Ainsliaea acerifolia,Ainsliaea acerifolia
127.575195,35.113417,HUMAN_OBSERVATION,Ainsliaea acerifolia,Ainsliaea acerifolia
127.693111,35.192278,HUMAN_OBSERVATION,Ainsliaea acerifolia,Ainsliaea acerifolia
127.388081,35.13695,HUMAN_OBSERVATION,Ainsliaea acerifolia,Ainsliaea acerifolia
128.100867,36.43993,HUMAN_OBSERVATION,Ainsliaea acerifolia,Ainsliaea acerifolia
126.365939,35.229619,HUMAN_OBSERVATION,Ainsliaea acerifolia,Ainsliaea acerifolia
128.206639,37.623361,HUMAN_OBSERVATION,Ainsliaea acerifolia,Ainsliaea acerifolia
127.162089,35.16278,HUMAN_OBSERVATION,Ainsliaea acerifolia,Ainsliaea acerifolia
127.232356,36.419911,HUMAN_OBSERVATION,Ainsliaea acerifolia,Ainsliaea acerifolia
127.385622,35.057469,HUMAN_OBSERVATION,Ainsliaea acerifolia,Ainsliaea acerifolia
140.360278,37.713333,PRESERVED_SPECIMEN,Ainsliaea acerifolia,Ainsliaea acerifolia
140.920556,37.798056,PRESERVED_SPECIMEN,Ainsliaea acerifolia,Ainsliaea acerifolia
139.14375,35.670833,PRESERVED_SPECIMEN,Ainsliaea acerifolia,Ainsliaea acerifolia
128.205417,35.376278,PRESERVED_SPECIMEN,Ainsliaea acerifolia,Ainsliaea acerifolia
126.656561,36.355008,HUMAN_OBSERVATION,Ainsliaea acerifolia,Ainsliaea acerifolia
126.971889,37.433,HUMAN_OBSERVATION,Ainsliaea acerifolia,Ainsliaea acerifolia
128.287397,36.254275,HUMAN_OBSERVATION,Ainsliaea acerifolia,Ainsliaea acerifolia
127.204758,36.298175,HUMAN_OBSERVATION,Ainsliaea acerifolia,Ainsliaea acerifolia
126.468714,35.0381,HUMAN_OBSERVATION,Ainsliaea acerifolia,Ainsliaea acerifolia
126.455161,34.913322,HUMAN_OBSERVATION,Ainsliaea acerifolia,Ainsliaea acerifolia
126.73037,34.855961,HUMAN_OBSERVATION,Ainsliaea acerifolia,Ainsliaea acerifolia
127.484194,36.312792,HUMAN_OBSERVATION,Ainsliaea acerifolia,Ainsliaea acerifolia
126.731745,34.855,HUMAN_OBSERVATION,Ainsliaea acerifolia,Ainsliaea acerifolia
127.672458,37.650094,HUMAN_OBSERVATION,Ainsliaea acerifolia,Ainsliaea acerifolia
126.52185,37.04918,HUMAN_OBSERVATION,Ainsliaea acerifolia,Ainsliaea acerifolia
126.730375,34.854522,HUMAN_OBSERVATION,Ainsliaea acerifolia,Ainsliaea acerifolia
126.610608,36.422503,HUMAN_OBSERVATION,Ainsliaea acerifolia,Ainsliaea acerifolia
128.309278,37.668667,HUMAN_OBSERVATION,Ainsliaea acerifolia,Ainsliaea acerifolia
128.309278,37.668667,HUMAN_OBSERVATION,Ainsliaea acerifolia,Ainsliaea acerifolia
128.206583,37.646667,HUMAN_OBSERVATION,Ainsliaea acerifolia,Ainsliaea acerifolia
126.437825,37.005636,HUMAN_OBSERVATION,Ainsliaea acerifolia,Ainsliaea acerifolia
127.573339,37.551547,HUMAN_OBSERVATION,Ainsliaea acerifolia,Ainsliaea acerifolia
138.20726,36.68472,PRESERVED_SPECIMEN,Ainsliaea acerifolia,Ainsliaea acerifolia
140.9436237,39.1853193,PRESERVED_SPECIMEN,Ainsliaea acerifolia,Ainsliaea acerifolia
124.07,40.45,PRESERVED_SPECIMEN,Ainsliaea acerifolia,Ainsliaea acerifolia
129.261389,37.181389,HUMAN_OBSERVATION,Ainsliaea acerifolia,Ainsliaea acerifolia
128.555833,38.002222,HUMAN_OBSERVATION,Ainsliaea acerifolia,Ainsliaea acerifolia
129.240833,37.244167,HUMAN_OBSERVATION,Ainsliaea acerifolia,Ainsliaea acerifolia
129.259444,37.166111,HUMAN_OBSERVATION,Ainsliaea acerifolia,Ainsliaea acerifolia
129.131944,37.23,HUMAN_OBSERVATION,Ainsliaea acerifolia,Ainsliaea acerifolia
129.302564,36.566038,HUMAN_OBSERVATION,Ainsliaea acerifolia,Ainsliaea acerifolia
129.143349,35.200501,HUMAN_OBSERVATION,Ainsliaea acerifolia,Ainsliaea acerifolia
128.174829,36.724727,HUMAN_OBSERVATION,Ainsliaea acerifolia,Ainsliaea acerifolia
128.022306,36.515249,HUMAN_OBSERVATION,Ainsliaea acerifolia,Ainsliaea acerifolia
127.853658,35.306883,HUMAN_OBSERVATION,Ainsliaea acerifolia,Ainsliaea acerifolia
127.527113,38.199235,HUMAN_OBSERVATION,Ainsliaea acerifolia,Ainsliaea acerifolia
129.033708,35.181058,HUMAN_OBSERVATION,Ainsliaea acerifolia,Ainsliaea acerifolia
127.851623,35.347335,HUMAN_OBSERVATION,Ainsliaea acerifolia,Ainsliaea acerifolia
128.864499,35.347066,HUMAN_OBSERVATION,Ainsliaea acerifolia,Ainsliaea acerifolia
128.849888,35.455484,HUMAN_OBSERVATION,Ainsliaea acerifolia,Ainsliaea acerifolia
128.144339,38.09459,HUMAN_OBSERVATION,Ainsliaea acerifolia,Ainsliaea acerifolia
129.222362,35.383892,HUMAN_OBSERVATION,Ainsliaea acerifolia,Ainsliaea acerifolia
128.288726,38.057337,HUMAN_OBSERVATION,Ainsliaea acerifolia,Ainsliaea acerifolia
127.54201,38.075907,HUMAN_OBSERVATION,Ainsliaea acerifolia,Ainsliaea acerifolia
138.15215,36.48959,PRESERVED_SPECIMEN,Ainsliaea acerifolia,Ainsliaea acerifolia
138.15215,36.48959,PRESERVED_SPECIMEN,Ainsliaea acerifolia,Ainsliaea acerifolia
140.0834,36.19741,PRESERVED_SPECIMEN,Ainsliaea acerifolia,Ainsliaea acerifolia
129.299643,36.72159,HUMAN_OBSERVATION,Ainsliaea acerifolia,Ainsliaea acerifolia
127.748723,38.060444,HUMAN_OBSERVATION,Ainsliaea acerifolia,Ainsliaea acerifolia
127.1495,38.212128,HUMAN_OBSERVATION,Ainsliaea acerifolia,Ainsliaea acerifolia
127.380664,38.079767,HUMAN_OBSERVATION,Ainsliaea acerifolia,Ainsliaea acerifolia
128.831019,35.005415,HUMAN_OBSERVATION,Ainsliaea acerifolia,Ainsliaea acerifolia
128.753116,35.203218,HUMAN_OBSERVATION,Ainsliaea acerifolia,Ainsliaea acerifolia
129.280122,36.567871,HUMAN_OBSERVATION,Ainsliaea acerifolia,Ainsliaea acerifolia
127.807699,38.154036,HUMAN_OBSERVATION,Ainsliaea acerifolia,Ainsliaea acerifolia
128.308648,38.203337,HUMAN_OBSERVATION,Ainsliaea acerifolia,Ainsliaea acerifolia
127.027954,36.697474,HUMAN_OBSERVATION,Ainsliaea acerifolia,Ainsliaea acerifolia
138.740617,35.549065,PRESERVED_SPECIMEN,Ainsliaea acerifolia,Ainsliaea acerifolia
138.88125,35.6875,PRESERVED_SPECIMEN,Ainsliaea acerifolia,Ainsliaea acerifolia
127.425028,35.633917,PRESERVED_SPECIMEN,Ainsliaea acerifolia,Ainsliaea acerifolia
127.348694,36.043083,PRESERVED_SPECIMEN,Ainsliaea acerifolia,Ainsliaea acerifolia
127.875563,35.366747,HUMAN_OBSERVATION,Ainsliaea acerifolia,Ainsliaea acerifolia
127.342889,38.082378,HUMAN_OBSERVATION,Ainsliaea acerifolia,Ainsliaea acerifolia
127.325782,38.140001,HUMAN_OBSERVATION,Ainsliaea acerifolia,Ainsliaea acerifolia
129.385444,36.704689,HUMAN_OBSERVATION,Ainsliaea acerifolia,Ainsliaea acerifolia
128.408095,38.346632,HUMAN_OBSERVATION,Ainsliaea acerifolia,Ainsliaea acerifolia
127.641582,35.454569,HUMAN_OBSERVATION,Ainsliaea acerifolia,Ainsliaea acerifolia
128.293305,35.259844,HUMAN_OBSERVATION,Ainsliaea acerifolia,Ainsliaea acerifolia
128.396987,36.744003,HUMAN_OBSERVATION,Ainsliaea acerifolia,Ainsliaea acerifolia
141.35625,40.029167,PRESERVED_SPECIMEN,Ainsliaea acerifolia,Ainsliaea acerifolia
127.953806,36.559889,PRESERVED_SPECIMEN,Ainsliaea acerifolia,Ainsliaea acerifolia
128.201395,35.380886,HUMAN_OBSERVATION,Ainsliaea acerifolia,Ainsliaea acerifolia
120.615491,36.206459,HUMAN_OBSERVATION,Disporum smilacinum,Disporum smilacinum
139.419657,35.646543,HUMAN_OBSERVATION,Disporum smilacinum,Disporum smilacinum
137.729296,35.837777,HUMAN_OBSERVATION,Disporum smilacinum,Disporum smilacinum
137.127965,35.420958,HUMAN_OBSERVATION,Disporum smilacinum,Disporum smilacinum
139.245663,35.625878,HUMAN_OBSERVATION,Disporum smilacinum,Disporum smilacinum
136.743874,36.696334,HUMAN_OBSERVATION,Disporum smilacinum,Disporum smilacinum
139.439347,35.635708,HUMAN_OBSERVATION,Disporum smilacinum,Disporum smilacinum
120.611878,36.207005,HUMAN_OBSERVATION,Disporum smilacinum,Disporum smilacinum
139.322971,35.626033,HUMAN_OBSERVATION,Disporum smilacinum,Disporum smilacinum
139.245748,35.62373,HUMAN_OBSERVATION,Disporum smilacinum,Disporum smilacinum
126.949725,37.476416,HUMAN_OBSERVATION,Disporum smilacinum,Disporum smilacinum
137.946526,35.285519,HUMAN_OBSERVATION,Disporum smilacinum,Disporum smilacinum
133.821042,35.428905,HUMAN_OBSERVATION,Disporum smilacinum,Disporum smilacinum
137.260987,36.135995,HUMAN_OBSERVATION,Disporum smilacinum,Disporum smilacinum
139.129325,35.53718,HUMAN_OBSERVATION,Disporum smilacinum,Disporum smilacinum
137.360747,36.201195,HUMAN_OBSERVATION,Disporum smilacinum,Disporum smilacinum
138.268538,35.973238,HUMAN_OBSERVATION,Disporum smilacinum,Disporum smilacinum
120.626983,36.173278,HUMAN_OBSERVATION,Disporum smilacinum,Disporum smilacinum
128.416434,38.111205,HUMAN_OBSERVATION,Disporum smilacinum,Disporum smilacinum
127.176217,37.750367,HUMAN_OBSERVATION,Disporum smilacinum,Disporum smilacinum
127.172169,37.751881,HUMAN_OBSERVATION,Disporum smilacinum,Disporum smilacinum
127.167684,37.751379,HUMAN_OBSERVATION,Disporum smilacinum,Disporum smilacinum
139.499694,35.906645,HUMAN_OBSERVATION,Disporum smilacinum,Disporum smilacinum
139.21123,35.78632,HUMAN_OBSERVATION,Disporum smilacinum,Disporum smilacinum
135.85488899999999,34.354733,HUMAN_OBSERVATION,Disporum smilacinum,Disporum smilacinum
139.416721,35.618096,HUMAN_OBSERVATION,Disporum smilacinum,Disporum smilacinum
139.757596,35.687757,HUMAN_OBSERVATION,Disporum smilacinum,Disporum smilacinum
139.448662,35.640508,HUMAN_OBSERVATION,Disporum smilacinum,Disporum smilacinum
127.258614,37.663809,HUMAN_OBSERVATION,Disporum smilacinum,Disporum smilacinum
128.146375,37.456907,HUMAN_OBSERVATION,Disporum smilacinum,Disporum smilacinum
139.396217,35.619867,HUMAN_OBSERVATION,Disporum smilacinum,Disporum smilacinum
139.392767,35.608233,HUMAN_OBSERVATION,Disporum smilacinum,Disporum smilacinum
139.29879,36.102438,HUMAN_OBSERVATION,Disporum smilacinum,Disporum smilacinum
126.831948,37.478015,HUMAN_OBSERVATION,Disporum smilacinum,Disporum smilacinum
126.914975,34.549125,HUMAN_OBSERVATION,Disporum smilacinum,Disporum smilacinum
126.914975,34.549125,HUMAN_OBSERVATION,Disporum smilacinum,Disporum smilacinum
126.914975,34.549125,HUMAN_OBSERVATION,Disporum smilacinum,Disporum smilacinum
126.90476,34.558287,HUMAN_OBSERVATION,Disporum smilacinum,Disporum smilacinum
126.90476,34.558287,HUMAN_OBSERVATION,Disporum smilacinum,Disporum smilacinum
126.90476,34.558287,HUMAN_OBSERVATION,Disporum smilacinum,Disporum smilacinum
126.90476,34.558287,HUMAN_OBSERVATION,Disporum smilacinum,Disporum smilacinum
128.011825,37.356453,HUMAN_OBSERVATION,Disporum smilacinum,Disporum smilacinum
139.419499,35.646612,HUMAN_OBSERVATION,Disporum smilacinum,Disporum smilacinum
128.291542,37.597021,HUMAN_OBSERVATION,Disporum smilacinum,Disporum smilacinum
141.932872,39.755674,HUMAN_OBSERVATION,Disporum smilacinum,Disporum smilacinum
120.628053,36.176069,HUMAN_OBSERVATION,Disporum smilacinum,Disporum smilacinum
141.8003,39.7987,HUMAN_OBSERVATION,Disporum smilacinum,Disporum smilacinum
137.396637,35.32727,HUMAN_OBSERVATION,Disporum smilacinum,Disporum smilacinum
127.813049,37.848827,HUMAN_OBSERVATION,Disporum smilacinum,Disporum smilacinum
129.090734,35.159928,HUMAN_OBSERVATION,Disporum smilacinum,Disporum smilacinum
120.631096,36.177679,HUMAN_OBSERVATION,Disporum smilacinum,Disporum smilacinum
127.864662,34.865172,HUMAN_OBSERVATION,Disporum smilacinum,Disporum smilacinum
120.626903,36.172878,HUMAN_OBSERVATION,Disporum smilacinum,Disporum smilacinum
139.373569,35.636828,HUMAN_OBSERVATION,Disporum smilacinum,Disporum smilacinum
128.575401,38.176667,HUMAN_OBSERVATION,Disporum smilacinum,Disporum smilacinum
129.032945,35.314292,HUMAN_OBSERVATION,Disporum smilacinum,Disporum smilacinum
128.19284,36.48115,HUMAN_OBSERVATION,Disporum smilacinum,Disporum smilacinum
128.19214,36.481298,HUMAN_OBSERVATION,Disporum smilacinum,Disporum smilacinum
129.000757,35.251819,HUMAN_OBSERVATION,Disporum smilacinum,Disporum smilacinum
127.590199,36.07457,HUMAN_OBSERVATION,Disporum smilacinum,Disporum smilacinum
128.192417,36.481134,HUMAN_OBSERVATION,Disporum smilacinum,Disporum smilacinum
128.20478,36.48487,HUMAN_OBSERVATION,Disporum smilacinum,Disporum smilacinum
129.033188,35.314384,HUMAN_OBSERVATION,Disporum smilacinum,Disporum smilacinum
129.030874,35.313052,HUMAN_OBSERVATION,Disporum smilacinum,Disporum smilacinum
127.583939,36.071989,HUMAN_OBSERVATION,Disporum smilacinum,Disporum smilacinum
139.417132,35.595278,HUMAN_OBSERVATION,Disporum smilacinum,Disporum smilacinum
139.385004,35.63981,HUMAN_OBSERVATION,Disporum smilacinum,Disporum smilacinum
139.386387,35.63966,HUMAN_OBSERVATION,Disporum smilacinum,Disporum smilacinum
139.415253,35.599445,HUMAN_OBSERVATION,Disporum smilacinum,Disporum smilacinum
135.387388,35.474887,HUMAN_OBSERVATION,Disporum smilacinum,Disporum smilacinum
139.36765,35.638714,HUMAN_OBSERVATION,Disporum smilacinum,Disporum smilacinum
139.383062,35.639582,HUMAN_OBSERVATION,Disporum smilacinum,Disporum smilacinum
136.639622,36.430575,HUMAN_OBSERVATION,Disporum smilacinum,Disporum smilacinum
139.392783,35.6082,HUMAN_OBSERVATION,Disporum smilacinum,Disporum smilacinum
139.245436,35.625874,HUMAN_OBSERVATION,Disporum smilacinum,Disporum smilacinum
126.63095,36.691942,PRESERVED_SPECIMEN,Disporum smilacinum,Disporum smilacinum
126.621892,36.664275,PRESERVED_SPECIMEN,Disporum smilacinum,Disporum smilacinum
126.63095,36.691942,HUMAN_OBSERVATION,Disporum smilacinum,Disporum smilacinum
126.63095,36.691942,HUMAN_OBSERVATION,Disporum smilacinum,Disporum smilacinum
126.63095,36.691942,HUMAN_OBSERVATION,Disporum smilacinum,Disporum smilacinum
126.63095,36.691942,HUMAN_OBSERVATION,Disporum smilacinum,Disporum smilacinum
126.630957,36.691982,HUMAN_OBSERVATION,Disporum smilacinum,Disporum smilacinum
126.630957,36.691982,HUMAN_OBSERVATION,Disporum smilacinum,Disporum smilacinum
126.621862,36.66709,HUMAN_OBSERVATION,Disporum smilacinum,Disporum smilacinum
126.621868,36.667058,HUMAN_OBSERVATION,Disporum smilacinum,Disporum smilacinum
126.260836,37.176668,HUMAN_OBSERVATION,Disporum smilacinum,Disporum smilacinum
139.548958,35.670129,HUMAN_OBSERVATION,Disporum smilacinum,Disporum smilacinum
126.959304,37.584948,HUMAN_OBSERVATION,Disporum smilacinum,Disporum smilacinum
128.146853,37.456546,HUMAN_OBSERVATION,Disporum smilacinum,Disporum smilacinum
138.208121,36.82285,HUMAN_OBSERVATION,Disporum smilacinum,Disporum smilacinum
127.011542,36.558423,HUMAN_OBSERVATION,Disporum smilacinum,Disporum smilacinum
138.53122,36.283028,HUMAN_OBSERVATION,Disporum smilacinum,Disporum smilacinum
141.378355,43.011792,HUMAN_OBSERVATION,Disporum smilacinum,Disporum smilacinum
140.778276,42.785629,HUMAN_OBSERVATION,Disporum smilacinum,Disporum smilacinum
138.931603,36.515938,HUMAN_OBSERVATION,Disporum smilacinum,Disporum smilacinum
128.757265,37.690072,HUMAN_OBSERVATION,Disporum smilacinum,Disporum smilacinum
126.718842,33.509289,HUMAN_OBSERVATION,Disporum smilacinum,Disporum smilacinum
138.440076,36.413311,HUMAN_OBSERVATION,Disporum smilacinum,Disporum smilacinum
131.355278,43.231944,PRESERVED_SPECIMEN,Disporum smilacinum,Disporum smilacinum
128.341889,36.813833,PRESERVED_SPECIMEN,Disporum smilacinum,Disporum smilacinum
126.670875,36.454592,PRESERVED_SPECIMEN,Disporum smilacinum,Disporum smilacinum
127.088739,37.395021,HUMAN_OBSERVATION,Disporum smilacinum,Disporum smilacinum
139.245339,35.623267,HUMAN_OBSERVATION,Disporum smilacinum,Disporum smilacinum
139.482821,35.774148,HUMAN_OBSERVATION,Disporum smilacinum,Disporum smilacinum
139.502159,35.572561,HUMAN_OBSERVATION,Disporum smilacinum,Disporum smilacinum
126.853081,37.509414,HUMAN_OBSERVATION,Disporum smilacinum,Disporum smilacinum
126.853081,37.509414,HUMAN_OBSERVATION,Disporum smilacinum,Disporum smilacinum
126.853081,37.509414,HUMAN_OBSERVATION,Disporum smilacinum,Disporum smilacinum
126.8967,36.06524,HUMAN_OBSERVATION,Disporum smilacinum,Disporum smilacinum
127.288,36.0457,HUMAN_OBSERVATION,Disporum smilacinum,Disporum smilacinum
129.1019,35.44074,HUMAN_OBSERVATION,Disporum smilacinum,Disporum smilacinum
129.0985,35.44268,HUMAN_OBSERVATION,Disporum smilacinum,Disporum smilacinum
127.3993,35.63761,HUMAN_OBSERVATION,Disporum smilacinum,Disporum smilacinum
129.1058,35.44447,HUMAN_OBSERVATION,Disporum smilacinum,Disporum smilacinum
127.4824,35.04087,HUMAN_OBSERVATION,Disporum smilacinum,Disporum smilacinum
126.8766,35.52647,HUMAN_OBSERVATION,Disporum smilacinum,Disporum smilacinum
126.419,35.80566,HUMAN_OBSERVATION,Disporum smilacinum,Disporum smilacinum
127.1427,35.79037,HUMAN_OBSERVATION,Disporum smilacinum,Disporum smilacinum
127.1366,35.85272,HUMAN_OBSERVATION,Disporum smilacinum,Disporum smilacinum
128.8583,37.76306,HUMAN_OBSERVATION,Disporum smilacinum,Disporum smilacinum
126.4194,35.80005,HUMAN_OBSERVATION,Disporum smilacinum,Disporum smilacinum
128.8672,37.7625,HUMAN_OBSERVATION,Disporum smilacinum,Disporum smilacinum
127.1939,37.47859,HUMAN_OBSERVATION,Disporum smilacinum,Disporum smilacinum
127.3993,35.63753,HUMAN_OBSERVATION,Disporum smilacinum,Disporum smilacinum
127.0789,37.31722,HUMAN_OBSERVATION,Disporum smilacinum,Disporum smilacinum
127.1428,35.79033,HUMAN_OBSERVATION,Disporum smilacinum,Disporum smilacinum
127.5056,34.44888,HUMAN_OBSERVATION,Disporum smilacinum,Disporum smilacinum
129.0499,35.26048,HUMAN_OBSERVATION,Disporum smilacinum,Disporum smilacinum
136.646269,36.420452,HUMAN_OBSERVATION,Disporum smilacinum,Disporum smilacinum
126.567498,36.695366,HUMAN_OBSERVATION,Disporum smilacinum,Disporum smilacinum
139.157164,36.067308,HUMAN_OBSERVATION,Disporum smilacinum,Disporum smilacinum
141.376028,42.981936,HUMAN_OBSERVATION,Disporum smilacinum,Disporum smilacinum
140.838342,38.26775,HUMAN_OBSERVATION,Disporum smilacinum,Disporum smilacinum
140.694173,40.633911,HUMAN_OBSERVATION,Disporum smilacinum,Disporum smilacinum
129.006271,37.171715,HUMAN_OBSERVATION,Disporum smilacinum,Disporum smilacinum
129.012146,37.150471,PRESERVED_SPECIMEN,Disporum smilacinum,Disporum smilacinum
138.171287,36.773735,HUMAN_OBSERVATION,Disporum smilacinum,Disporum smilacinum
138.257252,38.040549,HUMAN_OBSERVATION,Disporum smilacinum,Disporum smilacinum
138.261969,38.140831,HUMAN_OBSERVATION,Disporum smilacinum,Disporum smilacinum
127.173231,37.458135,HUMAN_OBSERVATION,Disporum smilacinum,Disporum smilacinum
127.099648,37.453178,HUMAN_OBSERVATION,Disporum smilacinum,Disporum smilacinum
127.095649,37.45419,HUMAN_OBSERVATION,Disporum smilacinum,Disporum smilacinum
127.028602,37.373065,HUMAN_OBSERVATION,Disporum smilacinum,Disporum smilacinum
127.099673,37.453195,HUMAN_OBSERVATION,Disporum smilacinum,Disporum smilacinum
127.095963,37.347031,HUMAN_OBSERVATION,Disporum smilacinum,Disporum smilacinum
127.063934,37.427773,HUMAN_OBSERVATION,Disporum smilacinum,Disporum smilacinum
127.182455,37.462075,HUMAN_OBSERVATION,Disporum smilacinum,Disporum smilacinum
127.058746,37.426993,HUMAN_OBSERVATION,Disporum smilacinum,Disporum smilacinum
127.181699,37.464285,HUMAN_OBSERVATION,Disporum smilacinum,Disporum smilacinum
127.182138,37.467721,HUMAN_OBSERVATION,Disporum smilacinum,Disporum smilacinum
127.181893,37.466969,HUMAN_OBSERVATION,Disporum smilacinum,Disporum smilacinum
127.181992,37.466874,HUMAN_OBSERVATION,Disporum smilacinum,Disporum smilacinum
127.0745,37.422998,HUMAN_OBSERVATION,Disporum smilacinum,Disporum smilacinum
127.181912,37.470042,HUMAN_OBSERVATION,Disporum smilacinum,Disporum smilacinum
127.07213,37.424263,HUMAN_OBSERVATION,Disporum smilacinum,Disporum smilacinum
127.187332,37.445825,HUMAN_OBSERVATION,Disporum smilacinum,Disporum smilacinum
127.192422,37.443965,HUMAN_OBSERVATION,Disporum smilacinum,Disporum smilacinum
127.039849,37.398833,HUMAN_OBSERVATION,Disporum smilacinum,Disporum smilacinum
127.18129,37.452,HUMAN_OBSERVATION,Disporum smilacinum,Disporum smilacinum
127.14,37.364444,HUMAN_OBSERVATION,Disporum smilacinum,Disporum smilacinum
127.049255,37.395145,HUMAN_OBSERVATION,Disporum smilacinum,Disporum smilacinum
127.040009,37.398193,HUMAN_OBSERVATION,Disporum smilacinum,Disporum smilacinum
127.045949,37.396934,HUMAN_OBSERVATION,Disporum smilacinum,Disporum smilacinum
127.172957,37.459239,HUMAN_OBSERVATION,Disporum smilacinum,Disporum smilacinum
127.1806,37.433828,HUMAN_OBSERVATION,Disporum smilacinum,Disporum smilacinum
127.172234,37.410075,HUMAN_OBSERVATION,Disporum smilacinum,Disporum smilacinum
127.14983,37.404703,HUMAN_OBSERVATION,Disporum smilacinum,Disporum smilacinum
127.156288,37.38321,HUMAN_OBSERVATION,Disporum smilacinum,Disporum smilacinum
127.059525,37.420295,HUMAN_OBSERVATION,Disporum smilacinum,Disporum smilacinum
127.062338,37.421543,HUMAN_OBSERVATION,Disporum smilacinum,Disporum smilacinum
127.062203,37.421692,HUMAN_OBSERVATION,Disporum smilacinum,Disporum smilacinum
127.061968,37.421355,HUMAN_OBSERVATION,Disporum smilacinum,Disporum smilacinum
127.169236,37.469101,HUMAN_OBSERVATION,Disporum smilacinum,Disporum smilacinum
127.166164,37.469981,HUMAN_OBSERVATION,Disporum smilacinum,Disporum smilacinum
127.175369,37.47207,HUMAN_OBSERVATION,Disporum smilacinum,Disporum smilacinum
127.128611,37.354167,HUMAN_OBSERVATION,Disporum smilacinum,Disporum smilacinum
127.073061,37.402335,HUMAN_OBSERVATION,Disporum smilacinum,Disporum smilacinum
127.072422,37.401082,HUMAN_OBSERVATION,Disporum smilacinum,Disporum smilacinum
127.062485,37.427462,HUMAN_OBSERVATION,Disporum smilacinum,Disporum smilacinum
127.061514,37.427762,HUMAN_OBSERVATION,Disporum smilacinum,Disporum smilacinum
137.83586,36.727641,HUMAN_OBSERVATION,Disporum smilacinum,Disporum smilacinum
128.183095,36.683311,PRESERVED_SPECIMEN,Disporum smilacinum,Disporum smilacinum
126.7884,35.46737,HUMAN_OBSERVATION,Disporum smilacinum,Disporum smilacinum
128.1913,37.194,HUMAN_OBSERVATION,Disporum smilacinum,Disporum smilacinum
129.3226,35.51575,HUMAN_OBSERVATION,Disporum smilacinum,Disporum smilacinum
127.9748,35.48752,HUMAN_OBSERVATION,Disporum smilacinum,Disporum smilacinum
128.3278,37.2081,HUMAN_OBSERVATION,Disporum smilacinum,Disporum smilacinum
129.2165,35.5492,HUMAN_OBSERVATION,Disporum smilacinum,Disporum smilacinum
129.2168,35.54842,HUMAN_OBSERVATION,Disporum smilacinum,Disporum smilacinum
126.659,36.11362,HUMAN_OBSERVATION,Disporum smilacinum,Disporum smilacinum
126.3361,36.51094,HUMAN_OBSERVATION,Disporum smilacinum,Disporum smilacinum
129.1165,35.2442,HUMAN_OBSERVATION,Disporum smilacinum,Disporum smilacinum
127.5302,35.296,HUMAN_OBSERVATION,Disporum smilacinum,Disporum smilacinum
129.197,35.54667,HUMAN_OBSERVATION,Disporum smilacinum,Disporum smilacinum
136.749995,36.1275,HUMAN_OBSERVATION,Disporum smilacinum,Disporum smilacinum
127.517288,38.198845,HUMAN_OBSERVATION,Disporum smilacinum,Disporum smilacinum
127.09098,37.437281,HUMAN_OBSERVATION,Disporum smilacinum,Disporum smilacinum
127.090627,37.437753,HUMAN_OBSERVATION,Disporum smilacinum,Disporum smilacinum
127.155327,37.382015,HUMAN_OBSERVATION,Disporum smilacinum,Disporum smilacinum
127.155388,37.381905,HUMAN_OBSERVATION,Disporum smilacinum,Disporum smilacinum
125.1091,34.07569,HUMAN_OBSERVATION,Disporum smilacinum,Disporum smilacinum
128.8996,37.14911,HUMAN_OBSERVATION,Disporum smilacinum,Disporum smilacinum
129.0712,35.28271,HUMAN_OBSERVATION,Disporum smilacinum,Disporum smilacinum
127.7455,35.86586,HUMAN_OBSERVATION,Disporum smilacinum,Disporum smilacinum
129.215,35.519,HUMAN_OBSERVATION,Disporum smilacinum,Disporum smilacinum
129.005905,37.148682,HUMAN_OBSERVATION,Disporum smilacinum,Disporum smilacinum
129.010193,37.149094,HUMAN_OBSERVATION,Disporum smilacinum,Disporum smilacinum
129.010406,37.15094,HUMAN_OBSERVATION,Disporum smilacinum,Disporum smilacinum
129.009888,37.149929,HUMAN_OBSERVATION,Disporum smilacinum,Disporum smilacinum
129.005142,37.172607,HUMAN_OBSERVATION,Disporum smilacinum,Disporum smilacinum
129.006195,37.171642,HUMAN_OBSERVATION,Disporum smilacinum,Disporum smilacinum
128.38884,37.692158,HUMAN_OBSERVATION,Disporum smilacinum,Disporum smilacinum
129.010483,37.148857,HUMAN_OBSERVATION,Disporum smilacinum,Disporum smilacinum
129.00621,37.172607,PRESERVED_SPECIMEN,Disporum smilacinum,Disporum smilacinum
128.51698,35.70888,PRESERVED_SPECIMEN,Disporum smilacinum,Disporum smilacinum
128.97806,36.16319,PRESERVED_SPECIMEN,Disporum smilacinum,Disporum smilacinum
127.1482,35.7902,HUMAN_OBSERVATION,Disporum smilacinum,Disporum smilacinum
127.1475,35.79088,HUMAN_OBSERVATION,Disporum smilacinum,Disporum smilacinum
128.98804,37.21574,PRESERVED_SPECIMEN,Disporum smilacinum,Disporum smilacinum
128.50148,37.53377,PRESERVED_SPECIMEN,Disporum smilacinum,Disporum smilacinum
128.50148,37.53377,PRESERVED_SPECIMEN,Disporum smilacinum,Disporum smilacinum
128.50179,37.53536,PRESERVED_SPECIMEN,Disporum smilacinum,Disporum smilacinum
126.8963,35.4877,HUMAN_OBSERVATION,Disporum smilacinum,Disporum smilacinum
126.8764,35.5232,HUMAN_OBSERVATION,Disporum smilacinum,Disporum smilacinum
126.8756,35.52333,HUMAN_OBSERVATION,Disporum smilacinum,Disporum smilacinum
127.181741,37.46976,HUMAN_OBSERVATION,Disporum smilacinum,Disporum smilacinum
127.182992,37.462585,HUMAN_OBSERVATION,Disporum smilacinum,Disporum smilacinum
127.182093,37.467322,HUMAN_OBSERVATION,Disporum smilacinum,Disporum smilacinum
127.174259,37.470722,HUMAN_OBSERVATION,Disporum smilacinum,Disporum smilacinum
127.189196,37.44509,HUMAN_OBSERVATION,Disporum smilacinum,Disporum smilacinum
127.072281,37.424278,HUMAN_OBSERVATION,Disporum smilacinum,Disporum smilacinum
127.156181,37.383442,HUMAN_OBSERVATION,Disporum smilacinum,Disporum smilacinum
127.028889,37.374444,HUMAN_OBSERVATION,Disporum smilacinum,Disporum smilacinum
127.094147,37.453335,HUMAN_OBSERVATION,Disporum smilacinum,Disporum smilacinum
127.053735,37.38517,HUMAN_OBSERVATION,Disporum smilacinum,Disporum smilacinum
128.524033,35.715378,PRESERVED_SPECIMEN,Disporum smilacinum,Disporum smilacinum
128.523795,35.716369,PRESERVED_SPECIMEN,Disporum smilacinum,Disporum smilacinum
128.524047,35.715422,PRESERVED_SPECIMEN,Disporum smilacinum,Disporum smilacinum
128.524047,35.715422,PRESERVED_SPECIMEN,Disporum smilacinum,Disporum smilacinum
128.524047,35.715422,PRESERVED_SPECIMEN,Disporum smilacinum,Disporum smilacinum
128.524047,35.715422,PRESERVED_SPECIMEN,Disporum smilacinum,Disporum smilacinum
128.532731,35.702989,PRESERVED_SPECIMEN,Disporum smilacinum,Disporum smilacinum
126.996324,37.40325,HUMAN_OBSERVATION,Disporum smilacinum,Disporum smilacinum
127.0905,37.33347,HUMAN_OBSERVATION,Disporum smilacinum,Disporum smilacinum
129.4087,35.49865,HUMAN_OBSERVATION,Disporum smilacinum,Disporum smilacinum
126.6741,36.45847,HUMAN_OBSERVATION,Disporum smilacinum,Disporum smilacinum
126.973,35.48812,HUMAN_OBSERVATION,Disporum smilacinum,Disporum smilacinum
127.093,35.74401,HUMAN_OBSERVATION,Disporum smilacinum,Disporum smilacinum
129.2127,35.533,HUMAN_OBSERVATION,Disporum smilacinum,Disporum smilacinum
127.065943,37.401995,HUMAN_OBSERVATION,Disporum smilacinum,Disporum smilacinum
127.038224,37.394706,HUMAN_OBSERVATION,Disporum smilacinum,Disporum smilacinum
127.154907,37.38229,HUMAN_OBSERVATION,Disporum smilacinum,Disporum smilacinum
127.155503,37.38214,HUMAN_OBSERVATION,Disporum smilacinum,Disporum smilacinum
127.069946,37.407061,HUMAN_OBSERVATION,Disporum smilacinum,Disporum smilacinum
127.091004,37.437257,HUMAN_OBSERVATION,Disporum smilacinum,Disporum smilacinum
126.6464,35.66778,HUMAN_OBSERVATION,Disporum smilacinum,Disporum smilacinum
129.2387,35.53206,HUMAN_OBSERVATION,Disporum smilacinum,Disporum smilacinum
129.2173,35.54845,HUMAN_OBSERVATION,Disporum smilacinum,Disporum smilacinum
129.335556,36.565278,HUMAN_OBSERVATION,Disporum smilacinum,Disporum smilacinum
129.185622,35.326092,HUMAN_OBSERVATION,Disporum smilacinum,Disporum smilacinum
138.033811,35.199052,HUMAN_OBSERVATION,Disporum smilacinum,Disporum smilacinum
139.501908,35.571338,HUMAN_OBSERVATION,Disporum smilacinum,Disporum smilacinum
139.280698,35.764059,HUMAN_OBSERVATION,Disporum smilacinum,Disporum smilacinum
137.453099,34.746234,HUMAN_OBSERVATION,Disporum smilacinum,Disporum smilacinum
137.65581,34.879997,HUMAN_OBSERVATION,Disporum smilacinum,Disporum smilacinum
140.838394,38.267725,HUMAN_OBSERVATION,Disporum smilacinum,Disporum smilacinum
128.032298,37.207366,PRESERVED_SPECIMEN,Disporum smilacinum,Disporum smilacinum
139.392867,35.608167,HUMAN_OBSERVATION,Disporum smilacinum,Disporum smilacinum
139.55658,35.60652,PRESERVED_SPECIMEN,Disporum smilacinum,Disporum smilacinum
128.47469,35.199665,HUMAN_OBSERVATION,Disporum smilacinum,Disporum smilacinum
129.209945,35.556205,HUMAN_OBSERVATION,Disporum smilacinum,Disporum smilacinum
129.210203,35.556237,HUMAN_OBSERVATION,Disporum smilacinum,Disporum smilacinum
128.501618,35.213918,HUMAN_OBSERVATION,Disporum smilacinum,Disporum smilacinum
126.876005,35.52333,HUMAN_OBSERVATION,Disporum smilacinum,Disporum smilacinum
127.144469,35.796572,HUMAN_OBSERVATION,Disporum smilacinum,Disporum smilacinum
129.08168,35.058782,HUMAN_OBSERVATION,Disporum smilacinum,Disporum smilacinum
127.144966,35.789677,HUMAN_OBSERVATION,Disporum smilacinum,Disporum smilacinum
129.038331,35.618655,HUMAN_OBSERVATION,Disporum smilacinum,Disporum smilacinum
127.172463,35.823241,HUMAN_OBSERVATION,Disporum smilacinum,Disporum smilacinum
127.431111,35.607778,HUMAN_OBSERVATION,Disporum smilacinum,Disporum smilacinum
126.87517,35.52258,HUMAN_OBSERVATION,Disporum smilacinum,Disporum smilacinum
127.142768,35.790355,HUMAN_OBSERVATION,Disporum smilacinum,Disporum smilacinum
129.443375,35.600222,HUMAN_OBSERVATION,Disporum smilacinum,Disporum smilacinum
126.717222,36.035,HUMAN_OBSERVATION,Disporum smilacinum,Disporum smilacinum
129.450602,35.597782,HUMAN_OBSERVATION,Disporum smilacinum,Disporum smilacinum
129.44413,35.601102,HUMAN_OBSERVATION,Disporum smilacinum,Disporum smilacinum
129.232123,35.374986,HUMAN_OBSERVATION,Disporum smilacinum,Disporum smilacinum
129.423611,35.596944,HUMAN_OBSERVATION,Disporum smilacinum,Disporum smilacinum
127.169375,35.816436,HUMAN_OBSERVATION,Disporum smilacinum,Disporum smilacinum
127.317804,35.723919,HUMAN_OBSERVATION,Disporum smilacinum,Disporum smilacinum
129.244658,35.63723,HUMAN_OBSERVATION,Disporum smilacinum,Disporum smilacinum
127.142613,35.790254,HUMAN_OBSERVATION,Disporum smilacinum,Disporum smilacinum
127.312036,35.862397,HUMAN_OBSERVATION,Disporum smilacinum,Disporum smilacinum
126.878831,37.77547,HUMAN_OBSERVATION,Disporum smilacinum,Disporum smilacinum
128.146713,37.456795,HUMAN_OBSERVATION,Disporum smilacinum,Disporum smilacinum
128.143987,37.457522,HUMAN_OBSERVATION,Disporum smilacinum,Disporum smilacinum
127.805333,36.070667,PRESERVED_SPECIMEN,Disporum smilacinum,Disporum smilacinum
127.805333,36.070667,PRESERVED_SPECIMEN,Disporum smilacinum,Disporum smilacinum
127.805333,36.070667,PRESERVED_SPECIMEN,Disporum smilacinum,Disporum smilacinum
127.805333,36.070667,PRESERVED_SPECIMEN,Disporum smilacinum,Disporum smilacinum
140.076852,37.652014,HUMAN_OBSERVATION,Disporum smilacinum,Disporum smilacinum
128.342333,36.8535,PRESERVED_SPECIMEN,Disporum smilacinum,Disporum smilacinum
141.378295,43.011655,HUMAN_OBSERVATION,Disporum smilacinum,Disporum smilacinum
119.437907,34.725804,HUMAN_OBSERVATION,Disporum smilacinum,Disporum smilacinum
138.097643,36.405804,PRESERVED_SPECIMEN,Disporum smilacinum,Disporum smilacinum
138.350323,36.41367,PRESERVED_SPECIMEN,Disporum smilacinum,Disporum smilacinum
138.35113,36.38501,PRESERVED_SPECIMEN,Disporum smilacinum,Disporum smilacinum
126.394237,35.817701,HUMAN_OBSERVATION,Disporum smilacinum,Disporum smilacinum
129.055585,35.462767,HUMAN_OBSERVATION,Disporum smilacinum,Disporum smilacinum
126.61361,35.655368,HUMAN_OBSERVATION,Disporum smilacinum,Disporum smilacinum
127.138054,35.802051,HUMAN_OBSERVATION,Disporum smilacinum,Disporum smilacinum
127.142998,35.790255,HUMAN_OBSERVATION,Disporum smilacinum,Disporum smilacinum
126.418803,35.795994,HUMAN_OBSERVATION,Disporum smilacinum,Disporum smilacinum
126.452591,35.830144,HUMAN_OBSERVATION,Disporum smilacinum,Disporum smilacinum
126.452539,35.830192,HUMAN_OBSERVATION,Disporum smilacinum,Disporum smilacinum
126.444821,35.829077,HUMAN_OBSERVATION,Disporum smilacinum,Disporum smilacinum
127.812488,35.914368,HUMAN_OBSERVATION,Disporum smilacinum,Disporum smilacinum
127.688,35.951272,HUMAN_OBSERVATION,Disporum smilacinum,Disporum smilacinum
126.387213,35.810052,HUMAN_OBSERVATION,Disporum smilacinum,Disporum smilacinum
126.447946,35.829283,HUMAN_OBSERVATION,Disporum smilacinum,Disporum smilacinum
126.444305,35.828927,HUMAN_OBSERVATION,Disporum smilacinum,Disporum smilacinum
127.144872,35.786671,HUMAN_OBSERVATION,Disporum smilacinum,Disporum smilacinum
127.459321,35.66185,HUMAN_OBSERVATION,Disporum smilacinum,Disporum smilacinum
128.222778,37.031667,HUMAN_OBSERVATION,Disporum smilacinum,Disporum smilacinum
138.169861,36.099487,HUMAN_OBSERVATION,Disporum smilacinum,Disporum smilacinum
138.163032,36.121255,HUMAN_OBSERVATION,Disporum smilacinum,Disporum smilacinum
140.303052,35.389518,HUMAN_OBSERVATION,Disporum smilacinum,Disporum smilacinum
140.164325,35.625385,HUMAN_OBSERVATION,Disporum smilacinum,Disporum smilacinum
128.342056,36.852861,PRESERVED_SPECIMEN,Disporum smilacinum,Disporum smilacinum
128.006812,37.189395,PRESERVED_SPECIMEN,Disporum smilacinum,Disporum smilacinum
138.368962,36.415334,PRESERVED_SPECIMEN,Disporum smilacinum,Disporum smilacinum
129.075737,35.280362,HUMAN_OBSERVATION,Disporum smilacinum,Disporum smilacinum
129.07711,35.280318,HUMAN_OBSERVATION,Disporum smilacinum,Disporum smilacinum
129.080405,35.278959,HUMAN_OBSERVATION,Disporum smilacinum,Disporum smilacinum
126.472397,35.818627,HUMAN_OBSERVATION,Disporum smilacinum,Disporum smilacinum
126.472041,35.81855,HUMAN_OBSERVATION,Disporum smilacinum,Disporum smilacinum
126.419788,35.802575,HUMAN_OBSERVATION,Disporum smilacinum,Disporum smilacinum
127.146012,35.809584,HUMAN_OBSERVATION,Disporum smilacinum,Disporum smilacinum
127.136685,35.853009,HUMAN_OBSERVATION,Disporum smilacinum,Disporum smilacinum
126.468416,35.819101,HUMAN_OBSERVATION,Disporum smilacinum,Disporum smilacinum
126.472755,35.818497,HUMAN_OBSERVATION,Disporum smilacinum,Disporum smilacinum
127.205556,35.739519,HUMAN_OBSERVATION,Disporum smilacinum,Disporum smilacinum
127.52057,35.296726,HUMAN_OBSERVATION,Disporum smilacinum,Disporum smilacinum
120.666856,36.286455,HUMAN_OBSERVATION,Disporum smilacinum,Disporum smilacinum
126.999139,37.403732,HUMAN_OBSERVATION,Disporum smilacinum,Disporum smilacinum
129.148799,36.396219,HUMAN_OBSERVATION,Disporum smilacinum,Disporum smilacinum
127.144734,35.786622,HUMAN_OBSERVATION,Disporum smilacinum,Disporum smilacinum
127.151744,35.781254,HUMAN_OBSERVATION,Disporum smilacinum,Disporum smilacinum
128.195,38.003333,HUMAN_OBSERVATION,Disporum smilacinum,Disporum smilacinum
126.877457,35.52039,HUMAN_OBSERVATION,Disporum smilacinum,Disporum smilacinum
126.973069,35.488073,HUMAN_OBSERVATION,Disporum smilacinum,Disporum smilacinum
126.355071,36.338514,HUMAN_OBSERVATION,Disporum smilacinum,Disporum smilacinum
127.51254,35.704124,HUMAN_OBSERVATION,Disporum smilacinum,Disporum smilacinum
129.230943,35.388186,HUMAN_OBSERVATION,Disporum smilacinum,Disporum smilacinum
128.308333,37.88,HUMAN_OBSERVATION,Disporum smilacinum,Disporum smilacinum
128.708056,37.478056,HUMAN_OBSERVATION,Disporum smilacinum,Disporum smilacinum
128.428333,37.1075,HUMAN_OBSERVATION,Disporum smilacinum,Disporum smilacinum
128.819444,37.611111,HUMAN_OBSERVATION,Disporum smilacinum,Disporum smilacinum
128.65,37.481111,HUMAN_OBSERVATION,Disporum smilacinum,Disporum smilacinum
127.275,38.341667,HUMAN_OBSERVATION,Disporum smilacinum,Disporum smilacinum
126.943766,35.122535,HUMAN_OBSERVATION,Disporum smilacinum,Disporum smilacinum
139.502474,35.57093,HUMAN_OBSERVATION,Disporum smilacinum,Disporum smilacinum
139.426269,35.597042,HUMAN_OBSERVATION,Disporum smilacinum,Disporum smilacinum
139.241508,35.989649,HUMAN_OBSERVATION,Disporum smilacinum,Disporum smilacinum
139.357373,35.777808,HUMAN_OBSERVATION,Disporum smilacinum,Disporum smilacinum
139.883513,36.578689,HUMAN_OBSERVATION,Disporum smilacinum,Disporum smilacinum
139.253575,35.626917,HUMAN_OBSERVATION,Disporum smilacinum,Disporum smilacinum
136.566704,35.121502,HUMAN_OBSERVATION,Disporum smilacinum,Disporum smilacinum
127.136899,35.852772,HUMAN_OBSERVATION,Disporum smilacinum,Disporum smilacinum
126.583576,35.603381,HUMAN_OBSERVATION,Disporum smilacinum,Disporum smilacinum
128.547792,35.299562,HUMAN_OBSERVATION,Disporum smilacinum,Disporum smilacinum
127.08842,35.7513,HUMAN_OBSERVATION,Disporum smilacinum,Disporum smilacinum
127.142723,35.790364,HUMAN_OBSERVATION,Disporum smilacinum,Disporum smilacinum
127.16631,35.817046,HUMAN_OBSERVATION,Disporum smilacinum,Disporum smilacinum
129.208611,35.788056,HUMAN_OBSERVATION,Disporum smilacinum,Disporum smilacinum
127.136726,35.852841,HUMAN_OBSERVATION,Disporum smilacinum,Disporum smilacinum
127.611944,35.6425,HUMAN_OBSERVATION,Disporum smilacinum,Disporum smilacinum
127.151215,35.788864,HUMAN_OBSERVATION,Disporum smilacinum,Disporum smilacinum
127.092763,35.745183,HUMAN_OBSERVATION,Disporum smilacinum,Disporum smilacinum
129.042038,35.184785,HUMAN_OBSERVATION,Disporum smilacinum,Disporum smilacinum
126.649537,35.662457,HUMAN_OBSERVATION,Disporum smilacinum,Disporum smilacinum
129.369797,35.674767,HUMAN_OBSERVATION,Disporum smilacinum,Disporum smilacinum
127.040448,37.354899,HUMAN_OBSERVATION,Disporum smilacinum,Disporum smilacinum
128.144105,37.457177,HUMAN_OBSERVATION,Disporum smilacinum,Disporum smilacinum
137.921775,35.286744,HUMAN_OBSERVATION,Disporum smilacinum,Disporum smilacinum
127.035653,36.025811,HUMAN_OBSERVATION,Disporum smilacinum,Disporum smilacinum
128.144726,37.457146,HUMAN_OBSERVATION,Disporum smilacinum,Disporum smilacinum
126.368403,35.817644,HUMAN_OBSERVATION,Disporum smilacinum,Disporum smilacinum
138.044161,36.686025,HUMAN_OBSERVATION,Disporum smilacinum,Disporum smilacinum
139.023056,36.593056,PRESERVED_SPECIMEN,Disporum smilacinum,Disporum smilacinum
138.51377,36.333836,HUMAN_OBSERVATION,Disporum smilacinum,Disporum smilacinum
140.160423,39.657828,HUMAN_OBSERVATION,Disporum smilacinum,Disporum smilacinum
139.141107,35.986422,HUMAN_OBSERVATION,Disporum smilacinum,Disporum smilacinum
138.383961,36.365017,PRESERVED_SPECIMEN,Disporum smilacinum,Disporum smilacinum
138.390613,36.393634,PRESERVED_SPECIMEN,Disporum smilacinum,Disporum smilacinum
138.404989,36.40448,PRESERVED_SPECIMEN,Disporum smilacinum,Disporum smilacinum
138.195691,36.204235,PRESERVED_SPECIMEN,Disporum smilacinum,Disporum smilacinum
129.191202,35.50099,HUMAN_OBSERVATION,Disporum smilacinum,Disporum smilacinum
128.856389,35.744722,HUMAN_OBSERVATION,Disporum smilacinum,Disporum smilacinum
127.442222,35.621389,HUMAN_OBSERVATION,Disporum smilacinum,Disporum smilacinum
127.130833,35.788056,HUMAN_OBSERVATION,Disporum smilacinum,Disporum smilacinum
129.01735,36.183362,HUMAN_OBSERVATION,Disporum smilacinum,Disporum smilacinum
127.983611,35.481389,HUMAN_OBSERVATION,Disporum smilacinum,Disporum smilacinum
126.876667,35.524167,HUMAN_OBSERVATION,Disporum smilacinum,Disporum smilacinum
127.162586,35.805315,HUMAN_OBSERVATION,Disporum smilacinum,Disporum smilacinum
127.07756,34.717666,HUMAN_OBSERVATION,Disporum smilacinum,Disporum smilacinum
126.87555,35.523204,HUMAN_OBSERVATION,Disporum smilacinum,Disporum smilacinum
127.094703,35.750753,HUMAN_OBSERVATION,Disporum smilacinum,Disporum smilacinum
127.689722,35.946111,HUMAN_OBSERVATION,Disporum smilacinum,Disporum smilacinum
127.144129,35.786944,HUMAN_OBSERVATION,Disporum smilacinum,Disporum smilacinum
129.125698,35.110921,HUMAN_OBSERVATION,Disporum smilacinum,Disporum smilacinum
136.382069,35.788934,HUMAN_OBSERVATION,Disporum smilacinum,Disporum smilacinum
128.144899,37.457332,HUMAN_OBSERVATION,Disporum smilacinum,Disporum smilacinum
128.4201,38.5152,HUMAN_OBSERVATION,Disporum smilacinum,Disporum smilacinum
127.570068,35.52924,PRESERVED_SPECIMEN,Disporum smilacinum,Disporum smilacinum
128.89956,37.148436,HUMAN_OBSERVATION,Disporum smilacinum,Disporum smilacinum
128.055807,35.300052,HUMAN_OBSERVATION,Disporum smilacinum,Disporum smilacinum
127.043046,37.415325,HUMAN_OBSERVATION,Disporum smilacinum,Disporum smilacinum
127.04695,37.413517,HUMAN_OBSERVATION,Disporum smilacinum,Disporum smilacinum
127.14241,35.783425,HUMAN_OBSERVATION,Disporum smilacinum,Disporum smilacinum
128.907222,35.426111,HUMAN_OBSERVATION,Disporum smilacinum,Disporum smilacinum
127.47132,35.675287,HUMAN_OBSERVATION,Disporum smilacinum,Disporum smilacinum
127.40125,35.756531,HUMAN_OBSERVATION,Disporum smilacinum,Disporum smilacinum
127.065011,37.417178,HUMAN_OBSERVATION,Disporum smilacinum,Disporum smilacinum
127.063461,37.415664,HUMAN_OBSERVATION,Disporum smilacinum,Disporum smilacinum
128.464016,38.219556,HUMAN_OBSERVATION,Disporum smilacinum,Disporum smilacinum
127.467541,35.636886,HUMAN_OBSERVATION,Disporum smilacinum,Disporum smilacinum
127.431667,35.587778,HUMAN_OBSERVATION,Disporum smilacinum,Disporum smilacinum
127.390278,35.6375,HUMAN_OBSERVATION,Disporum smilacinum,Disporum smilacinum
126.629444,34.629167,HUMAN_OBSERVATION,Disporum smilacinum,Disporum smilacinum
128.539856,35.712265,PRESERVED_SPECIMEN,Disporum smilacinum,Disporum smilacinum
129.101833,35.638028,PRESERVED_SPECIMEN,Disporum smilacinum,Disporum smilacinum
128.526111,35.301389,HUMAN_OBSERVATION,Disporum smilacinum,Disporum smilacinum
127.143808,35.788151,HUMAN_OBSERVATION,Disporum smilacinum,Disporum smilacinum
127.097516,35.749671,HUMAN_OBSERVATION,Disporum smilacinum,Disporum smilacinum
129.079982,35.241806,HUMAN_OBSERVATION,Disporum smilacinum,Disporum smilacinum
129.153178,35.263727,HUMAN_OBSERVATION,Disporum smilacinum,Disporum smilacinum
129.083114,35.056158,HUMAN_OBSERVATION,Disporum smilacinum,Disporum smilacinum
129.250556,35.641944,HUMAN_OBSERVATION,Disporum smilacinum,Disporum smilacinum
127.8096,35.40485,PRESERVED_SPECIMEN,Disporum smilacinum,Disporum smilacinum
127.8096,35.40485,PRESERVED_SPECIMEN,Disporum smilacinum,Disporum smilacinum
127.8096,35.40485,PRESERVED_SPECIMEN,Disporum smilacinum,Disporum smilacinum
127.8096,35.40485,PRESERVED_SPECIMEN,Disporum smilacinum,Disporum smilacinum
127.8096,35.40485,PRESERVED_SPECIMEN,Disporum smilacinum,Disporum smilacinum
127.8096,35.40485,PRESERVED_SPECIMEN,Disporum smilacinum,Disporum smilacinum
127.8096,35.40485,PRESERVED_SPECIMEN,Disporum smilacinum,Disporum smilacinum
127.8096,35.40485,PRESERVED_SPECIMEN,Disporum smilacinum,Disporum smilacinum
127.8096,35.40485,PRESERVED_SPECIMEN,Disporum smilacinum,Disporum smilacinum
127.8096,35.40485,PRESERVED_SPECIMEN,Disporum smilacinum,Disporum smilacinum
127.8096,35.40485,PRESERVED_SPECIMEN,Disporum smilacinum,Disporum smilacinum
127.8096,35.40485,PRESERVED_SPECIMEN,Disporum smilacinum,Disporum smilacinum
127.8096,35.40485,PRESERVED_SPECIMEN,Disporum smilacinum,Disporum smilacinum
127.8096,35.40485,PRESERVED_SPECIMEN,Disporum smilacinum,Disporum smilacinum
127.8096,35.40485,PRESERVED_SPECIMEN,Disporum smilacinum,Disporum smilacinum
127.8096,35.40485,PRESERVED_SPECIMEN,Disporum smilacinum,Disporum smilacinum
127.8096,35.40485,PRESERVED_SPECIMEN,Disporum smilacinum,Disporum smilacinum
127.8096,35.40485,PRESERVED_SPECIMEN,Disporum smilacinum,Disporum smilacinum
127.8096,35.40485,PRESERVED_SPECIMEN,Disporum smilacinum,Disporum smilacinum
127.8096,35.40485,PRESERVED_SPECIMEN,Disporum smilacinum,Disporum smilacinum
128.511734,35.714165,PRESERVED_SPECIMEN,Disporum smilacinum,Disporum smilacinum
128.511765,35.714188,PRESERVED_SPECIMEN,Disporum smilacinum,Disporum smilacinum
138.356076,36.379642,PRESERVED_SPECIMEN,Disporum smilacinum,Disporum smilacinum
139.099186,35.799834,HUMAN_OBSERVATION,Disporum smilacinum,Disporum smilacinum
139.143877,35.835673,HUMAN_OBSERVATION,Disporum smilacinum,Disporum smilacinum
140.72,37.196111,PRESERVED_SPECIMEN,Disporum smilacinum,Disporum smilacinum
138.812054,35.543415,HUMAN_OBSERVATION,Disporum smilacinum,Disporum smilacinum
140.797778,37.108889,PRESERVED_SPECIMEN,Disporum smilacinum,Disporum smilacinum
138.1518,36.7232,PRESERVED_SPECIMEN,Disporum smilacinum,Disporum smilacinum
138.1518,36.7232,PRESERVED_SPECIMEN,Disporum smilacinum,Disporum smilacinum
127.463646,35.394955,HUMAN_OBSERVATION,Disporum smilacinum,Disporum smilacinum
127.136667,35.853056,HUMAN_OBSERVATION,Disporum smilacinum,Disporum smilacinum
127.142664,35.790411,HUMAN_OBSERVATION,Disporum smilacinum,Disporum smilacinum
127.142617,35.79035,HUMAN_OBSERVATION,Disporum smilacinum,Disporum smilacinum
127.299731,35.798868,HUMAN_OBSERVATION,Disporum smilacinum,Disporum smilacinum
126.297478,37.717426,PRESERVED_SPECIMEN,Disporum smilacinum,Disporum smilacinum
127.005042,37.54449,HUMAN_OBSERVATION,Disporum smilacinum,Disporum smilacinum
140.797778,37.108889,PRESERVED_SPECIMEN,Disporum smilacinum,Disporum smilacinum
127.155441,37.372327,HUMAN_OBSERVATION,Disporum smilacinum,Disporum smilacinum
127.327778,36.133611,PRESERVED_SPECIMEN,Disporum smilacinum,Disporum smilacinum
127.327778,36.133611,PRESERVED_SPECIMEN,Disporum smilacinum,Disporum smilacinum
127.327778,36.133611,PRESERVED_SPECIMEN,Disporum smilacinum,Disporum smilacinum
127.327778,36.133611,PRESERVED_SPECIMEN,Disporum smilacinum,Disporum smilacinum
127.327778,36.133611,PRESERVED_SPECIMEN,Disporum smilacinum,Disporum smilacinum
127.327778,36.133611,PRESERVED_SPECIMEN,Disporum smilacinum,Disporum smilacinum
127.327778,36.133611,PRESERVED_SPECIMEN,Disporum smilacinum,Disporum smilacinum
127.327778,36.133611,PRESERVED_SPECIMEN,Disporum smilacinum,Disporum smilacinum
127.327778,36.133611,PRESERVED_SPECIMEN,Disporum smilacinum,Disporum smilacinum
127.327778,36.133611,PRESERVED_SPECIMEN,Disporum smilacinum,Disporum smilacinum
137.927533,36.811998,PRESERVED_SPECIMEN,Disporum smilacinum,Disporum smilacinum
127.488056,35.390278,HUMAN_OBSERVATION,Disporum smilacinum,Disporum smilacinum
138.094282,36.376135,PRESERVED_SPECIMEN,Disporum smilacinum,Disporum smilacinum
127.177215,37.475389,HUMAN_OBSERVATION,Disporum smilacinum,Disporum smilacinum
139.253611,36.9675,PRESERVED_SPECIMEN,Disporum smilacinum,Disporum smilacinum
128.282778,38.126667,HUMAN_OBSERVATION,Disporum smilacinum,Disporum smilacinum
128.668056,37.591944,HUMAN_OBSERVATION,Disporum smilacinum,Disporum smilacinum
126.410956,35.389422,HUMAN_OBSERVATION,Disporum smilacinum,Disporum smilacinum
139.082742,35.778132,HUMAN_OBSERVATION,Disporum smilacinum,Disporum smilacinum
126.596639,34.593553,HUMAN_OBSERVATION,Disporum smilacinum,Disporum smilacinum
127.688361,36.410556,HUMAN_OBSERVATION,Disporum smilacinum,Disporum smilacinum
129.060889,36.506056,HUMAN_OBSERVATION,Disporum smilacinum,Disporum smilacinum
126.8311,35.017022,HUMAN_OBSERVATION,Disporum smilacinum,Disporum smilacinum
128.413611,35.196389,HUMAN_OBSERVATION,Disporum smilacinum,Disporum smilacinum
128.550833,35.491389,HUMAN_OBSERVATION,Disporum smilacinum,Disporum smilacinum
126.564722,34.349361,HUMAN_OBSERVATION,Disporum smilacinum,Disporum smilacinum
126.8311,35.017022,HUMAN_OBSERVATION,Disporum smilacinum,Disporum smilacinum
126.614167,35.284167,HUMAN_OBSERVATION,Disporum smilacinum,Disporum smilacinum
126.168194,37.223056,HUMAN_OBSERVATION,Disporum smilacinum,Disporum smilacinum
128.722517,37.204183,HUMAN_OBSERVATION,Disporum smilacinum,Disporum smilacinum
127.534917,36.463972,HUMAN_OBSERVATION,Disporum smilacinum,Disporum smilacinum
126.614167,35.282222,HUMAN_OBSERVATION,Disporum smilacinum,Disporum smilacinum
126.124472,37.219333,HUMAN_OBSERVATION,Disporum smilacinum,Disporum smilacinum
126.260522,36.298867,HUMAN_OBSERVATION,Disporum smilacinum,Disporum smilacinum
128.189269,34.69905,HUMAN_OBSERVATION,Disporum smilacinum,Disporum smilacinum
128.259667,38.166167,HUMAN_OBSERVATION,Disporum smilacinum,Disporum smilacinum
126.5575,35.187778,HUMAN_OBSERVATION,Disporum smilacinum,Disporum smilacinum
127.789278,35.224361,HUMAN_OBSERVATION,Disporum smilacinum,Disporum smilacinum
127.160806,38.128444,HUMAN_OBSERVATION,Disporum smilacinum,Disporum smilacinum
128.300278,35.261528,HUMAN_OBSERVATION,Disporum smilacinum,Disporum smilacinum
128.778367,37.213025,HUMAN_OBSERVATION,Disporum smilacinum,Disporum smilacinum
127.041806,34.425969,HUMAN_OBSERVATION,Disporum smilacinum,Disporum smilacinum
129.131803,35.314311,HUMAN_OBSERVATION,Disporum smilacinum,Disporum smilacinum
126.611389,35.283611,HUMAN_OBSERVATION,Disporum smilacinum,Disporum smilacinum
127.694694,35.184278,HUMAN_OBSERVATION,Disporum smilacinum,Disporum smilacinum
128.513389,37.946556,HUMAN_OBSERVATION,Disporum smilacinum,Disporum smilacinum
126.256233,34.846953,HUMAN_OBSERVATION,Disporum smilacinum,Disporum smilacinum
126.615278,35.278889,HUMAN_OBSERVATION,Disporum smilacinum,Disporum smilacinum
140.11,36.1,PRESERVED_SPECIMEN,Disporum smilacinum,Disporum smilacinum
127.2827,37.680599,HUMAN_OBSERVATION,Disporum smilacinum,Disporum smilacinum
127.283005,37.675995,HUMAN_OBSERVATION,Disporum smilacinum,Disporum smilacinum
127.251007,37.68721,HUMAN_OBSERVATION,Disporum smilacinum,Disporum smilacinum
127.263275,37.688396,HUMAN_OBSERVATION,Disporum smilacinum,Disporum smilacinum
127.262878,37.681576,HUMAN_OBSERVATION,Disporum smilacinum,Disporum smilacinum
139.757456,35.687897,HUMAN_OBSERVATION,Disporum smilacinum,Disporum smilacinum
140.458333,37.68,PRESERVED_SPECIMEN,Disporum smilacinum,Disporum smilacinum
140.456111,37.683333,PRESERVED_SPECIMEN,Disporum smilacinum,Disporum smilacinum
138.26875,36.6125,PRESERVED_SPECIMEN,Disporum smilacinum,Disporum smilacinum
127.005133,37.544017,HUMAN_OBSERVATION,Disporum smilacinum,Disporum smilacinum
139.417614,35.58561,PRESERVED_SPECIMEN,Disporum smilacinum,Disporum smilacinum
127.372806,38.196778,HUMAN_OBSERVATION,Disporum smilacinum,Disporum smilacinum
128.387083,37.787944,HUMAN_OBSERVATION,Disporum smilacinum,Disporum smilacinum
129.099583,37.0995,HUMAN_OBSERVATION,Disporum smilacinum,Disporum smilacinum
129.129667,37.083722,HUMAN_OBSERVATION,Disporum smilacinum,Disporum smilacinum
126.089417,34.841889,HUMAN_OBSERVATION,Disporum smilacinum,Disporum smilacinum
127.148556,35.170028,HUMAN_OBSERVATION,Disporum smilacinum,Disporum smilacinum
127.683322,36.821408,HUMAN_OBSERVATION,Disporum smilacinum,Disporum smilacinum
128.906722,37.153361,HUMAN_OBSERVATION,Disporum smilacinum,Disporum smilacinum
126.554722,35.205,HUMAN_OBSERVATION,Disporum smilacinum,Disporum smilacinum
126.56,35.2,HUMAN_OBSERVATION,Disporum smilacinum,Disporum smilacinum
128.190048,36.705845,HUMAN_OBSERVATION,Disporum smilacinum,Disporum smilacinum
128.395889,38.473556,HUMAN_OBSERVATION,Disporum smilacinum,Disporum smilacinum
128.790206,35.765731,HUMAN_OBSERVATION,Disporum smilacinum,Disporum smilacinum
127.5738,35.543556,HUMAN_OBSERVATION,Disporum smilacinum,Disporum smilacinum
126.608611,35.273333,HUMAN_OBSERVATION,Disporum smilacinum,Disporum smilacinum
128.301111,35.25625,HUMAN_OBSERVATION,Disporum smilacinum,Disporum smilacinum
129.402128,35.891369,HUMAN_OBSERVATION,Disporum smilacinum,Disporum smilacinum
127.538386,36.825117,HUMAN_OBSERVATION,Disporum smilacinum,Disporum smilacinum
127.258361,35.206444,HUMAN_OBSERVATION,Disporum smilacinum,Disporum smilacinum
129.418219,35.761492,HUMAN_OBSERVATION,Disporum smilacinum,Disporum smilacinum
128.581797,37.070164,HUMAN_OBSERVATION,Disporum smilacinum,Disporum smilacinum
128.834333,37.012694,HUMAN_OBSERVATION,Disporum smilacinum,Disporum smilacinum
127.791139,35.226306,HUMAN_OBSERVATION,Disporum smilacinum,Disporum smilacinum
129.122083,37.091444,HUMAN_OBSERVATION,Disporum smilacinum,Disporum smilacinum
126.146944,35.293889,HUMAN_OBSERVATION,Disporum smilacinum,Disporum smilacinum
128.975975,37.290625,HUMAN_OBSERVATION,Disporum smilacinum,Disporum smilacinum
128.281042,37.598847,HUMAN_OBSERVATION,Disporum smilacinum,Disporum smilacinum
126.048583,34.893,HUMAN_OBSERVATION,Disporum smilacinum,Disporum smilacinum
128.715564,35.802731,HUMAN_OBSERVATION,Disporum smilacinum,Disporum smilacinum
129.132611,37.082833,HUMAN_OBSERVATION,Disporum smilacinum,Disporum smilacinum
125.118981,34.068756,HUMAN_OBSERVATION,Disporum smilacinum,Disporum smilacinum
139.688333,37.161944,PRESERVED_SPECIMEN,Disporum smilacinum,Disporum smilacinum
138.233214,36.287814,PRESERVED_SPECIMEN,Disporum smilacinum,Disporum smilacinum
138.389186,36.499061,PRESERVED_SPECIMEN,Disporum smilacinum,Disporum smilacinum
138.279119,36.240986,PRESERVED_SPECIMEN,Disporum smilacinum,Disporum smilacinum
139.605556,37.302778000000004,PRESERVED_SPECIMEN,Disporum smilacinum,Disporum smilacinum
126.992981,37.548786,HUMAN_OBSERVATION,Disporum smilacinum,Disporum smilacinum
126.603333,35.275278,HUMAN_OBSERVATION,Disporum smilacinum,Disporum smilacinum
129.119861,37.092444,HUMAN_OBSERVATION,Disporum smilacinum,Disporum smilacinum
126.554722,35.193333,HUMAN_OBSERVATION,Disporum smilacinum,Disporum smilacinum
126.152444,34.775528,HUMAN_OBSERVATION,Disporum smilacinum,Disporum smilacinum
126.140833,35.291111,HUMAN_OBSERVATION,Disporum smilacinum,Disporum smilacinum
128.167933,37.225411,HUMAN_OBSERVATION,Disporum smilacinum,Disporum smilacinum
128.026672,34.741208,HUMAN_OBSERVATION,Disporum smilacinum,Disporum smilacinum
129.088111,37.115222,HUMAN_OBSERVATION,Disporum smilacinum,Disporum smilacinum
128.919308,35.273206,HUMAN_OBSERVATION,Disporum smilacinum,Disporum smilacinum
128.308292,37.385972,HUMAN_OBSERVATION,Disporum smilacinum,Disporum smilacinum
129.058878,35.279367,HUMAN_OBSERVATION,Disporum smilacinum,Disporum smilacinum
128.510167,38.291889,HUMAN_OBSERVATION,Disporum smilacinum,Disporum smilacinum
128.286389,35.258611,HUMAN_OBSERVATION,Disporum smilacinum,Disporum smilacinum
129.08975,37.1175,HUMAN_OBSERVATION,Disporum smilacinum,Disporum smilacinum
128.671292,35.781325,HUMAN_OBSERVATION,Disporum smilacinum,Disporum smilacinum
126.140833,35.291111,HUMAN_OBSERVATION,Disporum smilacinum,Disporum smilacinum
141.28428,39.53467,PRESERVED_SPECIMEN,Disporum smilacinum,Disporum smilacinum
141.28428,39.53467,PRESERVED_SPECIMEN,Disporum smilacinum,Disporum smilacinum
141.7504,40.0505,PRESERVED_SPECIMEN,Disporum smilacinum,Disporum smilacinum
139.4678,37.6991,PRESERVED_SPECIMEN,Disporum smilacinum,Disporum smilacinum
128.768722,36.508667,HUMAN_OBSERVATION,Disporum smilacinum,Disporum smilacinum
126.522444,34.293806,HUMAN_OBSERVATION,Disporum smilacinum,Disporum smilacinum
126.52425,34.296139,HUMAN_OBSERVATION,Disporum smilacinum,Disporum smilacinum
128.382194,37.772806,HUMAN_OBSERVATION,Disporum smilacinum,Disporum smilacinum
129.205278,36.635611,HUMAN_OBSERVATION,Disporum smilacinum,Disporum smilacinum
126.887778,35.325,HUMAN_OBSERVATION,Disporum smilacinum,Disporum smilacinum
129.046222,36.256778,HUMAN_OBSERVATION,Disporum smilacinum,Disporum smilacinum
128.273492,37.391253,HUMAN_OBSERVATION,Disporum smilacinum,Disporum smilacinum
128.043864,38.072331,HUMAN_OBSERVATION,Disporum smilacinum,Disporum smilacinum
126.727031,35.367322,HUMAN_OBSERVATION,Disporum smilacinum,Disporum smilacinum
128.537358,37.536008,HUMAN_OBSERVATION,Disporum smilacinum,Disporum smilacinum
128.975675,36.161656,HUMAN_OBSERVATION,Disporum smilacinum,Disporum smilacinum
126.548611,35.185278,HUMAN_OBSERVATION,Disporum smilacinum,Disporum smilacinum
128.230833,35.278611,HUMAN_OBSERVATION,Disporum smilacinum,Disporum smilacinum
126.121028,37.230722,HUMAN_OBSERVATION,Disporum smilacinum,Disporum smilacinum
126.553611,35.195278,HUMAN_OBSERVATION,Disporum smilacinum,Disporum smilacinum
128.311667,35.252083,HUMAN_OBSERVATION,Disporum smilacinum,Disporum smilacinum
138.6397,36.8771,PRESERVED_SPECIMEN,Disporum smilacinum,Disporum smilacinum
138.6692,36.9645,PRESERVED_SPECIMEN,Disporum smilacinum,Disporum smilacinum
126.564139,34.354889,HUMAN_OBSERVATION,Disporum smilacinum,Disporum smilacinum
128.377778,35.196806,HUMAN_OBSERVATION,Disporum smilacinum,Disporum smilacinum
126.983611,34.323333,HUMAN_OBSERVATION,Disporum smilacinum,Disporum smilacinum
126.321,33.948722,HUMAN_OBSERVATION,Disporum smilacinum,Disporum smilacinum
128.42875,38.476528,HUMAN_OBSERVATION,Disporum smilacinum,Disporum smilacinum
128.280917,38.062722,HUMAN_OBSERVATION,Disporum smilacinum,Disporum smilacinum
128.386944,38.473889,HUMAN_OBSERVATION,Disporum smilacinum,Disporum smilacinum
128.151075,37.220411,HUMAN_OBSERVATION,Disporum smilacinum,Disporum smilacinum
128.265625,34.645008,HUMAN_OBSERVATION,Disporum smilacinum,Disporum smilacinum
126.072594,36.223419,HUMAN_OBSERVATION,Disporum smilacinum,Disporum smilacinum
128.157947,38.085494,HUMAN_OBSERVATION,Disporum smilacinum,Disporum smilacinum
127.691528,35.173444,HUMAN_OBSERVATION,Disporum smilacinum,Disporum smilacinum
126.366283,34.573433,HUMAN_OBSERVATION,Disporum smilacinum,Disporum smilacinum
128.652058,37.071061,HUMAN_OBSERVATION,Disporum smilacinum,Disporum smilacinum
128.300278,35.261528,HUMAN_OBSERVATION,Disporum smilacinum,Disporum smilacinum
126.797778,35.608889,HUMAN_OBSERVATION,Disporum smilacinum,Disporum smilacinum
128.526392,37.380556,HUMAN_OBSERVATION,Disporum smilacinum,Disporum smilacinum
127.433833,38.28525,PRESERVED_SPECIMEN,Disporum smilacinum,Disporum smilacinum
128.158028,38.326917,PRESERVED_SPECIMEN,Disporum smilacinum,Disporum smilacinum
127.865306,38.288111,PRESERVED_SPECIMEN,Disporum smilacinum,Disporum smilacinum
128.991667,35.7,HUMAN_OBSERVATION,Disporum smilacinum,Disporum smilacinum
127.232006,35.910242,HUMAN_OBSERVATION,Disporum smilacinum,Disporum smilacinum
126.621944,33.446528,HUMAN_OBSERVATION,Disporum smilacinum,Disporum smilacinum
126.817944,34.870167,HUMAN_OBSERVATION,Disporum smilacinum,Disporum smilacinum
126.636528,33.392222,HUMAN_OBSERVATION,Disporum smilacinum,Disporum smilacinum
127.230306,36.414194,HUMAN_OBSERVATION,Disporum smilacinum,Disporum smilacinum
126.901722,37.365111,HUMAN_OBSERVATION,Disporum smilacinum,Disporum smilacinum
127.452258,34.956744,HUMAN_OBSERVATION,Disporum smilacinum,Disporum smilacinum
126.802861,33.481222,HUMAN_OBSERVATION,Disporum smilacinum,Disporum smilacinum
126.844722,37.204444,HUMAN_OBSERVATION,Disporum smilacinum,Disporum smilacinum
127.409167,34.680556,HUMAN_OBSERVATION,Disporum smilacinum,Disporum smilacinum
126.816947,36.078292,HUMAN_OBSERVATION,Disporum smilacinum,Disporum smilacinum
126.901722,37.365111,HUMAN_OBSERVATION,Disporum smilacinum,Disporum smilacinum
127.698797,34.821389,HUMAN_OBSERVATION,Disporum smilacinum,Disporum smilacinum
127.473889,36.053333,HUMAN_OBSERVATION,Disporum smilacinum,Disporum smilacinum
126.453889,33.309472,HUMAN_OBSERVATION,Disporum smilacinum,Disporum smilacinum
127.077778,34.93,HUMAN_OBSERVATION,Disporum smilacinum,Disporum smilacinum
126.706389,37.14,HUMAN_OBSERVATION,Disporum smilacinum,Disporum smilacinum
128.104022,34.999392,HUMAN_OBSERVATION,Disporum smilacinum,Disporum smilacinum
126.778889,37.454167,HUMAN_OBSERVATION,Disporum smilacinum,Disporum smilacinum
127.033889,36.02,HUMAN_OBSERVATION,Disporum smilacinum,Disporum smilacinum
126.657028,33.430667,HUMAN_OBSERVATION,Disporum smilacinum,Disporum smilacinum
128.002803,34.868789,HUMAN_OBSERVATION,Disporum smilacinum,Disporum smilacinum
127.033889,36.02,HUMAN_OBSERVATION,Disporum smilacinum,Disporum smilacinum
126.832694,37.369917,HUMAN_OBSERVATION,Disporum smilacinum,Disporum smilacinum
127.425008,34.517003,HUMAN_OBSERVATION,Disporum smilacinum,Disporum smilacinum
126.694361,33.369167,HUMAN_OBSERVATION,Disporum smilacinum,Disporum smilacinum
126.810472,36.428528,HUMAN_OBSERVATION,Disporum smilacinum,Disporum smilacinum
126.671986,36.125192,HUMAN_OBSERVATION,Disporum smilacinum,Disporum smilacinum
126.699642,36.204803,HUMAN_OBSERVATION,Disporum smilacinum,Disporum smilacinum
126.463917,37.259661,HUMAN_OBSERVATION,Disporum smilacinum,Disporum smilacinum
126.916906,37.18455,HUMAN_OBSERVATION,Disporum smilacinum,Disporum smilacinum
135.47971,35.49686,PRESERVED_SPECIMEN,Disporum smilacinum,Disporum smilacinum
135.492266,35.445063,PRESERVED_SPECIMEN,Disporum smilacinum,Disporum smilacinum
127.006193,37.544159,HUMAN_OBSERVATION,Disporum smilacinum,Disporum smilacinum
128.142643,37.459735,HUMAN_OBSERVATION,Disporum smilacinum,Disporum smilacinum
140.8777698,39.3820612,PRESERVED_SPECIMEN,Disporum smilacinum,Disporum smilacinum
141.1902205,39.8153526,PRESERVED_SPECIMEN,Disporum smilacinum,Disporum smilacinum
141.1902205,39.8153526,PRESERVED_SPECIMEN,Disporum smilacinum,Disporum smilacinum
141.2526999,40.1069871,PRESERVED_SPECIMEN,Disporum smilacinum,Disporum smilacinum
141.24375,40.104167,PRESERVED_SPECIMEN,Disporum smilacinum,Disporum smilacinum
127.256667,36.321944,HUMAN_OBSERVATION,Disporum smilacinum,Disporum smilacinum
126.737114,35.924928,HUMAN_OBSERVATION,Disporum smilacinum,Disporum smilacinum
127.568,37.055694,HUMAN_OBSERVATION,Disporum smilacinum,Disporum smilacinum
127.054083,37.350139,HUMAN_OBSERVATION,Disporum smilacinum,Disporum smilacinum
127.359417,37.422806,HUMAN_OBSERVATION,Disporum smilacinum,Disporum smilacinum
127.835333,36.069056,HUMAN_OBSERVATION,Disporum smilacinum,Disporum smilacinum
126.414381,37.38245,HUMAN_OBSERVATION,Disporum smilacinum,Disporum smilacinum
127.647194,34.943189,HUMAN_OBSERVATION,Disporum smilacinum,Disporum smilacinum
127.103703,37.067789,HUMAN_OBSERVATION,Disporum smilacinum,Disporum smilacinum
127.323553,34.810872,HUMAN_OBSERVATION,Disporum smilacinum,Disporum smilacinum
127.932922,36.090714,HUMAN_OBSERVATION,Disporum smilacinum,Disporum smilacinum
127.682306,37.127211,HUMAN_OBSERVATION,Disporum smilacinum,Disporum smilacinum
126.470594,35.815719,HUMAN_OBSERVATION,Disporum smilacinum,Disporum smilacinum
128.064778,36.186861,HUMAN_OBSERVATION,Disporum smilacinum,Disporum smilacinum
127.682306,37.127211,HUMAN_OBSERVATION,Disporum smilacinum,Disporum smilacinum
126.877778,36.056944,HUMAN_OBSERVATION,Disporum smilacinum,Disporum smilacinum
127.040833,36.017222,HUMAN_OBSERVATION,Disporum smilacinum,Disporum smilacinum
127.209222,37.365194,HUMAN_OBSERVATION,Disporum smilacinum,Disporum smilacinum
127.773214,34.680456,HUMAN_OBSERVATION,Disporum smilacinum,Disporum smilacinum
127.682306,37.127211,HUMAN_OBSERVATION,Disporum smilacinum,Disporum smilacinum
127.022306,34.782472,HUMAN_OBSERVATION,Disporum smilacinum,Disporum smilacinum
127.682306,37.127211,HUMAN_OBSERVATION,Disporum smilacinum,Disporum smilacinum
126.888694,37.363722,HUMAN_OBSERVATION,Disporum smilacinum,Disporum smilacinum
127.682306,37.127211,HUMAN_OBSERVATION,Disporum smilacinum,Disporum smilacinum
127.682306,37.127211,HUMAN_OBSERVATION,Disporum smilacinum,Disporum smilacinum
127.228028,36.409722,HUMAN_OBSERVATION,Disporum smilacinum,Disporum smilacinum
127.180678,34.800806,HUMAN_OBSERVATION,Disporum smilacinum,Disporum smilacinum
127.682306,37.127211,HUMAN_OBSERVATION,Disporum smilacinum,Disporum smilacinum
127.682306,37.127211,HUMAN_OBSERVATION,Disporum smilacinum,Disporum smilacinum
127.483758,36.323908,HUMAN_OBSERVATION,Disporum smilacinum,Disporum smilacinum
127.245083,36.220583,HUMAN_OBSERVATION,Disporum smilacinum,Disporum smilacinum
126.781244,36.308367,HUMAN_OBSERVATION,Disporum smilacinum,Disporum smilacinum
127.484106,36.324836,HUMAN_OBSERVATION,Disporum smilacinum,Disporum smilacinum
126.959917,36.284639,HUMAN_OBSERVATION,Disporum smilacinum,Disporum smilacinum
126.628333,36.223056,HUMAN_OBSERVATION,Disporum smilacinum,Disporum smilacinum
126.955,37.445556,HUMAN_OBSERVATION,Disporum smilacinum,Disporum smilacinum
127.452211,37.153156,HUMAN_OBSERVATION,Disporum smilacinum,Disporum smilacinum
127.605467,34.673283,HUMAN_OBSERVATION,Disporum smilacinum,Disporum smilacinum
127.016972,36.22375,HUMAN_OBSERVATION,Disporum smilacinum,Disporum smilacinum
128.26766,34.97145,HUMAN_OBSERVATION,Disporum smilacinum,Disporum smilacinum
127.450842,34.957081,HUMAN_OBSERVATION,Disporum smilacinum,Disporum smilacinum
127.396667,37.025,HUMAN_OBSERVATION,Disporum smilacinum,Disporum smilacinum
126.928222,37.278889,HUMAN_OBSERVATION,Disporum smilacinum,Disporum smilacinum
127.203333,36.286667,HUMAN_OBSERVATION,Disporum smilacinum,Disporum smilacinum
127.150742,36.024981,HUMAN_OBSERVATION,Disporum smilacinum,Disporum smilacinum
127.842194,36.19825,HUMAN_OBSERVATION,Disporum smilacinum,Disporum smilacinum
127.511786,34.975306,HUMAN_OBSERVATION,Disporum smilacinum,Disporum smilacinum
126.692267,36.281042,HUMAN_OBSERVATION,Disporum smilacinum,Disporum smilacinum
126.598611,36.279722,HUMAN_OBSERVATION,Disporum smilacinum,Disporum smilacinum
127.059694,36.344167,HUMAN_OBSERVATION,Disporum smilacinum,Disporum smilacinum
127.695881,36.062689,HUMAN_OBSERVATION,Disporum smilacinum,Disporum smilacinum
128.065389,36.18625,HUMAN_OBSERVATION,Disporum smilacinum,Disporum smilacinum
127.115683,37.138744,HUMAN_OBSERVATION,Disporum smilacinum,Disporum smilacinum
126.899472,36.204778,HUMAN_OBSERVATION,Disporum smilacinum,Disporum smilacinum
127.682306,37.127211,HUMAN_OBSERVATION,Disporum smilacinum,Disporum smilacinum
127.041944,37.425278,HUMAN_OBSERVATION,Disporum smilacinum,Disporum smilacinum
126.609444,36.268889,HUMAN_OBSERVATION,Disporum smilacinum,Disporum smilacinum
127.682306,37.127211,HUMAN_OBSERVATION,Disporum smilacinum,Disporum smilacinum
127.608558,34.80995,HUMAN_OBSERVATION,Disporum smilacinum,Disporum smilacinum
138.899722,36.475,PRESERVED_SPECIMEN,Disporum smilacinum,Disporum smilacinum
139.58,37.284167,PRESERVED_SPECIMEN,Disporum smilacinum,Disporum smilacinum
140.184722,37.107778,PRESERVED_SPECIMEN,Disporum smilacinum,Disporum smilacinum
139.51785,35.57285,PRESERVED_SPECIMEN,Disporum smilacinum,Disporum smilacinum
137.86563,35.59375,PRESERVED_SPECIMEN,Disporum smilacinum,Disporum smilacinum
137.88438,35.59792,PRESERVED_SPECIMEN,Disporum smilacinum,Disporum smilacinum
137.88438,35.59792,PRESERVED_SPECIMEN,Disporum smilacinum,Disporum smilacinum
141.01875,40.1875,PRESERVED_SPECIMEN,Disporum smilacinum,Disporum smilacinum
127.402111,37.011861,HUMAN_OBSERVATION,Disporum smilacinum,Disporum smilacinum
127.091111,35.991667,HUMAN_OBSERVATION,Disporum smilacinum,Disporum smilacinum
127.091111,35.991667,HUMAN_OBSERVATION,Disporum smilacinum,Disporum smilacinum
127.057722,37.314361,HUMAN_OBSERVATION,Disporum smilacinum,Disporum smilacinum
127.782222,37.070056,HUMAN_OBSERVATION,Disporum smilacinum,Disporum smilacinum
126.617222,36.239167,HUMAN_OBSERVATION,Disporum smilacinum,Disporum smilacinum
127.871219,34.838122,HUMAN_OBSERVATION,Disporum smilacinum,Disporum smilacinum
126.559417,33.438167,HUMAN_OBSERVATION,Disporum smilacinum,Disporum smilacinum
127.693806,37.146222,HUMAN_OBSERVATION,Disporum smilacinum,Disporum smilacinum
126.844714,36.159175,HUMAN_OBSERVATION,Disporum smilacinum,Disporum smilacinum
127.693806,37.146222,HUMAN_OBSERVATION,Disporum smilacinum,Disporum smilacinum
127.601083,37.288389,HUMAN_OBSERVATION,Disporum smilacinum,Disporum smilacinum
127.2883,34.541039,HUMAN_OBSERVATION,Disporum smilacinum,Disporum smilacinum
127.304783,36.035239,HUMAN_OBSERVATION,Disporum smilacinum,Disporum smilacinum
126.671019,36.453222,HUMAN_OBSERVATION,Disporum smilacinum,Disporum smilacinum
127.782222,37.070056,HUMAN_OBSERVATION,Disporum smilacinum,Disporum smilacinum
126.679256,37.433167,HUMAN_OBSERVATION,Disporum smilacinum,Disporum smilacinum
126.615833,36.268889,HUMAN_OBSERVATION,Disporum smilacinum,Disporum smilacinum
127.690639,37.15225,HUMAN_OBSERVATION,Disporum smilacinum,Disporum smilacinum
127.690639,37.15225,HUMAN_OBSERVATION,Disporum smilacinum,Disporum smilacinum
127.332222,34.643611,HUMAN_OBSERVATION,Disporum smilacinum,Disporum smilacinum
127.80075,36.077111,HUMAN_OBSERVATION,Disporum smilacinum,Disporum smilacinum
126.65275,33.394583,HUMAN_OBSERVATION,Disporum smilacinum,Disporum smilacinum
126.610556,33.426611,HUMAN_OBSERVATION,Disporum smilacinum,Disporum smilacinum
126.637167,33.391111,HUMAN_OBSERVATION,Disporum smilacinum,Disporum smilacinum
127.871219,34.838122,HUMAN_OBSERVATION,Disporum smilacinum,Disporum smilacinum
126.58675,33.312889,HUMAN_OBSERVATION,Disporum smilacinum,Disporum smilacinum
128.18653,34.92879,HUMAN_OBSERVATION,Disporum smilacinum,Disporum smilacinum
128.18648,34.91887,HUMAN_OBSERVATION,Disporum smilacinum,Disporum smilacinum
127.321592,34.954733,HUMAN_OBSERVATION,Disporum smilacinum,Disporum smilacinum
126.693278,33.367806,HUMAN_OBSERVATION,Disporum smilacinum,Disporum smilacinum
127.1775,34.721111,HUMAN_OBSERVATION,Disporum smilacinum,Disporum smilacinum
127.264222,37.324806,HUMAN_OBSERVATION,Disporum smilacinum,Disporum smilacinum
126.919444,36.080556,HUMAN_OBSERVATION,Disporum smilacinum,Disporum smilacinum
138.896111,36.460833,PRESERVED_SPECIMEN,Disporum smilacinum,Disporum smilacinum
135.866667,34.25,PRESERVED_SPECIMEN,Disporum smilacinum,Disporum smilacinum
126.443667,33.310667,HUMAN_OBSERVATION,Disporum smilacinum,Disporum smilacinum
127.399789,37.015277,HUMAN_OBSERVATION,Disporum smilacinum,Disporum smilacinum
126.609833,33.428889,HUMAN_OBSERVATION,Disporum smilacinum,Disporum smilacinum
126.399478,33.392775,HUMAN_OBSERVATION,Disporum smilacinum,Disporum smilacinum
127.466504,37.15588,HUMAN_OBSERVATION,Disporum smilacinum,Disporum smilacinum
127.400509,37.018261,HUMAN_OBSERVATION,Disporum smilacinum,Disporum smilacinum
128.099008,34.98085,HUMAN_OBSERVATION,Disporum smilacinum,Disporum smilacinum
126.855806,34.871972,HUMAN_OBSERVATION,Disporum smilacinum,Disporum smilacinum
127.39744,37.010826,HUMAN_OBSERVATION,Disporum smilacinum,Disporum smilacinum
126.798833,33.483139,HUMAN_OBSERVATION,Disporum smilacinum,Disporum smilacinum
134.633333,35.266667,PRESERVED_SPECIMEN,Disporum smilacinum,Disporum smilacinum
126.819781,37.092992,HUMAN_OBSERVATION,Disporum smilacinum,Disporum smilacinum
127.090278,35.995833,HUMAN_OBSERVATION,Disporum smilacinum,Disporum smilacinum
127.268306,37.311528,HUMAN_OBSERVATION,Disporum smilacinum,Disporum smilacinum
127.694361,37.149861,HUMAN_OBSERVATION,Disporum smilacinum,Disporum smilacinum
127.694361,37.149861,HUMAN_OBSERVATION,Disporum smilacinum,Disporum smilacinum
127.603222,36.206806,HUMAN_OBSERVATION,Disporum smilacinum,Disporum smilacinum
126.465583,33.291694,HUMAN_OBSERVATION,Disporum smilacinum,Disporum smilacinum
141.7776857,39.4904088,PRESERVED_SPECIMEN,Disporum smilacinum,Disporum smilacinum
141.7776598,39.99035,PRESERVED_SPECIMEN,Disporum smilacinum,Disporum smilacinum
141.19022,39.8236846,PRESERVED_SPECIMEN,Disporum smilacinum,Disporum smilacinum
127.399222,37.014139,HUMAN_OBSERVATION,Disporum smilacinum,Disporum smilacinum
128.39257,34.84633,HUMAN_OBSERVATION,Disporum smilacinum,Disporum smilacinum
128.38685,34.98185,HUMAN_OBSERVATION,Disporum smilacinum,Disporum smilacinum
127.400694,37.018389,HUMAN_OBSERVATION,Disporum smilacinum,Disporum smilacinum
127.694361,37.147972,HUMAN_OBSERVATION,Disporum smilacinum,Disporum smilacinum
128.18035,34.92229,HUMAN_OBSERVATION,Disporum smilacinum,Disporum smilacinum
127.694361,37.147972,HUMAN_OBSERVATION,Disporum smilacinum,Disporum smilacinum
127.954806,36.067378,HUMAN_OBSERVATION,Disporum smilacinum,Disporum smilacinum
126.637333,33.391333,HUMAN_OBSERVATION,Disporum smilacinum,Disporum smilacinum
126.612167,33.424472,HUMAN_OBSERVATION,Disporum smilacinum,Disporum smilacinum
127.454034,37.156231,HUMAN_OBSERVATION,Disporum smilacinum,Disporum smilacinum
127.443333,36.195833,HUMAN_OBSERVATION,Disporum smilacinum,Disporum smilacinum
127.678008,36.056583,HUMAN_OBSERVATION,Disporum smilacinum,Disporum smilacinum
126.6155,33.425528,HUMAN_OBSERVATION,Disporum smilacinum,Disporum smilacinum
127.95425,36.219556,HUMAN_OBSERVATION,Disporum smilacinum,Disporum smilacinum
127.854556,36.060306,HUMAN_OBSERVATION,Disporum smilacinum,Disporum smilacinum
126.899133,34.5445,HUMAN_OBSERVATION,Disporum smilacinum,Disporum smilacinum
138.902778,36.475,PRESERVED_SPECIMEN,Disporum smilacinum,Disporum smilacinum
138.20699,36.80638,PRESERVED_SPECIMEN,Disporum smilacinum,Disporum smilacinum
127.005281,37.544014,HUMAN_OBSERVATION,Disporum smilacinum,Disporum smilacinum
126.367578,33.308528,HUMAN_OBSERVATION,Disporum smilacinum,Disporum smilacinum
127.015194,36.454944,HUMAN_OBSERVATION,Disporum smilacinum,Disporum smilacinum
127.864533,34.995294,HUMAN_OBSERVATION,Disporum smilacinum,Disporum smilacinum
126.453972,33.311472,HUMAN_OBSERVATION,Disporum smilacinum,Disporum smilacinum
127.500628,34.966008,HUMAN_OBSERVATION,Disporum smilacinum,Disporum smilacinum
127.3106,34.817803,HUMAN_OBSERVATION,Disporum smilacinum,Disporum smilacinum
128.26099,34.96444,HUMAN_OBSERVATION,Disporum smilacinum,Disporum smilacinum
128.403,34.84717,HUMAN_OBSERVATION,Disporum smilacinum,Disporum smilacinum
128.3871,35.00324,HUMAN_OBSERVATION,Disporum smilacinum,Disporum smilacinum
127.750094,34.652475,HUMAN_OBSERVATION,Disporum smilacinum,Disporum smilacinum
126.6,36.276389,HUMAN_OBSERVATION,Disporum smilacinum,Disporum smilacinum
127.481797,36.304014,HUMAN_OBSERVATION,Disporum smilacinum,Disporum smilacinum
127.456625,34.956297,HUMAN_OBSERVATION,Disporum smilacinum,Disporum smilacinum
128.002803,34.868789,HUMAN_OBSERVATION,Disporum smilacinum,Disporum smilacinum
127.395256,37.026494,HUMAN_OBSERVATION,Disporum smilacinum,Disporum smilacinum
126.615,36.232778,HUMAN_OBSERVATION,Disporum smilacinum,Disporum smilacinum
127.561777,37.045524,HUMAN_OBSERVATION,Disporum smilacinum,Disporum smilacinum
127.194417,37.3625,HUMAN_OBSERVATION,Disporum smilacinum,Disporum smilacinum
127.901889,36.185306,HUMAN_OBSERVATION,Disporum smilacinum,Disporum smilacinum
127.716136,34.824136,HUMAN_OBSERVATION,Disporum smilacinum,Disporum smilacinum
127.282944,37.481222,HUMAN_OBSERVATION,Disporum smilacinum,Disporum smilacinum
127.272111,37.342556,HUMAN_OBSERVATION,Disporum smilacinum,Disporum smilacinum
127.308342,34.947664,HUMAN_OBSERVATION,Disporum smilacinum,Disporum smilacinum
128.672936,35.798397,PRESERVED_SPECIMEN,Disporum smilacinum,Disporum smilacinum
128.00475,35.015444,PRESERVED_SPECIMEN,Disporum smilacinum,Disporum smilacinum
129.109267,36.366378,PRESERVED_SPECIMEN,Disporum smilacinum,Disporum smilacinum
138.055091,34.896542,HUMAN_OBSERVATION,Disporum smilacinum,Disporum smilacinum
128.127911,35.95981,HUMAN_OBSERVATION,Disporum smilacinum,Disporum smilacinum
127.435947,35.738511,HUMAN_OBSERVATION,Disporum smilacinum,Disporum smilacinum
140.827222,38.253056,PRESERVED_SPECIMEN,Disporum smilacinum,Disporum smilacinum
140.836667,38.253611,PRESERVED_SPECIMEN,Disporum smilacinum,Disporum smilacinum
140.7593,39.2918,PRESERVED_SPECIMEN,Disporum smilacinum,Disporum smilacinum
141.9688,39.8826,PRESERVED_SPECIMEN,Disporum smilacinum,Disporum smilacinum
141.9679,39.8799,PRESERVED_SPECIMEN,Disporum smilacinum,Disporum smilacinum
139.085798,35.493276,PRESERVED_SPECIMEN,Disporum smilacinum,Disporum smilacinum
126.627594,35.092164,HUMAN_OBSERVATION,Disporum smilacinum,Disporum smilacinum
129.010004,35.848582,HUMAN_OBSERVATION,Disporum smilacinum,Disporum smilacinum
126.704294,34.64019,HUMAN_OBSERVATION,Disporum smilacinum,Disporum smilacinum
126.861712,34.716822,HUMAN_OBSERVATION,Disporum smilacinum,Disporum smilacinum
127.885,37.244444,HUMAN_OBSERVATION,Disporum smilacinum,Disporum smilacinum
128.570878,36.195281,HUMAN_OBSERVATION,Disporum smilacinum,Disporum smilacinum
127.443944,38.099389,HUMAN_OBSERVATION,Disporum smilacinum,Disporum smilacinum
141.165229,39.74031,PRESERVED_SPECIMEN,Disporum smilacinum,Disporum smilacinum
137.630244,36.919724,PRESERVED_SPECIMEN,Disporum smilacinum,Disporum smilacinum
138.095414,36.752678,HUMAN_OBSERVATION,Disporum smilacinum,Disporum smilacinum
137.88438,35.58125,PRESERVED_SPECIMEN,Disporum smilacinum,Disporum smilacinum
137.87813,35.58125,PRESERVED_SPECIMEN,Disporum smilacinum,Disporum smilacinum
140.99564,39.62372,PRESERVED_SPECIMEN,Disporum smilacinum,Disporum smilacinum
141.7784,39.9641,PRESERVED_SPECIMEN,Disporum smilacinum,Disporum smilacinum
139.090916,35.488175,PRESERVED_SPECIMEN,Disporum smilacinum,Disporum smilacinum
127.183208,37.402249,HUMAN_OBSERVATION,Disporum smilacinum,Disporum smilacinum
127.602286,37.798786,HUMAN_OBSERVATION,Disporum smilacinum,Disporum smilacinum
128.082762,37.617053,HUMAN_OBSERVATION,Disporum smilacinum,Disporum smilacinum
127.434953,38.014614,HUMAN_OBSERVATION,Disporum smilacinum,Disporum smilacinum
127.999056,37.106722,HUMAN_OBSERVATION,Disporum smilacinum,Disporum smilacinum
127.459581,35.746125,HUMAN_OBSERVATION,Disporum smilacinum,Disporum smilacinum
139.148375,35.522935,PRESERVED_SPECIMEN,Disporum smilacinum,Disporum smilacinum
136.913661,36.4031,PRESERVED_SPECIMEN,Disporum smilacinum,Disporum smilacinum
137.87813,35.59375,PRESERVED_SPECIMEN,Disporum smilacinum,Disporum smilacinum
138.43246,36.20765,PRESERVED_SPECIMEN,Disporum smilacinum,Disporum smilacinum
138.43246,36.20765,PRESERVED_SPECIMEN,Disporum smilacinum,Disporum smilacinum
139.06559,35.265776,PRESERVED_SPECIMEN,Disporum smilacinum,Disporum smilacinum
127.618278,37.807972,HUMAN_OBSERVATION,Disporum smilacinum,Disporum smilacinum
137.85938,35.59792,PRESERVED_SPECIMEN,Disporum smilacinum,Disporum smilacinum
141.9679,39.8799,PRESERVED_SPECIMEN,Disporum smilacinum,Disporum smilacinum
141.9698,39.8652,PRESERVED_SPECIMEN,Disporum smilacinum,Disporum smilacinum
128.014972,37.105028,HUMAN_OBSERVATION,Disporum smilacinum,Disporum smilacinum
129.075814,35.351811,HUMAN_OBSERVATION,Disporum smilacinum,Disporum smilacinum
126.19884,34.282386,HUMAN_OBSERVATION,Disporum smilacinum,Disporum smilacinum
126.19884,34.282386,HUMAN_OBSERVATION,Disporum smilacinum,Disporum smilacinum
127.444306,37.491333,HUMAN_OBSERVATION,Disporum smilacinum,Disporum smilacinum
138.74375,36.87917,PRESERVED_SPECIMEN,Disporum smilacinum,Disporum smilacinum
128.027667,36.091556,HUMAN_OBSERVATION,Disporum smilacinum,Disporum smilacinum
128.392568,37.222397,HUMAN_OBSERVATION,Disporum smilacinum,Disporum smilacinum
127.906078,35.485372,HUMAN_OBSERVATION,Disporum smilacinum,Disporum smilacinum
137.84063,35.60625,PRESERVED_SPECIMEN,Disporum smilacinum,Disporum smilacinum
128.03325,36.091861,HUMAN_OBSERVATION,Disporum smilacinum,Disporum smilacinum
135.283333,34.8,PRESERVED_SPECIMEN,Disporum smilacinum,Disporum smilacinum
137.85313,35.56042,PRESERVED_SPECIMEN,Disporum smilacinum,Disporum smilacinum
139.756599,35.686962,HUMAN_OBSERVATION,Disporum smilacinum,Disporum smilacinum
139.215571,35.365767,PRESERVED_SPECIMEN,Disporum smilacinum,Disporum smilacinum
139.197495,35.598331,PRESERVED_SPECIMEN,Disporum smilacinum,Disporum smilacinum
139.318614,35.609832,PRESERVED_SPECIMEN,Disporum smilacinum,Disporum smilacinum
141.3641,39.2377,PRESERVED_SPECIMEN,Disporum smilacinum,Disporum smilacinum
141.27174,38.803244,PRESERVED_SPECIMEN,Disporum smilacinum,Disporum smilacinum
141.27174,38.803244,PRESERVED_SPECIMEN,Disporum smilacinum,Disporum smilacinum
139.253068,35.382433,PRESERVED_SPECIMEN,Disporum smilacinum,Disporum smilacinum
139.003097,35.290769,PRESERVED_SPECIMEN,Disporum smilacinum,Disporum smilacinum
139.040587,35.507412,PRESERVED_SPECIMEN,Disporum smilacinum,Disporum smilacinum
140.28786,36.19059,PRESERVED_SPECIMEN,Disporum smilacinum,Disporum smilacinum
140.23718,36.15193,PRESERVED_SPECIMEN,Disporum smilacinum,Disporum smilacinum
140.457444,37.683444,PRESERVED_SPECIMEN,Disporum smilacinum,Disporum smilacinum
140.452889,37.685889,PRESERVED_SPECIMEN,Disporum smilacinum,Disporum smilacinum
140.798056,37.109444,PRESERVED_SPECIMEN,Disporum smilacinum,Disporum smilacinum
140.033889,37.534444,PRESERVED_SPECIMEN,Disporum smilacinum,Disporum smilacinum
129.151944,35.761667,HUMAN_OBSERVATION,Disporum smilacinum,Disporum smilacinum
138.04527,36.45609,PRESERVED_SPECIMEN,Disporum smilacinum,Disporum smilacinum
139.065589,35.290772,PRESERVED_SPECIMEN,Disporum smilacinum,Disporum smilacinum
141.01875,40.004167,PRESERVED_SPECIMEN,Disporum smilacinum,Disporum smilacinum
140.094722,37.654167,PRESERVED_SPECIMEN,Disporum smilacinum,Disporum smilacinum
142.018722,42.519028,PRESERVED_SPECIMEN,Disporum smilacinum,Disporum smilacinum
142.303006,42.364611,PRESERVED_SPECIMEN,Disporum smilacinum,Disporum smilacinum
129.1525,35.761667,HUMAN_OBSERVATION,Disporum smilacinum,Disporum smilacinum
127.396111,37.533333,HUMAN_OBSERVATION,Disporum smilacinum,Disporum smilacinum
141.0119,40.00243,PRESERVED_SPECIMEN,Disporum smilacinum,Disporum smilacinum
138.43246,36.20765,PRESERVED_SPECIMEN,Disporum smilacinum,Disporum smilacinum
141.348723,39.275537,PRESERVED_SPECIMEN,Disporum smilacinum,Disporum smilacinum
140.6902838,39.4320497,PRESERVED_SPECIMEN,Disporum smilacinum,Disporum smilacinum
126.885833,34.599167,HUMAN_OBSERVATION,Disporum smilacinum,Disporum smilacinum
126.885833,34.599167,HUMAN_OBSERVATION,Disporum smilacinum,Disporum smilacinum
126.885833,34.599167,HUMAN_OBSERVATION,Disporum smilacinum,Disporum smilacinum
127.353611,36.026111,HUMAN_OBSERVATION,Disporum smilacinum,Disporum smilacinum
141.0218,39.8424,PRESERVED_SPECIMEN,Disporum smilacinum,Disporum smilacinum
141.347485,39.285626,PRESERVED_SPECIMEN,Disporum smilacinum,Disporum smilacinum
141.27174,38.803244,PRESERVED_SPECIMEN,Disporum smilacinum,Disporum smilacinum
141.347485,39.285626,PRESERVED_SPECIMEN,Disporum smilacinum,Disporum smilacinum
140.033889,37.534444,PRESERVED_SPECIMEN,Disporum smilacinum,Disporum smilacinum
129.354167,36.650833,HUMAN_OBSERVATION,Disporum smilacinum,Disporum smilacinum
127.56301,35.081,PRESERVED_SPECIMEN,Disporum smilacinum,Disporum smilacinum
126.995981,37.551361,HUMAN_OBSERVATION,Disporum smilacinum,Disporum smilacinum
128.832222,37.016944,HUMAN_OBSERVATION,Disporum smilacinum,Disporum smilacinum
129.337222,37.027222,HUMAN_OBSERVATION,Disporum smilacinum,Disporum smilacinum
136.093623,35.659456,HUMAN_OBSERVATION,Disporum smilacinum,Disporum smilacinum
139.490547,35.515753,PRESERVED_SPECIMEN,Disporum smilacinum,Disporum smilacinum
139.45683,35.47559,PRESERVED_SPECIMEN,Disporum smilacinum,Disporum smilacinum
126.967681,36.679458,HUMAN_OBSERVATION,Disporum smilacinum,Disporum smilacinum
126.441694,36.94075,HUMAN_OBSERVATION,Disporum smilacinum,Disporum smilacinum
126.634819,36.730847,HUMAN_OBSERVATION,Disporum smilacinum,Disporum smilacinum
127.781594,35.707025,HUMAN_OBSERVATION,Disporum smilacinum,Disporum smilacinum
128.06375,35.430972,HUMAN_OBSERVATION,Disporum smilacinum,Disporum smilacinum
127.749283,35.716606,HUMAN_OBSERVATION,Disporum smilacinum,Disporum smilacinum
127.214417,36.858083,HUMAN_OBSERVATION,Disporum smilacinum,Disporum smilacinum
126.563331,36.943706,HUMAN_OBSERVATION,Disporum smilacinum,Disporum smilacinum
129.154278,35.690472,HUMAN_OBSERVATION,Disporum smilacinum,Disporum smilacinum
127.176464,37.763764,HUMAN_OBSERVATION,Disporum smilacinum,Disporum smilacinum
126.947436,36.839997,HUMAN_OBSERVATION,Disporum smilacinum,Disporum smilacinum
126.921361,37.753389,HUMAN_OBSERVATION,Disporum smilacinum,Disporum smilacinum
127.088928,37.661403,HUMAN_OBSERVATION,Disporum smilacinum,Disporum smilacinum
128.738031,35.579447,HUMAN_OBSERVATION,Disporum smilacinum,Disporum smilacinum
129.258358,35.613172,HUMAN_OBSERVATION,Disporum smilacinum,Disporum smilacinum
128.64735,35.733028,HUMAN_OBSERVATION,Disporum smilacinum,Disporum smilacinum
126.428083,37.056667,HUMAN_OBSERVATION,Disporum smilacinum,Disporum smilacinum
141.722,39.436,PRESERVED_SPECIMEN,Disporum smilacinum,Disporum smilacinum
139.099722,36.677778000000004,PRESERVED_SPECIMEN,Disporum smilacinum,Disporum smilacinum
139.628036,35.52409,PRESERVED_SPECIMEN,Disporum smilacinum,Disporum smilacinum
139.128077,35.524079,PRESERVED_SPECIMEN,Disporum smilacinum,Disporum smilacinum
140.458889,37.679806,PRESERVED_SPECIMEN,Disporum smilacinum,Disporum smilacinum
140.457194,37.684,PRESERVED_SPECIMEN,Disporum smilacinum,Disporum smilacinum
140.785556,36.862222,PRESERVED_SPECIMEN,Disporum smilacinum,Disporum smilacinum
139.252502,35.600555,PRESERVED_SPECIMEN,Disporum smilacinum,Disporum smilacinum
139.251663,35.600834,PRESERVED_SPECIMEN,Disporum smilacinum,Disporum smilacinum
127.6195,37.803417,HUMAN_OBSERVATION,Disporum smilacinum,Disporum smilacinum
126.695382,37.706457,HUMAN_OBSERVATION,Disporum smilacinum,Disporum smilacinum
126.870056,36.694381,HUMAN_OBSERVATION,Disporum smilacinum,Disporum smilacinum
127.02425,37.805194,HUMAN_OBSERVATION,Disporum smilacinum,Disporum smilacinum
128.967586,35.653153,HUMAN_OBSERVATION,Disporum smilacinum,Disporum smilacinum
127.342972,36.854181,HUMAN_OBSERVATION,Disporum smilacinum,Disporum smilacinum
128.799242,36.981136,HUMAN_OBSERVATION,Disporum smilacinum,Disporum smilacinum
126.695382,37.706457,HUMAN_OBSERVATION,Disporum smilacinum,Disporum smilacinum
127.159572,36.5568,HUMAN_OBSERVATION,Disporum smilacinum,Disporum smilacinum
127.344322,36.867294,HUMAN_OBSERVATION,Disporum smilacinum,Disporum smilacinum
126.6275,36.85,HUMAN_OBSERVATION,Disporum smilacinum,Disporum smilacinum
127.021861,37.802056,HUMAN_OBSERVATION,Disporum smilacinum,Disporum smilacinum
128.19425,35.758667,HUMAN_OBSERVATION,Disporum smilacinum,Disporum smilacinum
128.917639,36.994111,HUMAN_OBSERVATION,Disporum smilacinum,Disporum smilacinum
127.940639,35.422361,HUMAN_OBSERVATION,Disporum smilacinum,Disporum smilacinum
127.471333,37.934694,HUMAN_OBSERVATION,Disporum smilacinum,Disporum smilacinum
126.534997,37.737806,HUMAN_OBSERVATION,Disporum smilacinum,Disporum smilacinum
127.087477,37.664426,HUMAN_OBSERVATION,Disporum smilacinum,Disporum smilacinum
128.772136,35.698042,HUMAN_OBSERVATION,Disporum smilacinum,Disporum smilacinum
126.737583,36.940722,HUMAN_OBSERVATION,Disporum smilacinum,Disporum smilacinum
127.097117,37.659308,HUMAN_OBSERVATION,Disporum smilacinum,Disporum smilacinum
126.525283,37.047358,HUMAN_OBSERVATION,Disporum smilacinum,Disporum smilacinum
127.309436,37.563953,HUMAN_OBSERVATION,Disporum smilacinum,Disporum smilacinum
127.933306,35.426306,HUMAN_OBSERVATION,Disporum smilacinum,Disporum smilacinum
129.400556,36.867997,HUMAN_OBSERVATION,Disporum smilacinum,Disporum smilacinum
127.576333,37.967361,HUMAN_OBSERVATION,Disporum smilacinum,Disporum smilacinum
129.198744,36.902053,HUMAN_OBSERVATION,Disporum smilacinum,Disporum smilacinum
127.290139,37.666528,HUMAN_OBSERVATION,Disporum smilacinum,Disporum smilacinum
127.389639,37.661917,HUMAN_OBSERVATION,Disporum smilacinum,Disporum smilacinum
126.894494,36.519731,HUMAN_OBSERVATION,Disporum smilacinum,Disporum smilacinum
139.432655,35.615549,HUMAN_OBSERVATION,Polygonatum odoratum var. pluriflorum,Polygonatum odoratum
139.613682,35.836668,HUMAN_OBSERVATION,Polygonatum odoratum var. pluriflorum,Polygonatum odoratum
115.902647,40.233182,HUMAN_OBSERVATION,Polygonatum odoratum var. pluriflorum,Polygonatum odoratum
133.093857,42.684067,HUMAN_OBSERVATION,Polygonatum odoratum var. pluriflorum,Polygonatum odoratum
115.871347,40.330476,HUMAN_OBSERVATION,Polygonatum odoratum var. pluriflorum,Polygonatum odoratum
139.419342,35.646352,HUMAN_OBSERVATION,Polygonatum odoratum var. pluriflorum,Polygonatum odoratum
120.438528,36.0868,HUMAN_OBSERVATION,Polygonatum odoratum var. pluriflorum,Polygonatum odoratum
116.056148,40.07841,HUMAN_OBSERVATION,Polygonatum odoratum var. pluriflorum,Polygonatum odoratum
116.620351,40.437088,HUMAN_OBSERVATION,Polygonatum odoratum var. pluriflorum,Polygonatum odoratum
139.419539,35.645806,HUMAN_OBSERVATION,Polygonatum odoratum var. pluriflorum,Polygonatum odoratum
120.438992,36.086819,HUMAN_OBSERVATION,Polygonatum odoratum var. pluriflorum,Polygonatum odoratum
133.093857,42.684067,HUMAN_OBSERVATION,Polygonatum odoratum var. pluriflorum,Polygonatum odoratum
126.238877,37.183634,HUMAN_OBSERVATION,Polygonatum odoratum var. pluriflorum,Polygonatum odoratum
131.565914,43.762431,HUMAN_OBSERVATION,Polygonatum odoratum var. pluriflorum,Polygonatum odoratum
131.525192,43.911089,HUMAN_OBSERVATION,Polygonatum odoratum var. pluriflorum,Polygonatum odoratum
118.335106,35.709763,HUMAN_OBSERVATION,Polygonatum odoratum var. pluriflorum,Polygonatum odoratum
137.622038,36.233036,HUMAN_OBSERVATION,Polygonatum odoratum var. pluriflorum,Polygonatum odoratum
131.99563,43.229877,HUMAN_OBSERVATION,Polygonatum odoratum var. pluriflorum,Polygonatum odoratum
126.24679,37.184093,HUMAN_OBSERVATION,Polygonatum odoratum var. pluriflorum,Polygonatum odoratum
115.935325,51.473003,HUMAN_OBSERVATION,Polygonatum odoratum var. pluriflorum,Polygonatum odoratum
131.420756,42.932948,HUMAN_OBSERVATION,Polygonatum odoratum var. pluriflorum,Polygonatum odoratum
132.243858,44.461833,HUMAN_OBSERVATION,Polygonatum odoratum var. pluriflorum,Polygonatum odoratum
120.676525,36.211929,HUMAN_OBSERVATION,Polygonatum odoratum var. pluriflorum,Polygonatum odoratum
130.75094000000001,42.40905,HUMAN_OBSERVATION,Polygonatum odoratum var. pluriflorum,Polygonatum odoratum
130.751275,42.409225,HUMAN_OBSERVATION,Polygonatum odoratum var. pluriflorum,Polygonatum odoratum
120.610678,36.213701,HUMAN_OBSERVATION,Polygonatum odoratum var. pluriflorum,Polygonatum odoratum
115.461514,40.034254,HUMAN_OBSERVATION,Polygonatum odoratum var. pluriflorum,Polygonatum odoratum
115.582928,39.831222,HUMAN_OBSERVATION,Polygonatum odoratum var. pluriflorum,Polygonatum odoratum
131.925884,43.003443,HUMAN_OBSERVATION,Polygonatum odoratum var. pluriflorum,Polygonatum odoratum
115.93444,51.469502,HUMAN_OBSERVATION,Polygonatum odoratum var. pluriflorum,Polygonatum odoratum
115.583521,39.832068,HUMAN_OBSERVATION,Polygonatum odoratum var. pluriflorum,Polygonatum odoratum
142.978836,43.719094,HUMAN_OBSERVATION,Polygonatum odoratum var. pluriflorum,Polygonatum odoratum
131.383706,43.866033,HUMAN_OBSERVATION,Polygonatum odoratum var. pluriflorum,Polygonatum odoratum
120.673225,36.139278,HUMAN_OBSERVATION,Polygonatum odoratum var. pluriflorum,Polygonatum odoratum
115.940583,51.489128,HUMAN_OBSERVATION,Polygonatum odoratum var. pluriflorum,Polygonatum odoratum
131.997558,43.213058,HUMAN_OBSERVATION,Polygonatum odoratum var. pluriflorum,Polygonatum odoratum
115.966328,51.460455,HUMAN_OBSERVATION,Polygonatum odoratum var. pluriflorum,Polygonatum odoratum
131.876534,42.967054,HUMAN_OBSERVATION,Polygonatum odoratum var. pluriflorum,Polygonatum odoratum
131.729053,42.931303,HUMAN_OBSERVATION,Polygonatum odoratum var. pluriflorum,Polygonatum odoratum
115.931758,51.46947,HUMAN_OBSERVATION,Polygonatum odoratum var. pluriflorum,Polygonatum odoratum
131.732144,42.932297,HUMAN_OBSERVATION,Polygonatum odoratum var. pluriflorum,Polygonatum odoratum
142.785837,47.24112,HUMAN_OBSERVATION,Polygonatum odoratum var. pluriflorum,Polygonatum odoratum
142.77652,46.639703,HUMAN_OBSERVATION,Polygonatum odoratum var. pluriflorum,Polygonatum odoratum
142.796693,46.969305,HUMAN_OBSERVATION,Polygonatum odoratum var. pluriflorum,Polygonatum odoratum
142.760702,46.903762,HUMAN_OBSERVATION,Polygonatum odoratum var. pluriflorum,Polygonatum odoratum
131.731947,42.932175,HUMAN_OBSERVATION,Polygonatum odoratum var. pluriflorum,Polygonatum odoratum
131.774993,43.011558,HUMAN_OBSERVATION,Polygonatum odoratum var. pluriflorum,Polygonatum odoratum
142.797985,46.967935,HUMAN_OBSERVATION,Polygonatum odoratum var. pluriflorum,Polygonatum odoratum
145.517975,43.763508,HUMAN_OBSERVATION,Polygonatum odoratum var. pluriflorum,Polygonatum odoratum
142.771618,46.631516,HUMAN_OBSERVATION,Polygonatum odoratum var. pluriflorum,Polygonatum odoratum
142.800646,46.966346,HUMAN_OBSERVATION,Polygonatum odoratum var. pluriflorum,Polygonatum odoratum
131.882924,42.969641,HUMAN_OBSERVATION,Polygonatum odoratum var. pluriflorum,Polygonatum odoratum
116.3858,40.022119000000004,HUMAN_OBSERVATION,Polygonatum odoratum var. pluriflorum,Polygonatum odoratum
115.922983,51.473968,HUMAN_OBSERVATION,Polygonatum odoratum var. pluriflorum,Polygonatum odoratum
132.408789,42.953459,HUMAN_OBSERVATION,Polygonatum odoratum var. pluriflorum,Polygonatum odoratum
115.934865,51.466967,HUMAN_OBSERVATION,Polygonatum odoratum var. pluriflorum,Polygonatum odoratum
115.957687,51.495482,HUMAN_OBSERVATION,Polygonatum odoratum var. pluriflorum,Polygonatum odoratum
142.13565,46.017342,HUMAN_OBSERVATION,Polygonatum odoratum var. pluriflorum,Polygonatum odoratum
142.153703,46.017636,HUMAN_OBSERVATION,Polygonatum odoratum var. pluriflorum,Polygonatum odoratum
142.80108,46.96927,HUMAN_OBSERVATION,Polygonatum odoratum var. pluriflorum,Polygonatum odoratum
142.824432,46.981292,HUMAN_OBSERVATION,Polygonatum odoratum var. pluriflorum,Polygonatum odoratum
142.181397,46.033444,HUMAN_OBSERVATION,Polygonatum odoratum var. pluriflorum,Polygonatum odoratum
142.170883,46.023861,HUMAN_OBSERVATION,Polygonatum odoratum var. pluriflorum,Polygonatum odoratum
142.135986,46.018719,HUMAN_OBSERVATION,Polygonatum odoratum var. pluriflorum,Polygonatum odoratum
142.190781,46.068214,HUMAN_OBSERVATION,Polygonatum odoratum var. pluriflorum,Polygonatum odoratum
142.17169,46.097367,HUMAN_OBSERVATION,Polygonatum odoratum var. pluriflorum,Polygonatum odoratum
132.298096,42.907295,HUMAN_OBSERVATION,Polygonatum odoratum var. pluriflorum,Polygonatum odoratum
132.402381,42.929053,HUMAN_OBSERVATION,Polygonatum odoratum var. pluriflorum,Polygonatum odoratum
115.930992,51.469495,HUMAN_OBSERVATION,Polygonatum odoratum var. pluriflorum,Polygonatum odoratum
115.923013,51.474358,HUMAN_OBSERVATION,Polygonatum odoratum var. pluriflorum,Polygonatum odoratum
115.929885,51.466948,HUMAN_OBSERVATION,Polygonatum odoratum var. pluriflorum,Polygonatum odoratum
127.171963,37.751755,HUMAN_OBSERVATION,Polygonatum odoratum var. pluriflorum,Polygonatum odoratum
115.608545,39.847663,HUMAN_OBSERVATION,Polygonatum odoratum var. pluriflorum,Polygonatum odoratum
131.324608,44.422661,HUMAN_OBSERVATION,Polygonatum odoratum var. pluriflorum,Polygonatum odoratum
131.346544,44.424911,HUMAN_OBSERVATION,Polygonatum odoratum var. pluriflorum,Polygonatum odoratum
132.199738,43.222128,HUMAN_OBSERVATION,Polygonatum odoratum var. pluriflorum,Polygonatum odoratum
131.317153,44.422494,HUMAN_OBSERVATION,Polygonatum odoratum var. pluriflorum,Polygonatum odoratum
142.77133,46.635258,HUMAN_OBSERVATION,Polygonatum odoratum var. pluriflorum,Polygonatum odoratum
116.070347,39.869103,HUMAN_OBSERVATION,Polygonatum odoratum var. pluriflorum,Polygonatum odoratum
139.419295,35.646342,HUMAN_OBSERVATION,Polygonatum odoratum var. pluriflorum,Polygonatum odoratum
128.146947,37.457793,HUMAN_OBSERVATION,Polygonatum odoratum var. pluriflorum,Polygonatum odoratum
127.551832,37.602441,HUMAN_OBSERVATION,Polygonatum odoratum var. pluriflorum,Polygonatum odoratum
139.434436,34.695828,HUMAN_OBSERVATION,Polygonatum odoratum var. pluriflorum,Polygonatum odoratum
139.432614,35.615571,HUMAN_OBSERVATION,Polygonatum odoratum var. pluriflorum,Polygonatum odoratum
139.415955,35.618748,HUMAN_OBSERVATION,Polygonatum odoratum var. pluriflorum,Polygonatum odoratum
139.618959,35.554023,HUMAN_OBSERVATION,Polygonatum odoratum var. pluriflorum,Polygonatum odoratum
126.944773,34.524764,HUMAN_OBSERVATION,Polygonatum odoratum var. pluriflorum,Polygonatum odoratum
126.944745,34.524805,HUMAN_OBSERVATION,Polygonatum odoratum var. pluriflorum,Polygonatum odoratum
115.91243,40.208392,HUMAN_OBSERVATION,Polygonatum odoratum var. pluriflorum,Polygonatum odoratum
128.009903,37.340325,HUMAN_OBSERVATION,Polygonatum odoratum var. pluriflorum,Polygonatum odoratum
125.438576,43.818016,HUMAN_OBSERVATION,Polygonatum odoratum var. pluriflorum,Polygonatum odoratum
131.165978,42.605467,HUMAN_OBSERVATION,Polygonatum odoratum var. pluriflorum,Polygonatum odoratum
131.128033,42.619838,HUMAN_OBSERVATION,Polygonatum odoratum var. pluriflorum,Polygonatum odoratum
128.296305,37.587499,HUMAN_OBSERVATION,Polygonatum odoratum var. pluriflorum,Polygonatum odoratum
131.48426,43.193557,HUMAN_OBSERVATION,Polygonatum odoratum var. pluriflorum,Polygonatum odoratum
131.994658,43.222992,HUMAN_OBSERVATION,Polygonatum odoratum var. pluriflorum,Polygonatum odoratum
131.211045,42.583783,HUMAN_OBSERVATION,Polygonatum odoratum var. pluriflorum,Polygonatum odoratum
139.419388,35.646298,HUMAN_OBSERVATION,Polygonatum odoratum var. pluriflorum,Polygonatum odoratum
131.976075,43.211326,HUMAN_OBSERVATION,Polygonatum odoratum var. pluriflorum,Polygonatum odoratum
131.215745,42.597442,HUMAN_OBSERVATION,Polygonatum odoratum var. pluriflorum,Polygonatum odoratum
130.641291,42.435207,HUMAN_OBSERVATION,Polygonatum odoratum var. pluriflorum,Polygonatum odoratum
131.215483,42.59715,HUMAN_OBSERVATION,Polygonatum odoratum var. pluriflorum,Polygonatum odoratum
132.516356,44.483086,HUMAN_OBSERVATION,Polygonatum odoratum var. pluriflorum,Polygonatum odoratum
130.749633,42.410463,HUMAN_OBSERVATION,Polygonatum odoratum var. pluriflorum,Polygonatum odoratum
116.365425,50.554775,HUMAN_OBSERVATION,Polygonatum odoratum var. pluriflorum,Polygonatum odoratum
131.936096,43.019714,HUMAN_OBSERVATION,Polygonatum odoratum var. pluriflorum,Polygonatum odoratum
131.808411,42.985443,HUMAN_OBSERVATION,Polygonatum odoratum var. pluriflorum,Polygonatum odoratum
131.376472,44.029525,HUMAN_OBSERVATION,Polygonatum odoratum var. pluriflorum,Polygonatum odoratum
131.882233,42.965157,HUMAN_OBSERVATION,Polygonatum odoratum var. pluriflorum,Polygonatum odoratum
132.845678,42.770783,HUMAN_OBSERVATION,Polygonatum odoratum var. pluriflorum,Polygonatum odoratum
132.845894,42.771531,HUMAN_OBSERVATION,Polygonatum odoratum var. pluriflorum,Polygonatum odoratum
131.48436,43.193514,HUMAN_OBSERVATION,Polygonatum odoratum var. pluriflorum,Polygonatum odoratum
132.84065,42.793708,HUMAN_OBSERVATION,Polygonatum odoratum var. pluriflorum,Polygonatum odoratum
132.897858,42.792622,HUMAN_OBSERVATION,Polygonatum odoratum var. pluriflorum,Polygonatum odoratum
133.241722,43.168231,HUMAN_OBSERVATION,Polygonatum odoratum var. pluriflorum,Polygonatum odoratum
132.902467,42.787503,HUMAN_OBSERVATION,Polygonatum odoratum var. pluriflorum,Polygonatum odoratum
128.622128,37.353105,HUMAN_OBSERVATION,Polygonatum odoratum var. pluriflorum,Polygonatum odoratum
128.622128,37.353105,HUMAN_OBSERVATION,Polygonatum odoratum var. pluriflorum,Polygonatum odoratum
128.622128,37.353105,HUMAN_OBSERVATION,Polygonatum odoratum var. pluriflorum,Polygonatum odoratum
128.622128,37.353105,HUMAN_OBSERVATION,Polygonatum odoratum var. pluriflorum,Polygonatum odoratum
128.622128,37.353105,HUMAN_OBSERVATION,Polygonatum odoratum var. pluriflorum,Polygonatum odoratum
128.622128,37.353105,HUMAN_OBSERVATION,Polygonatum odoratum var. pluriflorum,Polygonatum odoratum
128.622128,37.353105,HUMAN_OBSERVATION,Polygonatum odoratum var. pluriflorum,Polygonatum odoratum
128.622128,37.353105,HUMAN_OBSERVATION,Polygonatum odoratum var. pluriflorum,Polygonatum odoratum
128.420822,35.695667,PRESERVED_SPECIMEN,Polygonatum odoratum var. pluriflorum,Polygonatum odoratum
127.464172,50.277153,HUMAN_OBSERVATION,Polygonatum odoratum var. pluriflorum,Polygonatum odoratum
115.578738,39.834133,HUMAN_OBSERVATION,Polygonatum odoratum var. pluriflorum,Polygonatum odoratum
127.462503,50.276283,HUMAN_OBSERVATION,Polygonatum odoratum var. pluriflorum,Polygonatum odoratum
131.955217,43.47232,HUMAN_OBSERVATION,Polygonatum odoratum var. pluriflorum,Polygonatum odoratum
131.904237,43.163591,HUMAN_OBSERVATION,Polygonatum odoratum var. pluriflorum,Polygonatum odoratum
127.725541,35.76444,HUMAN_OBSERVATION,Polygonatum odoratum var. pluriflorum,Polygonatum odoratum
117.45647,40.595172,HUMAN_OBSERVATION,Polygonatum odoratum var. pluriflorum,Polygonatum odoratum
131.991683,43.219825,HUMAN_OBSERVATION,Polygonatum odoratum var. pluriflorum,Polygonatum odoratum
131.871173,42.972586,HUMAN_OBSERVATION,Polygonatum odoratum var. pluriflorum,Polygonatum odoratum
115.582817,39.83155,HUMAN_OBSERVATION,Polygonatum odoratum var. pluriflorum,Polygonatum odoratum
138.161796,35.813036,HUMAN_OBSERVATION,Polygonatum odoratum var. pluriflorum,Polygonatum odoratum
131.903,42.963463,HUMAN_OBSERVATION,Polygonatum odoratum var. pluriflorum,Polygonatum odoratum
132.73348,42.893313,HUMAN_OBSERVATION,Polygonatum odoratum var. pluriflorum,Polygonatum odoratum
117.894021,50.93371,HUMAN_OBSERVATION,Polygonatum odoratum var. pluriflorum,Polygonatum odoratum
131.935687,43.017347,HUMAN_OBSERVATION,Polygonatum odoratum var. pluriflorum,Polygonatum odoratum
131.906175,42.962487,HUMAN_OBSERVATION,Polygonatum odoratum var. pluriflorum,Polygonatum odoratum
142.76659,46.973004,HUMAN_OBSERVATION,Polygonatum odoratum var. pluriflorum,Polygonatum odoratum
131.611969,42.829086,HUMAN_OBSERVATION,Polygonatum odoratum var. pluriflorum,Polygonatum odoratum
131.54604,43.903923,HUMAN_OBSERVATION,Polygonatum odoratum var. pluriflorum,Polygonatum odoratum
132.032775,43.246638,HUMAN_OBSERVATION,Polygonatum odoratum var. pluriflorum,Polygonatum odoratum
131.545672,43.902863,HUMAN_OBSERVATION,Polygonatum odoratum var. pluriflorum,Polygonatum odoratum
131.904163,43.168082,HUMAN_OBSERVATION,Polygonatum odoratum var. pluriflorum,Polygonatum odoratum
131.905,42.960012,HUMAN_OBSERVATION,Polygonatum odoratum var. pluriflorum,Polygonatum odoratum
117.9958,50.901468,HUMAN_OBSERVATION,Polygonatum odoratum var. pluriflorum,Polygonatum odoratum
142.018661,46.939014,HUMAN_OBSERVATION,Polygonatum odoratum var. pluriflorum,Polygonatum odoratum
142.744796,46.683591,HUMAN_OBSERVATION,Polygonatum odoratum var. pluriflorum,Polygonatum odoratum
145.684005,44.006992,HUMAN_OBSERVATION,Polygonatum odoratum var. pluriflorum,Polygonatum odoratum
131.88298,42.96786,HUMAN_OBSERVATION,Polygonatum odoratum var. pluriflorum,Polygonatum odoratum
120.483856,36.344191,HUMAN_OBSERVATION,Polygonatum odoratum var. pluriflorum,Polygonatum odoratum
131.883095,42.967593,HUMAN_OBSERVATION,Polygonatum odoratum var. pluriflorum,Polygonatum odoratum
131.950547,43.492128,HUMAN_OBSERVATION,Polygonatum odoratum var. pluriflorum,Polygonatum odoratum
131.660778,42.884934,HUMAN_OBSERVATION,Polygonatum odoratum var. pluriflorum,Polygonatum odoratum
117.252475,40.339075,HUMAN_OBSERVATION,Polygonatum odoratum var. pluriflorum,Polygonatum odoratum
131.765687,43.000347,HUMAN_OBSERVATION,Polygonatum odoratum var. pluriflorum,Polygonatum odoratum
115.703027,40.699871,HUMAN_OBSERVATION,Polygonatum odoratum var. pluriflorum,Polygonatum odoratum
115.787603,41.307215,HUMAN_OBSERVATION,Polygonatum odoratum var. pluriflorum,Polygonatum odoratum
132.040846,44.820329,HUMAN_OBSERVATION,Polygonatum odoratum var. pluriflorum,Polygonatum odoratum
132.037647,44.816051,HUMAN_OBSERVATION,Polygonatum odoratum var. pluriflorum,Polygonatum odoratum
132.03401,44.829661,HUMAN_OBSERVATION,Polygonatum odoratum var. pluriflorum,Polygonatum odoratum
132.041634,44.823307,HUMAN_OBSERVATION,Polygonatum odoratum var. pluriflorum,Polygonatum odoratum
132.038264,44.824576,HUMAN_OBSERVATION,Polygonatum odoratum var. pluriflorum,Polygonatum odoratum
131.881817,43.048887,HUMAN_OBSERVATION,Polygonatum odoratum var. pluriflorum,Polygonatum odoratum
143.071238,46.808134,HUMAN_OBSERVATION,Polygonatum odoratum var. pluriflorum,Polygonatum odoratum
116.341583,40.27267,HUMAN_OBSERVATION,Polygonatum odoratum var. pluriflorum,Polygonatum odoratum
128.21151,36.48281,HUMAN_OBSERVATION,Polygonatum odoratum var. pluriflorum,Polygonatum odoratum
129.025074,35.314171,HUMAN_OBSERVATION,Polygonatum odoratum var. pluriflorum,Polygonatum odoratum
127.58153,36.08154,HUMAN_OBSERVATION,Polygonatum odoratum var. pluriflorum,Polygonatum odoratum
128.19284,36.48115,HUMAN_OBSERVATION,Polygonatum odoratum var. pluriflorum,Polygonatum odoratum
127.584705,36.072857,HUMAN_OBSERVATION,Polygonatum odoratum var. pluriflorum,Polygonatum odoratum
127.585927,36.075928,HUMAN_OBSERVATION,Polygonatum odoratum var. pluriflorum,Polygonatum odoratum
127.013376,34.411598,HUMAN_OBSERVATION,Polygonatum odoratum var. pluriflorum,Polygonatum odoratum
127.012687,34.411146,HUMAN_OBSERVATION,Polygonatum odoratum var. pluriflorum,Polygonatum odoratum
127.582966,36.071572,HUMAN_OBSERVATION,Polygonatum odoratum var. pluriflorum,Polygonatum odoratum
129.020963,35.311334,HUMAN_OBSERVATION,Polygonatum odoratum var. pluriflorum,Polygonatum odoratum
127.580816,36.071055,HUMAN_OBSERVATION,Polygonatum odoratum var. pluriflorum,Polygonatum odoratum
129.030874,35.313052,HUMAN_OBSERVATION,Polygonatum odoratum var. pluriflorum,Polygonatum odoratum
127.583939,36.071989,HUMAN_OBSERVATION,Polygonatum odoratum var. pluriflorum,Polygonatum odoratum
119.06644,32.107513,HUMAN_OBSERVATION,Polygonatum odoratum var. pluriflorum,Polygonatum odoratum
115.877507,40.553045,HUMAN_OBSERVATION,Polygonatum odoratum var. pluriflorum,Polygonatum odoratum
139.432742,35.615545,HUMAN_OBSERVATION,Polygonatum odoratum var. pluriflorum,Polygonatum odoratum
139.426042,35.599262,HUMAN_OBSERVATION,Polygonatum odoratum var. pluriflorum,Polygonatum odoratum
116.305874,39.986913,HUMAN_OBSERVATION,Polygonatum odoratum var. pluriflorum,Polygonatum odoratum
139.38885,35.607883,HUMAN_OBSERVATION,Polygonatum odoratum var. pluriflorum,Polygonatum odoratum
126.633603,36.664997,PRESERVED_SPECIMEN,Polygonatum odoratum var. pluriflorum,Polygonatum odoratum
128.52727,35.697072,HUMAN_OBSERVATION,Polygonatum odoratum var. pluriflorum,Polygonatum odoratum
126.633603,36.664997,HUMAN_OBSERVATION,Polygonatum odoratum var. pluriflorum,Polygonatum odoratum
126.633603,36.664997,HUMAN_OBSERVATION,Polygonatum odoratum var. pluriflorum,Polygonatum odoratum
126.633603,36.664997,HUMAN_OBSERVATION,Polygonatum odoratum var. pluriflorum,Polygonatum odoratum
126.633603,36.664997,HUMAN_OBSERVATION,Polygonatum odoratum var. pluriflorum,Polygonatum odoratum
126.633603,36.664997,HUMAN_OBSERVATION,Polygonatum odoratum var. pluriflorum,Polygonatum odoratum
126.633603,36.664997,HUMAN_OBSERVATION,Polygonatum odoratum var. pluriflorum,Polygonatum odoratum
139.432642,35.615551,HUMAN_OBSERVATION,Polygonatum odoratum var. pluriflorum,Polygonatum odoratum
131.976718,43.212254,HUMAN_OBSERVATION,Polygonatum odoratum var. pluriflorum,Polygonatum odoratum
131.904937,43.169583,HUMAN_OBSERVATION,Polygonatum odoratum var. pluriflorum,Polygonatum odoratum
141.449511,43.206642,HUMAN_OBSERVATION,Polygonatum odoratum var. pluriflorum,Polygonatum odoratum
128.143182,37.459917,HUMAN_OBSERVATION,Polygonatum odoratum var. pluriflorum,Polygonatum odoratum
131.996685,43.224539,HUMAN_OBSERVATION,Polygonatum odoratum var. pluriflorum,Polygonatum odoratum
131.95566,43.21583,HUMAN_OBSERVATION,Polygonatum odoratum var. pluriflorum,Polygonatum odoratum
131.406866,43.871032,HUMAN_OBSERVATION,Polygonatum odoratum var. pluriflorum,Polygonatum odoratum
130.774539,42.714983,HUMAN_OBSERVATION,Polygonatum odoratum var. pluriflorum,Polygonatum odoratum
119.462873,34.721589,HUMAN_OBSERVATION,Polygonatum odoratum var. pluriflorum,Polygonatum odoratum
131.96619,43.31701,HUMAN_OBSERVATION,Polygonatum odoratum var. pluriflorum,Polygonatum odoratum
115.497953,40.029529,HUMAN_OBSERVATION,Polygonatum odoratum var. pluriflorum,Polygonatum odoratum
130.706971,42.349753,HUMAN_OBSERVATION,Polygonatum odoratum var. pluriflorum,Polygonatum odoratum
142.436683,46.791449,HUMAN_OBSERVATION,Polygonatum odoratum var. pluriflorum,Polygonatum odoratum
133.791662,43.205548,HUMAN_OBSERVATION,Polygonatum odoratum var. pluriflorum,Polygonatum odoratum
131.46766,43.96841,HUMAN_OBSERVATION,Polygonatum odoratum var. pluriflorum,Polygonatum odoratum
131.46724,43.96869,HUMAN_OBSERVATION,Polygonatum odoratum var. pluriflorum,Polygonatum odoratum
141.337097,43.234331,HUMAN_OBSERVATION,Polygonatum odoratum var. pluriflorum,Polygonatum odoratum
127.038349,37.540813,HUMAN_OBSERVATION,Polygonatum odoratum var. pluriflorum,Polygonatum odoratum
132.630519,44.496644,HUMAN_OBSERVATION,Polygonatum odoratum var. pluriflorum,Polygonatum odoratum
132.645781,44.485706,HUMAN_OBSERVATION,Polygonatum odoratum var. pluriflorum,Polygonatum odoratum
132.646525,44.484286,HUMAN_OBSERVATION,Polygonatum odoratum var. pluriflorum,Polygonatum odoratum
132.649931,44.482867,HUMAN_OBSERVATION,Polygonatum odoratum var. pluriflorum,Polygonatum odoratum
131.994272,45.059775,HUMAN_OBSERVATION,Polygonatum odoratum var. pluriflorum,Polygonatum odoratum
131.984333,43.731017,HUMAN_OBSERVATION,Polygonatum odoratum var. pluriflorum,Polygonatum odoratum
137.637465,36.2496,HUMAN_OBSERVATION,Polygonatum odoratum var. pluriflorum,Polygonatum odoratum
120.606003,36.203694,HUMAN_OBSERVATION,Polygonatum odoratum var. pluriflorum,Polygonatum odoratum
115.424719,39.977319,HUMAN_OBSERVATION,Polygonatum odoratum var. pluriflorum,Polygonatum odoratum
142.487829,46.805579,HUMAN_OBSERVATION,Polygonatum odoratum var. pluriflorum,Polygonatum odoratum
142.824203,46.981022,HUMAN_OBSERVATION,Polygonatum odoratum var. pluriflorum,Polygonatum odoratum
145.6839,44.006983,HUMAN_OBSERVATION,Polygonatum odoratum var. pluriflorum,Polygonatum odoratum
131.871414,42.946346,HUMAN_OBSERVATION,Polygonatum odoratum var. pluriflorum,Polygonatum odoratum
115.503061,40.063007,HUMAN_OBSERVATION,Polygonatum odoratum var. pluriflorum,Polygonatum odoratum
115.867142,40.554756,HUMAN_OBSERVATION,Polygonatum odoratum var. pluriflorum,Polygonatum odoratum
115.43218,39.966694,HUMAN_OBSERVATION,Polygonatum odoratum var. pluriflorum,Polygonatum odoratum
115.882896,40.552453,HUMAN_OBSERVATION,Polygonatum odoratum var. pluriflorum,Polygonatum odoratum
115.43218,39.966694,HUMAN_OBSERVATION,Polygonatum odoratum var. pluriflorum,Polygonatum odoratum
142.850297,46.921506,HUMAN_OBSERVATION,Polygonatum odoratum var. pluriflorum,Polygonatum odoratum
117.969481,50.896446,HUMAN_OBSERVATION,Polygonatum odoratum var. pluriflorum,Polygonatum odoratum
118.466,51.5367,HUMAN_OBSERVATION,Polygonatum odoratum var. pluriflorum,Polygonatum odoratum
118.4516,51.5445,HUMAN_OBSERVATION,Polygonatum odoratum var. pluriflorum,Polygonatum odoratum
127.03367,37.542367,HUMAN_OBSERVATION,Polygonatum odoratum var. pluriflorum,Polygonatum odoratum
142.244279,46.279304,HUMAN_OBSERVATION,Polygonatum odoratum var. pluriflorum,Polygonatum odoratum
146.271592,44.333195,HUMAN_OBSERVATION,Polygonatum odoratum var. pluriflorum,Polygonatum odoratum
146.271972,44.332888,HUMAN_OBSERVATION,Polygonatum odoratum var. pluriflorum,Polygonatum odoratum
142.824128,46.980913,HUMAN_OBSERVATION,Polygonatum odoratum var. pluriflorum,Polygonatum odoratum
142.825653,46.982283,HUMAN_OBSERVATION,Polygonatum odoratum var. pluriflorum,Polygonatum odoratum
131.745844,42.920995,HUMAN_OBSERVATION,Polygonatum odoratum var. pluriflorum,Polygonatum odoratum
127.327393,53.883823,HUMAN_OBSERVATION,Polygonatum odoratum var. pluriflorum,Polygonatum odoratum
115.821678,39.67472,HUMAN_OBSERVATION,Polygonatum odoratum var. pluriflorum,Polygonatum odoratum
146.268692,44.336372,HUMAN_OBSERVATION,Polygonatum odoratum var. pluriflorum,Polygonatum odoratum
142.827392,46.984888,HUMAN_OBSERVATION,Polygonatum odoratum var. pluriflorum,Polygonatum odoratum
142.826705,46.983753,HUMAN_OBSERVATION,Polygonatum odoratum var. pluriflorum,Polygonatum odoratum
132.604718,42.84137,HUMAN_OBSERVATION,Polygonatum odoratum var. pluriflorum,Polygonatum odoratum
131.489848,43.180166,HUMAN_OBSERVATION,Polygonatum odoratum var. pluriflorum,Polygonatum odoratum
131.976649,43.212153,HUMAN_OBSERVATION,Polygonatum odoratum var. pluriflorum,Polygonatum odoratum
131.718623,42.916522,HUMAN_OBSERVATION,Polygonatum odoratum var. pluriflorum,Polygonatum odoratum
135.450157,43.935887,HUMAN_OBSERVATION,Polygonatum odoratum var. pluriflorum,Polygonatum odoratum
142.886446,46.869852,HUMAN_OBSERVATION,Polygonatum odoratum var. pluriflorum,Polygonatum odoratum
135.469552,43.930807,HUMAN_OBSERVATION,Polygonatum odoratum var. pluriflorum,Polygonatum odoratum
131.727271,42.909381,HUMAN_OBSERVATION,Polygonatum odoratum var. pluriflorum,Polygonatum odoratum
128.389808,51.461217,HUMAN_OBSERVATION,Polygonatum odoratum var. pluriflorum,Polygonatum odoratum
132.720789,42.893542,HUMAN_OBSERVATION,Polygonatum odoratum var. pluriflorum,Polygonatum odoratum
131.724524,42.92209,HUMAN_OBSERVATION,Polygonatum odoratum var. pluriflorum,Polygonatum odoratum
135.444835,43.932421,HUMAN_OBSERVATION,Polygonatum odoratum var. pluriflorum,Polygonatum odoratum
131.831949,42.955636,HUMAN_OBSERVATION,Polygonatum odoratum var. pluriflorum,Polygonatum odoratum
142.191756,46.070197,HUMAN_OBSERVATION,Polygonatum odoratum var. pluriflorum,Polygonatum odoratum
142.1846,46.094181,HUMAN_OBSERVATION,Polygonatum odoratum var. pluriflorum,Polygonatum odoratum
142.213211,46.140961,HUMAN_OBSERVATION,Polygonatum odoratum var. pluriflorum,Polygonatum odoratum
141.243744,46.262444,HUMAN_OBSERVATION,Polygonatum odoratum var. pluriflorum,Polygonatum odoratum
115.279806,40.900756,HUMAN_OBSERVATION,Polygonatum odoratum var. pluriflorum,Polygonatum odoratum
135.514627,43.937567,HUMAN_OBSERVATION,Polygonatum odoratum var. pluriflorum,Polygonatum odoratum
131.84215,43.567619,HUMAN_OBSERVATION,Polygonatum odoratum var. pluriflorum,Polygonatum odoratum
135.435485,43.936472,HUMAN_OBSERVATION,Polygonatum odoratum var. pluriflorum,Polygonatum odoratum
115.506295,40.065197,HUMAN_OBSERVATION,Polygonatum odoratum var. pluriflorum,Polygonatum odoratum
146.076753,44.255945,HUMAN_OBSERVATION,Polygonatum odoratum var. pluriflorum,Polygonatum odoratum
131.998703,45.159325,HUMAN_OBSERVATION,Polygonatum odoratum var. pluriflorum,Polygonatum odoratum
131.661533,43.918219,HUMAN_OBSERVATION,Polygonatum odoratum var. pluriflorum,Polygonatum odoratum
127.482597,38.190868,HUMAN_OBSERVATION,Polygonatum odoratum var. pluriflorum,Polygonatum odoratum
139.390633,35.609133,HUMAN_OBSERVATION,Polygonatum odoratum var. pluriflorum,Polygonatum odoratum
128.566375,36.045827,HUMAN_OBSERVATION,Polygonatum odoratum var. pluriflorum,Polygonatum odoratum
128.566375,36.045827,HUMAN_OBSERVATION,Polygonatum odoratum var. pluriflorum,Polygonatum odoratum
139.459814,35.63726,HUMAN_OBSERVATION,Polygonatum odoratum var. pluriflorum,Polygonatum odoratum
128.8125,37.78944,HUMAN_OBSERVATION,Polygonatum odoratum var. pluriflorum,Polygonatum odoratum
127.1773,37.2775,HUMAN_OBSERVATION,Polygonatum odoratum var. pluriflorum,Polygonatum odoratum
129.2989,35.56672,HUMAN_OBSERVATION,Polygonatum odoratum var. pluriflorum,Polygonatum odoratum
126.695,33.36485,HUMAN_OBSERVATION,Polygonatum odoratum var. pluriflorum,Polygonatum odoratum
128.8578,37.69722,HUMAN_OBSERVATION,Polygonatum odoratum var. pluriflorum,Polygonatum odoratum
126.6934,33.36867,HUMAN_OBSERVATION,Polygonatum odoratum var. pluriflorum,Polygonatum odoratum
128.435,37.20375,HUMAN_OBSERVATION,Polygonatum odoratum var. pluriflorum,Polygonatum odoratum
127.9244,36.73056,HUMAN_OBSERVATION,Polygonatum odoratum var. pluriflorum,Polygonatum odoratum
127.288,36.0457,HUMAN_OBSERVATION,Polygonatum odoratum var. pluriflorum,Polygonatum odoratum
128.124,35.92236,HUMAN_OBSERVATION,Polygonatum odoratum var. pluriflorum,Polygonatum odoratum
126.8783,35.52513,HUMAN_OBSERVATION,Polygonatum odoratum var. pluriflorum,Polygonatum odoratum
128.9211,37.74972,HUMAN_OBSERVATION,Polygonatum odoratum var. pluriflorum,Polygonatum odoratum
126.4201,35.80171,HUMAN_OBSERVATION,Polygonatum odoratum var. pluriflorum,Polygonatum odoratum
126.8785,35.52506,HUMAN_OBSERVATION,Polygonatum odoratum var. pluriflorum,Polygonatum odoratum
127.4844,35.04036,HUMAN_OBSERVATION,Polygonatum odoratum var. pluriflorum,Polygonatum odoratum
127.952,35.48878,HUMAN_OBSERVATION,Polygonatum odoratum var. pluriflorum,Polygonatum odoratum
126.6571,33.44718,HUMAN_OBSERVATION,Polygonatum odoratum var. pluriflorum,Polygonatum odoratum
127.1383,35.85981,HUMAN_OBSERVATION,Polygonatum odoratum var. pluriflorum,Polygonatum odoratum
131.135206,42.626683,HUMAN_OBSERVATION,Polygonatum odoratum var. pluriflorum,Polygonatum odoratum
115.578033,39.832787,HUMAN_OBSERVATION,Polygonatum odoratum var. pluriflorum,Polygonatum odoratum
128.384125,37.676128,HUMAN_OBSERVATION,Polygonatum odoratum var. pluriflorum,Polygonatum odoratum
128.996384,37.169662,HUMAN_OBSERVATION,Polygonatum odoratum var. pluriflorum,Polygonatum odoratum
128.3922,37.705517,HUMAN_OBSERVATION,Polygonatum odoratum var. pluriflorum,Polygonatum odoratum
129.005112,37.167667,HUMAN_OBSERVATION,Polygonatum odoratum var. pluriflorum,Polygonatum odoratum
128.396851,37.690987,HUMAN_OBSERVATION,Polygonatum odoratum var. pluriflorum,Polygonatum odoratum
129.021423,37.156811,HUMAN_OBSERVATION,Polygonatum odoratum var. pluriflorum,Polygonatum odoratum
128.396774,37.698261,PRESERVED_SPECIMEN,Polygonatum odoratum var. pluriflorum,Polygonatum odoratum
131.799242,44.978422,HUMAN_OBSERVATION,Polygonatum odoratum var. pluriflorum,Polygonatum odoratum
139.425983,35.599283,HUMAN_OBSERVATION,Polygonatum odoratum var. pluriflorum,Polygonatum odoratum
127.057455,37.377866,HUMAN_OBSERVATION,Polygonatum odoratum var. pluriflorum,Polygonatum odoratum
127.135408,37.418295,HUMAN_OBSERVATION,Polygonatum odoratum var. pluriflorum,Polygonatum odoratum
127.144376,37.417792,HUMAN_OBSERVATION,Polygonatum odoratum var. pluriflorum,Polygonatum odoratum
127.07039,37.402085,HUMAN_OBSERVATION,Polygonatum odoratum var. pluriflorum,Polygonatum odoratum
127.07272,37.401485,HUMAN_OBSERVATION,Polygonatum odoratum var. pluriflorum,Polygonatum odoratum
127.061614,37.427779,HUMAN_OBSERVATION,Polygonatum odoratum var. pluriflorum,Polygonatum odoratum
127.175075,37.464482,HUMAN_OBSERVATION,Polygonatum odoratum var. pluriflorum,Polygonatum odoratum
127.181443,37.47103,HUMAN_OBSERVATION,Polygonatum odoratum var. pluriflorum,Polygonatum odoratum
127.182053,37.467693,HUMAN_OBSERVATION,Polygonatum odoratum var. pluriflorum,Polygonatum odoratum
127.181104,37.471999,HUMAN_OBSERVATION,Polygonatum odoratum var. pluriflorum,Polygonatum odoratum
127.15797,37.388871,HUMAN_OBSERVATION,Polygonatum odoratum var. pluriflorum,Polygonatum odoratum
127.191753,37.444012,HUMAN_OBSERVATION,Polygonatum odoratum var. pluriflorum,Polygonatum odoratum
127.049255,37.395145,HUMAN_OBSERVATION,Polygonatum odoratum var. pluriflorum,Polygonatum odoratum
127.186261,37.446645,HUMAN_OBSERVATION,Polygonatum odoratum var. pluriflorum,Polygonatum odoratum
127.038521,37.392986,HUMAN_OBSERVATION,Polygonatum odoratum var. pluriflorum,Polygonatum odoratum
127.038314,37.394728,HUMAN_OBSERVATION,Polygonatum odoratum var. pluriflorum,Polygonatum odoratum
127.045287,37.396726,HUMAN_OBSERVATION,Polygonatum odoratum var. pluriflorum,Polygonatum odoratum
127.180539,37.433889,HUMAN_OBSERVATION,Polygonatum odoratum var. pluriflorum,Polygonatum odoratum
127.180683,37.433923,HUMAN_OBSERVATION,Polygonatum odoratum var. pluriflorum,Polygonatum odoratum
127.098038,37.453884,HUMAN_OBSERVATION,Polygonatum odoratum var. pluriflorum,Polygonatum odoratum
127.147999,37.404309,HUMAN_OBSERVATION,Polygonatum odoratum var. pluriflorum,Polygonatum odoratum
127.178117,37.410269,HUMAN_OBSERVATION,Polygonatum odoratum var. pluriflorum,Polygonatum odoratum
127.164686,37.464507,HUMAN_OBSERVATION,Polygonatum odoratum var. pluriflorum,Polygonatum odoratum
127.165085,37.464779,HUMAN_OBSERVATION,Polygonatum odoratum var. pluriflorum,Polygonatum odoratum
127.060652,37.420643,HUMAN_OBSERVATION,Polygonatum odoratum var. pluriflorum,Polygonatum odoratum
127.062182,37.421592,HUMAN_OBSERVATION,Polygonatum odoratum var. pluriflorum,Polygonatum odoratum
127.154484,37.38391,HUMAN_OBSERVATION,Polygonatum odoratum var. pluriflorum,Polygonatum odoratum
127.165553,37.470155,HUMAN_OBSERVATION,Polygonatum odoratum var. pluriflorum,Polygonatum odoratum
127.17296,37.472638,HUMAN_OBSERVATION,Polygonatum odoratum var. pluriflorum,Polygonatum odoratum
131.961661,43.491264,HUMAN_OBSERVATION,Polygonatum odoratum var. pluriflorum,Polygonatum odoratum
132.810822,42.757389,HUMAN_OBSERVATION,Polygonatum odoratum var. pluriflorum,Polygonatum odoratum
132.79068,42.834524,HUMAN_OBSERVATION,Polygonatum odoratum var. pluriflorum,Polygonatum odoratum
132.808517,42.759575,HUMAN_OBSERVATION,Polygonatum odoratum var. pluriflorum,Polygonatum odoratum
132.571848,42.846459,HUMAN_OBSERVATION,Polygonatum odoratum var. pluriflorum,Polygonatum odoratum
132.888564,48.806923,HUMAN_OBSERVATION,Polygonatum odoratum var. pluriflorum,Polygonatum odoratum
129.00478,37.30469,PRESERVED_SPECIMEN,Polygonatum odoratum var. pluriflorum,Polygonatum odoratum
116.051447,40.058799,HUMAN_OBSERVATION,Polygonatum odoratum var. pluriflorum,Polygonatum odoratum
115.582909,39.832958,HUMAN_OBSERVATION,Polygonatum odoratum var. pluriflorum,Polygonatum odoratum
128.566375,36.045827,HUMAN_OBSERVATION,Polygonatum odoratum var. pluriflorum,Polygonatum odoratum
139.435215,35.606567,HUMAN_OBSERVATION,Polygonatum odoratum var. pluriflorum,Polygonatum odoratum
139.53252,35.61601,PRESERVED_SPECIMEN,Polygonatum odoratum var. pluriflorum,Polygonatum odoratum
129.2029,35.54985,HUMAN_OBSERVATION,Polygonatum odoratum var. pluriflorum,Polygonatum odoratum
129.2029,35.54995,HUMAN_OBSERVATION,Polygonatum odoratum var. pluriflorum,Polygonatum odoratum
129.2028,35.54988,HUMAN_OBSERVATION,Polygonatum odoratum var. pluriflorum,Polygonatum odoratum
126.8764,35.52615,HUMAN_OBSERVATION,Polygonatum odoratum var. pluriflorum,Polygonatum odoratum
127.3975,35.62382,HUMAN_OBSERVATION,Polygonatum odoratum var. pluriflorum,Polygonatum odoratum
129.0383,35.61863,HUMAN_OBSERVATION,Polygonatum odoratum var. pluriflorum,Polygonatum odoratum
127.4233,35.89848,HUMAN_OBSERVATION,Polygonatum odoratum var. pluriflorum,Polygonatum odoratum
129.0981,36.80639,HUMAN_OBSERVATION,Polygonatum odoratum var. pluriflorum,Polygonatum odoratum
127.2723,35.00298,HUMAN_OBSERVATION,Polygonatum odoratum var. pluriflorum,Polygonatum odoratum
128.5772,37.76439,HUMAN_OBSERVATION,Polygonatum odoratum var. pluriflorum,Polygonatum odoratum
128.7544,37.69556,HUMAN_OBSERVATION,Polygonatum odoratum var. pluriflorum,Polygonatum odoratum
128.3167,37.20859,HUMAN_OBSERVATION,Polygonatum odoratum var. pluriflorum,Polygonatum odoratum
128.4114,37.13089,HUMAN_OBSERVATION,Polygonatum odoratum var. pluriflorum,Polygonatum odoratum
127.5258,35.3674,HUMAN_OBSERVATION,Polygonatum odoratum var. pluriflorum,Polygonatum odoratum
115.59207,40.05069,HUMAN_OBSERVATION,Polygonatum odoratum var. pluriflorum,Polygonatum odoratum
134.372008,46.439208,HUMAN_OBSERVATION,Polygonatum odoratum var. pluriflorum,Polygonatum odoratum
142.546112,46.719558,HUMAN_OBSERVATION,Polygonatum odoratum var. pluriflorum,Polygonatum odoratum
138.372061,36.536896,HUMAN_OBSERVATION,Polygonatum odoratum var. pluriflorum,Polygonatum odoratum
127.516899,38.198727,PRESERVED_SPECIMEN,Polygonatum odoratum var. pluriflorum,Polygonatum odoratum
127.155144,37.377254,HUMAN_OBSERVATION,Polygonatum odoratum var. pluriflorum,Polygonatum odoratum
127.069729,37.407043,HUMAN_OBSERVATION,Polygonatum odoratum var. pluriflorum,Polygonatum odoratum
127.059167,37.3775,HUMAN_OBSERVATION,Polygonatum odoratum var. pluriflorum,Polygonatum odoratum
117.892067,50.935963,HUMAN_OBSERVATION,Polygonatum odoratum var. pluriflorum,Polygonatum odoratum
128.3511,36.93033,HUMAN_OBSERVATION,Polygonatum odoratum var. pluriflorum,Polygonatum odoratum
127.8027,36.29429,HUMAN_OBSERVATION,Polygonatum odoratum var. pluriflorum,Polygonatum odoratum
129.2028,35.54986,HUMAN_OBSERVATION,Polygonatum odoratum var. pluriflorum,Polygonatum odoratum
127.8158,35.87046,HUMAN_OBSERVATION,Polygonatum odoratum var. pluriflorum,Polygonatum odoratum
126.6152,36.70382,HUMAN_OBSERVATION,Polygonatum odoratum var. pluriflorum,Polygonatum odoratum
127.8511,36.04913,HUMAN_OBSERVATION,Polygonatum odoratum var. pluriflorum,Polygonatum odoratum
142.176503,48.12982,HUMAN_OBSERVATION,Polygonatum odoratum var. pluriflorum,Polygonatum odoratum
115.9899,39.924421,HUMAN_OBSERVATION,Polygonatum odoratum var. pluriflorum,Polygonatum odoratum
129.006287,37.171295,HUMAN_OBSERVATION,Polygonatum odoratum var. pluriflorum,Polygonatum odoratum
129.009842,37.149868,HUMAN_OBSERVATION,Polygonatum odoratum var. pluriflorum,Polygonatum odoratum
129.006516,37.172607,HUMAN_OBSERVATION,Polygonatum odoratum var. pluriflorum,Polygonatum odoratum
129.006256,37.171803,HUMAN_OBSERVATION,Polygonatum odoratum var. pluriflorum,Polygonatum odoratum
129.007629,37.14994,PRESERVED_SPECIMEN,Polygonatum odoratum var. pluriflorum,Polygonatum odoratum
129.009811,37.149914,PRESERVED_SPECIMEN,Polygonatum odoratum var. pluriflorum,Polygonatum odoratum
127.503838,38.202801,PRESERVED_SPECIMEN,Polygonatum odoratum var. pluriflorum,Polygonatum odoratum
143.371347,46.336333,HUMAN_OBSERVATION,Polygonatum odoratum var. pluriflorum,Polygonatum odoratum
127.063902,37.401755,HUMAN_OBSERVATION,Polygonatum odoratum var. pluriflorum,Polygonatum odoratum
127.087366,37.395318,HUMAN_OBSERVATION,Polygonatum odoratum var. pluriflorum,Polygonatum odoratum
127.064713,37.401218,HUMAN_OBSERVATION,Polygonatum odoratum var. pluriflorum,Polygonatum odoratum
127.06472,37.40131,HUMAN_OBSERVATION,Polygonatum odoratum var. pluriflorum,Polygonatum odoratum
127.087308,37.395199,HUMAN_OBSERVATION,Polygonatum odoratum var. pluriflorum,Polygonatum odoratum
135.461131,43.899386,HUMAN_OBSERVATION,Polygonatum odoratum var. pluriflorum,Polygonatum odoratum
128.8608,36.35139,HUMAN_OBSERVATION,Polygonatum odoratum var. pluriflorum,Polygonatum odoratum
128.8615,36.35114,HUMAN_OBSERVATION,Polygonatum odoratum var. pluriflorum,Polygonatum odoratum
143.420658,46.241794,HUMAN_OBSERVATION,Polygonatum odoratum var. pluriflorum,Polygonatum odoratum
132.724037,42.887139,HUMAN_OBSERVATION,Polygonatum odoratum var. pluriflorum,Polygonatum odoratum
132.455316,42.81256,HUMAN_OBSERVATION,Polygonatum odoratum var. pluriflorum,Polygonatum odoratum
131.976621,43.212099,HUMAN_OBSERVATION,Polygonatum odoratum var. pluriflorum,Polygonatum odoratum
116.751862,40.553845,HUMAN_OBSERVATION,Polygonatum odoratum var. pluriflorum,Polygonatum odoratum
142.892582,46.873088,HUMAN_OBSERVATION,Polygonatum odoratum var. pluriflorum,Polygonatum odoratum
142.708789,48.44701,HUMAN_OBSERVATION,Polygonatum odoratum var. pluriflorum,Polygonatum odoratum
127.1488,35.78922,HUMAN_OBSERVATION,Polygonatum odoratum var. pluriflorum,Polygonatum odoratum
127.1948,35.73347,HUMAN_OBSERVATION,Polygonatum odoratum var. pluriflorum,Polygonatum odoratum
127.6459,37.2175,HUMAN_OBSERVATION,Polygonatum odoratum var. pluriflorum,Polygonatum odoratum
126.9039,35.50444,HUMAN_OBSERVATION,Polygonatum odoratum var. pluriflorum,Polygonatum odoratum
126.8943,35.48785,HUMAN_OBSERVATION,Polygonatum odoratum var. pluriflorum,Polygonatum odoratum
126.878,35.51805,HUMAN_OBSERVATION,Polygonatum odoratum var. pluriflorum,Polygonatum odoratum
142.879204,46.866732,HUMAN_OBSERVATION,Polygonatum odoratum var. pluriflorum,Polygonatum odoratum
142.151273,46.095762,HUMAN_OBSERVATION,Polygonatum odoratum var. pluriflorum,Polygonatum odoratum
134.080924,50.306377,HUMAN_OBSERVATION,Polygonatum odoratum var. pluriflorum,Polygonatum odoratum
127.519653,38.199051,HUMAN_OBSERVATION,Polygonatum odoratum var. pluriflorum,Polygonatum odoratum
131.198755,42.593443,HUMAN_OBSERVATION,Polygonatum odoratum var. pluriflorum,Polygonatum odoratum
131.193287,42.593672,HUMAN_OBSERVATION,Polygonatum odoratum var. pluriflorum,Polygonatum odoratum
131.199872,42.604883,HUMAN_OBSERVATION,Polygonatum odoratum var. pluriflorum,Polygonatum odoratum
142.791153,46.951225,HUMAN_OBSERVATION,Polygonatum odoratum var. pluriflorum,Polygonatum odoratum
127.165157,37.466409,HUMAN_OBSERVATION,Polygonatum odoratum var. pluriflorum,Polygonatum odoratum
127.166218,37.469632,HUMAN_OBSERVATION,Polygonatum odoratum var. pluriflorum,Polygonatum odoratum
127.079782,37.405932,HUMAN_OBSERVATION,Polygonatum odoratum var. pluriflorum,Polygonatum odoratum
127.138423,37.420079,HUMAN_OBSERVATION,Polygonatum odoratum var. pluriflorum,Polygonatum odoratum
127.187941,37.446645,HUMAN_OBSERVATION,Polygonatum odoratum var. pluriflorum,Polygonatum odoratum
127.072017,37.423218,HUMAN_OBSERVATION,Polygonatum odoratum var. pluriflorum,Polygonatum odoratum
127.072017,37.423218,HUMAN_OBSERVATION,Polygonatum odoratum var. pluriflorum,Polygonatum odoratum
128.50337,37.53521,PRESERVED_SPECIMEN,Polygonatum odoratum var. pluriflorum,Polygonatum odoratum
127.3944,35.62247,HUMAN_OBSERVATION,Polygonatum odoratum var. pluriflorum,Polygonatum odoratum
142.78168,46.955591,HUMAN_OBSERVATION,Polygonatum odoratum var. pluriflorum,Polygonatum odoratum
127.046204,37.396149,HUMAN_OBSERVATION,Polygonatum odoratum var. pluriflorum,Polygonatum odoratum
127.046202,37.396221,HUMAN_OBSERVATION,Polygonatum odoratum var. pluriflorum,Polygonatum odoratum
127.040117,37.398235,HUMAN_OBSERVATION,Polygonatum odoratum var. pluriflorum,Polygonatum odoratum
127.087392,37.395295,HUMAN_OBSERVATION,Polygonatum odoratum var. pluriflorum,Polygonatum odoratum
129.239,35.53197,HUMAN_OBSERVATION,Polygonatum odoratum var. pluriflorum,Polygonatum odoratum
129.335556,36.565278,HUMAN_OBSERVATION,Polygonatum odoratum var. pluriflorum,Polygonatum odoratum
127.095833,36.046944,HUMAN_OBSERVATION,Polygonatum odoratum var. pluriflorum,Polygonatum odoratum
127.65729,36.347465,PRESERVED_SPECIMEN,Polygonatum odoratum var. pluriflorum,Polygonatum odoratum
127.65729,36.347465,PRESERVED_SPECIMEN,Polygonatum odoratum var. pluriflorum,Polygonatum odoratum
127.65729,36.347465,PRESERVED_SPECIMEN,Polygonatum odoratum var. pluriflorum,Polygonatum odoratum
127.65729,36.347465,PRESERVED_SPECIMEN,Polygonatum odoratum var. pluriflorum,Polygonatum odoratum
128.344917,36.854889,PRESERVED_SPECIMEN,Polygonatum odoratum var. pluriflorum,Polygonatum odoratum
138.265705,36.368315,PRESERVED_SPECIMEN,Polygonatum odoratum var. pluriflorum,Polygonatum odoratum
139.45747,35.61422,PRESERVED_SPECIMEN,Polygonatum odoratum var. pluriflorum,Polygonatum odoratum
139.128079,35.3491,PRESERVED_SPECIMEN,Polygonatum odoratum var. pluriflorum,Polygonatum odoratum
127.535713,35.813888,HUMAN_OBSERVATION,Polygonatum odoratum var. pluriflorum,Polygonatum odoratum
128.502159,35.214766,HUMAN_OBSERVATION,Polygonatum odoratum var. pluriflorum,Polygonatum odoratum
128.32,37.956944,HUMAN_OBSERVATION,Polygonatum odoratum var. pluriflorum,Polygonatum odoratum
129.149373,35.256659,HUMAN_OBSERVATION,Polygonatum odoratum var. pluriflorum,Polygonatum odoratum
127.178611,37.658889,HUMAN_OBSERVATION,Polygonatum odoratum var. pluriflorum,Polygonatum odoratum
129.379843,35.659583,HUMAN_OBSERVATION,Polygonatum odoratum var. pluriflorum,Polygonatum odoratum
128.429612,35.202037,HUMAN_OBSERVATION,Polygonatum odoratum var. pluriflorum,Polygonatum odoratum
127.4225,35.602778,HUMAN_OBSERVATION,Polygonatum odoratum var. pluriflorum,Polygonatum odoratum
131.841547,43.075337,HUMAN_OBSERVATION,Polygonatum odoratum var. pluriflorum,Polygonatum odoratum
133.162033,43.111275,HUMAN_OBSERVATION,Polygonatum odoratum var. pluriflorum,Polygonatum odoratum
131.910314,43.147967,HUMAN_OBSERVATION,Polygonatum odoratum var. pluriflorum,Polygonatum odoratum
138.194741,34.855997,HUMAN_OBSERVATION,Polygonatum odoratum var. pluriflorum,Polygonatum odoratum
131.881,42.963,HUMAN_OBSERVATION,Polygonatum odoratum var. pluriflorum,Polygonatum odoratum
115.295717,51.065612,HUMAN_OBSERVATION,Polygonatum odoratum var. pluriflorum,Polygonatum odoratum
128.337975,36.976992,PRESERVED_SPECIMEN,Polygonatum odoratum var. pluriflorum,Polygonatum odoratum
128.337975,36.976992,PRESERVED_SPECIMEN,Polygonatum odoratum var. pluriflorum,Polygonatum odoratum
128.337975,36.976992,PRESERVED_SPECIMEN,Polygonatum odoratum var. pluriflorum,Polygonatum odoratum
127.754333,36.089333,PRESERVED_SPECIMEN,Polygonatum odoratum var. pluriflorum,Polygonatum odoratum
127.754333,36.089333,PRESERVED_SPECIMEN,Polygonatum odoratum var. pluriflorum,Polygonatum odoratum
128.340917,36.857694,PRESERVED_SPECIMEN,Polygonatum odoratum var. pluriflorum,Polygonatum odoratum
128.3305,36.867944,PRESERVED_SPECIMEN,Polygonatum odoratum var. pluriflorum,Polygonatum odoratum
128.3305,36.867944,PRESERVED_SPECIMEN,Polygonatum odoratum var. pluriflorum,Polygonatum odoratum
127.985289,36.723979,PRESERVED_SPECIMEN,Polygonatum odoratum var. pluriflorum,Polygonatum odoratum
127.985289,36.723979,PRESERVED_SPECIMEN,Polygonatum odoratum var. pluriflorum,Polygonatum odoratum
139.4257,35.599183,HUMAN_OBSERVATION,Polygonatum odoratum var. pluriflorum,Polygonatum odoratum
138.350323,36.41367,PRESERVED_SPECIMEN,Polygonatum odoratum var. pluriflorum,Polygonatum odoratum
126.420153,35.808346,HUMAN_OBSERVATION,Polygonatum odoratum var. pluriflorum,Polygonatum odoratum
128.213776,37.044525,HUMAN_OBSERVATION,Polygonatum odoratum var. pluriflorum,Polygonatum odoratum
126.419853,35.802473,HUMAN_OBSERVATION,Polygonatum odoratum var. pluriflorum,Polygonatum odoratum
128.206052,37.033007,HUMAN_OBSERVATION,Polygonatum odoratum var. pluriflorum,Polygonatum odoratum
128.205224,37.030979,HUMAN_OBSERVATION,Polygonatum odoratum var. pluriflorum,Polygonatum odoratum
126.452638,35.830236,HUMAN_OBSERVATION,Polygonatum odoratum var. pluriflorum,Polygonatum odoratum
126.452519,35.830044,HUMAN_OBSERVATION,Polygonatum odoratum var. pluriflorum,Polygonatum odoratum
126.444648,35.830176,HUMAN_OBSERVATION,Polygonatum odoratum var. pluriflorum,Polygonatum odoratum
127.115796,35.647948,HUMAN_OBSERVATION,Polygonatum odoratum var. pluriflorum,Polygonatum odoratum
126.444877,35.828921,HUMAN_OBSERVATION,Polygonatum odoratum var. pluriflorum,Polygonatum odoratum
128.433904,37.206088,HUMAN_OBSERVATION,Polygonatum odoratum var. pluriflorum,Polygonatum odoratum
127.688457,35.95277,HUMAN_OBSERVATION,Polygonatum odoratum var. pluriflorum,Polygonatum odoratum
127.47446,35.654745,HUMAN_OBSERVATION,Polygonatum odoratum var. pluriflorum,Polygonatum odoratum
126.973,35.488138,HUMAN_OBSERVATION,Polygonatum odoratum var. pluriflorum,Polygonatum odoratum
127.008751,35.503416,HUMAN_OBSERVATION,Polygonatum odoratum var. pluriflorum,Polygonatum odoratum
127.142575,35.789335,HUMAN_OBSERVATION,Polygonatum odoratum var. pluriflorum,Polygonatum odoratum
126.875,35.521944,HUMAN_OBSERVATION,Polygonatum odoratum var. pluriflorum,Polygonatum odoratum
127.05496,35.722832,HUMAN_OBSERVATION,Polygonatum odoratum var. pluriflorum,Polygonatum odoratum
127.699044,35.839204,HUMAN_OBSERVATION,Polygonatum odoratum var. pluriflorum,Polygonatum odoratum
119.459445,35.451987,HUMAN_OBSERVATION,Polygonatum odoratum var. pluriflorum,Polygonatum odoratum
131.930772,43.012142,HUMAN_OBSERVATION,Polygonatum odoratum var. pluriflorum,Polygonatum odoratum
131.949694,43.391569,HUMAN_OBSERVATION,Polygonatum odoratum var. pluriflorum,Polygonatum odoratum
132.156855,43.697177,HUMAN_OBSERVATION,Polygonatum odoratum var. pluriflorum,Polygonatum odoratum
133.819357,43.214705,HUMAN_OBSERVATION,Polygonatum odoratum var. pluriflorum,Polygonatum odoratum
130.082936,49.439958,HUMAN_OBSERVATION,Polygonatum odoratum var. pluriflorum,Polygonatum odoratum
143.515458,46.633738,HUMAN_OBSERVATION,Polygonatum odoratum var. pluriflorum,Polygonatum odoratum
129.720954,49.390652,HUMAN_OBSERVATION,Polygonatum odoratum var. pluriflorum,Polygonatum odoratum
129.720623,49.390726,HUMAN_OBSERVATION,Polygonatum odoratum var. pluriflorum,Polygonatum odoratum
138.52867,37.364892,HUMAN_OBSERVATION,Polygonatum odoratum var. pluriflorum,Polygonatum odoratum
142.758728,46.96562,HUMAN_OBSERVATION,Polygonatum odoratum var. pluriflorum,Polygonatum odoratum
131.659247,43.917058,HUMAN_OBSERVATION,Polygonatum odoratum var. pluriflorum,Polygonatum odoratum
131.979444,43.093333,HUMAN_OBSERVATION,Polygonatum odoratum var. pluriflorum,Polygonatum odoratum
138.160951,36.119744,HUMAN_OBSERVATION,Polygonatum odoratum var. pluriflorum,Polygonatum odoratum
117.829719,50.958331,HUMAN_OBSERVATION,Polygonatum odoratum var. pluriflorum,Polygonatum odoratum
133.08653,49.09386,HUMAN_OBSERVATION,Polygonatum odoratum var. pluriflorum,Polygonatum odoratum
130.088161,49.434933,HUMAN_OBSERVATION,Polygonatum odoratum var. pluriflorum,Polygonatum odoratum
115.51721,40.00647,HUMAN_OBSERVATION,Polygonatum odoratum var. pluriflorum,Polygonatum odoratum
126.419365,35.80845,HUMAN_OBSERVATION,Polygonatum odoratum var. pluriflorum,Polygonatum odoratum
126.422914,35.798979,HUMAN_OBSERVATION,Polygonatum odoratum var. pluriflorum,Polygonatum odoratum
126.417217,35.821205,HUMAN_OBSERVATION,Polygonatum odoratum var. pluriflorum,Polygonatum odoratum
127.143122,35.806001,HUMAN_OBSERVATION,Polygonatum odoratum var. pluriflorum,Polygonatum odoratum
127.403429,35.763082,HUMAN_OBSERVATION,Polygonatum odoratum var. pluriflorum,Polygonatum odoratum
127.375,35.906111,HUMAN_OBSERVATION,Polygonatum odoratum var. pluriflorum,Polygonatum odoratum
128.207074,37.03018,HUMAN_OBSERVATION,Polygonatum odoratum var. pluriflorum,Polygonatum odoratum
126.420277,35.806522,HUMAN_OBSERVATION,Polygonatum odoratum var. pluriflorum,Polygonatum odoratum
126.419656,35.808417,HUMAN_OBSERVATION,Polygonatum odoratum var. pluriflorum,Polygonatum odoratum
142.889565,46.87023,HUMAN_OBSERVATION,Polygonatum odoratum var. pluriflorum,Polygonatum odoratum
131.220995,42.593546,HUMAN_OBSERVATION,Polygonatum odoratum var. pluriflorum,Polygonatum odoratum
131.533347,43.960036,HUMAN_OBSERVATION,Polygonatum odoratum var. pluriflorum,Polygonatum odoratum
131.534469,43.959889,HUMAN_OBSERVATION,Polygonatum odoratum var. pluriflorum,Polygonatum odoratum
129.153701,36.393273,HUMAN_OBSERVATION,Polygonatum odoratum var. pluriflorum,Polygonatum odoratum
127.523985,35.366673,HUMAN_OBSERVATION,Polygonatum odoratum var. pluriflorum,Polygonatum odoratum
147.86383,45.314408,HUMAN_OBSERVATION,Polygonatum odoratum var. pluriflorum,Polygonatum odoratum
142.561855,47.345943,HUMAN_OBSERVATION,Polygonatum odoratum var. pluriflorum,Polygonatum odoratum
128.172769,51.40601,HUMAN_OBSERVATION,Polygonatum odoratum var. pluriflorum,Polygonatum odoratum
132.146925,43.706936,HUMAN_OBSERVATION,Polygonatum odoratum var. pluriflorum,Polygonatum odoratum
132.146925,43.706936,HUMAN_OBSERVATION,Polygonatum odoratum var. pluriflorum,Polygonatum odoratum
139.81128,35.31035,PRESERVED_SPECIMEN,Polygonatum odoratum var. pluriflorum,Polygonatum odoratum
143.265777,46.547478,HUMAN_OBSERVATION,Polygonatum odoratum var. pluriflorum,Polygonatum odoratum
131.722133,42.95145,HUMAN_OBSERVATION,Polygonatum odoratum var. pluriflorum,Polygonatum odoratum
131.719895,42.96674,HUMAN_OBSERVATION,Polygonatum odoratum var. pluriflorum,Polygonatum odoratum
131.8417,43.075137,HUMAN_OBSERVATION,Polygonatum odoratum var. pluriflorum,Polygonatum odoratum
132.82605,42.786603,HUMAN_OBSERVATION,Polygonatum odoratum var. pluriflorum,Polygonatum odoratum
131.749338,42.983893,HUMAN_OBSERVATION,Polygonatum odoratum var. pluriflorum,Polygonatum odoratum
131.877335,42.958357,HUMAN_OBSERVATION,Polygonatum odoratum var. pluriflorum,Polygonatum odoratum
131.93016,42.995531,HUMAN_OBSERVATION,Polygonatum odoratum var. pluriflorum,Polygonatum odoratum
117.936094,50.935952,HUMAN_OBSERVATION,Polygonatum odoratum var. pluriflorum,Polygonatum odoratum
117.936099,50.935952,HUMAN_OBSERVATION,Polygonatum odoratum var. pluriflorum,Polygonatum odoratum
128.819444,37.611111,HUMAN_OBSERVATION,Polygonatum odoratum var. pluriflorum,Polygonatum odoratum
128.308333,37.88,HUMAN_OBSERVATION,Polygonatum odoratum var. pluriflorum,Polygonatum odoratum
128.65,37.481111,HUMAN_OBSERVATION,Polygonatum odoratum var. pluriflorum,Polygonatum odoratum
127.275,38.341667,HUMAN_OBSERVATION,Polygonatum odoratum var. pluriflorum,Polygonatum odoratum
128.428333,37.1075,HUMAN_OBSERVATION,Polygonatum odoratum var. pluriflorum,Polygonatum odoratum
128.708056,37.478056,HUMAN_OBSERVATION,Polygonatum odoratum var. pluriflorum,Polygonatum odoratum
139.425644,35.599228,HUMAN_OBSERVATION,Polygonatum odoratum var. pluriflorum,Polygonatum odoratum
139.425587,35.599168,HUMAN_OBSERVATION,Polygonatum odoratum var. pluriflorum,Polygonatum odoratum
126.989059,36.610648,HUMAN_OBSERVATION,Polygonatum odoratum var. pluriflorum,Polygonatum odoratum
139.915587,35.918436,HUMAN_OBSERVATION,Polygonatum odoratum var. pluriflorum,Polygonatum odoratum
127.438388,35.910689,HUMAN_OBSERVATION,Polygonatum odoratum var. pluriflorum,Polygonatum odoratum
127.034722,37.473611,HUMAN_OBSERVATION,Polygonatum odoratum var. pluriflorum,Polygonatum odoratum
127.4375,35.910833,HUMAN_OBSERVATION,Polygonatum odoratum var. pluriflorum,Polygonatum odoratum
127.086402,35.828772,HUMAN_OBSERVATION,Polygonatum odoratum var. pluriflorum,Polygonatum odoratum
127.124889,35.646704,HUMAN_OBSERVATION,Polygonatum odoratum var. pluriflorum,Polygonatum odoratum
127.143889,35.781667,HUMAN_OBSERVATION,Polygonatum odoratum var. pluriflorum,Polygonatum odoratum
128.145811,37.457106,HUMAN_OBSERVATION,Polygonatum odoratum var. pluriflorum,Polygonatum odoratum
128.143834,37.457876,HUMAN_OBSERVATION,Polygonatum odoratum var. pluriflorum,Polygonatum odoratum
126.395275,35.809072,HUMAN_OBSERVATION,Polygonatum odoratum var. pluriflorum,Polygonatum odoratum
126.395275,35.809072,HUMAN_OBSERVATION,Polygonatum odoratum var. pluriflorum,Polygonatum odoratum
126.395275,35.809072,HUMAN_OBSERVATION,Polygonatum odoratum var. pluriflorum,Polygonatum odoratum
126.395275,35.809072,HUMAN_OBSERVATION,Polygonatum odoratum var. pluriflorum,Polygonatum odoratum
135.0597,48.3318,HUMAN_OBSERVATION,Polygonatum odoratum var. pluriflorum,Polygonatum odoratum
137.428412,35.171251,PRESERVED_SPECIMEN,Polygonatum odoratum var. pluriflorum,Polygonatum odoratum
116.604417,40.41152,HUMAN_OBSERVATION,Polygonatum odoratum var. pluriflorum,Polygonatum odoratum
115.814445,39.924446,HUMAN_OBSERVATION,Polygonatum odoratum var. pluriflorum,Polygonatum odoratum
138.379058,36.353037,PRESERVED_SPECIMEN,Polygonatum odoratum var. pluriflorum,Polygonatum odoratum
138.195691,36.204235,PRESERVED_SPECIMEN,Polygonatum odoratum var. pluriflorum,Polygonatum odoratum
138.404989,36.40448,PRESERVED_SPECIMEN,Polygonatum odoratum var. pluriflorum,Polygonatum odoratum
117.428039,40.690812,HUMAN_OBSERVATION,Polygonatum odoratum var. pluriflorum,Polygonatum odoratum
127.237776,36.262072,HUMAN_OBSERVATION,Polygonatum odoratum var. pluriflorum,Polygonatum odoratum
128.946389,35.844444,HUMAN_OBSERVATION,Polygonatum odoratum var. pluriflorum,Polygonatum odoratum
128.609243,35.902322,HUMAN_OBSERVATION,Polygonatum odoratum var. pluriflorum,Polygonatum odoratum
127.916667,35.598056,HUMAN_OBSERVATION,Polygonatum odoratum var. pluriflorum,Polygonatum odoratum
127.427222,35.5875,HUMAN_OBSERVATION,Polygonatum odoratum var. pluriflorum,Polygonatum odoratum
127.135,35.791389,HUMAN_OBSERVATION,Polygonatum odoratum var. pluriflorum,Polygonatum odoratum
127.142703,35.787137,HUMAN_OBSERVATION,Polygonatum odoratum var. pluriflorum,Polygonatum odoratum
127.17503,35.842229,HUMAN_OBSERVATION,Polygonatum odoratum var. pluriflorum,Polygonatum odoratum
127.312192,35.862515,HUMAN_OBSERVATION,Polygonatum odoratum var. pluriflorum,Polygonatum odoratum
127.118149,35.648724,HUMAN_OBSERVATION,Polygonatum odoratum var. pluriflorum,Polygonatum odoratum
127.059221,37.488526,HUMAN_OBSERVATION,Polygonatum odoratum var. pluriflorum,Polygonatum odoratum
127.468333,35.637778,HUMAN_OBSERVATION,Polygonatum odoratum var. pluriflorum,Polygonatum odoratum
138.1042,36.5938,PRESERVED_SPECIMEN,Polygonatum odoratum var. pluriflorum,Polygonatum odoratum
138.1042,36.5938,PRESERVED_SPECIMEN,Polygonatum odoratum var. pluriflorum,Polygonatum odoratum
115.892193,40.558495,HUMAN_OBSERVATION,Polygonatum odoratum var. pluriflorum,Polygonatum odoratum
131.868115,43.105123,HUMAN_OBSERVATION,Polygonatum odoratum var. pluriflorum,Polygonatum odoratum
124.04245,53.994221,HUMAN_OBSERVATION,Polygonatum odoratum var. pluriflorum,Polygonatum odoratum
124.08561,53.978287,HUMAN_OBSERVATION,Polygonatum odoratum var. pluriflorum,Polygonatum odoratum
131.551389,48.969444,HUMAN_OBSERVATION,Polygonatum odoratum var. pluriflorum,Polygonatum odoratum
131.967153,43.311389,HUMAN_OBSERVATION,Polygonatum odoratum var. pluriflorum,Polygonatum odoratum
127.5614,50.2568,HUMAN_OBSERVATION,Polygonatum odoratum var. pluriflorum,Polygonatum odoratum
142.7792,46.9437,HUMAN_OBSERVATION,Polygonatum odoratum var. pluriflorum,Polygonatum odoratum
128.4201,38.5152,HUMAN_OBSERVATION,Polygonatum odoratum var. pluriflorum,Polygonatum odoratum
127.576454,35.563046,PRESERVED_SPECIMEN,Polygonatum odoratum var. pluriflorum,Polygonatum odoratum
127.449333,35.516222,PRESERVED_SPECIMEN,Polygonatum odoratum var. pluriflorum,Polygonatum odoratum
127.455056,35.533111,PRESERVED_SPECIMEN,Polygonatum odoratum var. pluriflorum,Polygonatum odoratum
127.59166,35.546131,PRESERVED_SPECIMEN,Polygonatum odoratum var. pluriflorum,Polygonatum odoratum
131.814034,43.49711,HUMAN_OBSERVATION,Polygonatum odoratum var. pluriflorum,Polygonatum odoratum
127.06517,37.42342,HUMAN_OBSERVATION,Polygonatum odoratum var. pluriflorum,Polygonatum odoratum
127.422222,35.603333,HUMAN_OBSERVATION,Polygonatum odoratum var. pluriflorum,Polygonatum odoratum
131.249207,42.812103,HUMAN_OBSERVATION,Polygonatum odoratum var. pluriflorum,Polygonatum odoratum
132.868835,42.829016,HUMAN_OBSERVATION,Polygonatum odoratum var. pluriflorum,Polygonatum odoratum
127.104867,35.503608,HUMAN_OBSERVATION,Polygonatum odoratum var. pluriflorum,Polygonatum odoratum
133.149145,43.053088,HUMAN_OBSERVATION,Polygonatum odoratum var. pluriflorum,Polygonatum odoratum
132.661521,44.533082,HUMAN_OBSERVATION,Polygonatum odoratum var. pluriflorum,Polygonatum odoratum
128.464016,38.219556,HUMAN_OBSERVATION,Polygonatum odoratum var. pluriflorum,Polygonatum odoratum
138.138,36.8164,PRESERVED_SPECIMEN,Polygonatum odoratum var. pluriflorum,Polygonatum odoratum
120.775826,36.290785,HUMAN_OBSERVATION,Polygonatum odoratum var. pluriflorum,Polygonatum odoratum
127.463694,35.555972,PRESERVED_SPECIMEN,Polygonatum odoratum var. pluriflorum,Polygonatum odoratum
127.307222,38.226944,HUMAN_OBSERVATION,Polygonatum odoratum var. pluriflorum,Polygonatum odoratum
127.489722,35.939722,HUMAN_OBSERVATION,Polygonatum odoratum var. pluriflorum,Polygonatum odoratum
128.906389,36.264444,HUMAN_OBSERVATION,Polygonatum odoratum var. pluriflorum,Polygonatum odoratum
128.513333,37.157222,HUMAN_OBSERVATION,Polygonatum odoratum var. pluriflorum,Polygonatum odoratum
127.812222,36.595278,HUMAN_OBSERVATION,Polygonatum odoratum var. pluriflorum,Polygonatum odoratum
128.540359,35.712551,PRESERVED_SPECIMEN,Polygonatum odoratum var. pluriflorum,Polygonatum odoratum
129.152788,35.264529,HUMAN_OBSERVATION,Polygonatum odoratum var. pluriflorum,Polygonatum odoratum
129.15303,35.263978,HUMAN_OBSERVATION,Polygonatum odoratum var. pluriflorum,Polygonatum odoratum
129.153002,35.263852,HUMAN_OBSERVATION,Polygonatum odoratum var. pluriflorum,Polygonatum odoratum
129.117898,35.203545,HUMAN_OBSERVATION,Polygonatum odoratum var. pluriflorum,Polygonatum odoratum
127.435906,35.926156,HUMAN_OBSERVATION,Polygonatum odoratum var. pluriflorum,Polygonatum odoratum
132.156855,43.697177,HUMAN_OBSERVATION,Polygonatum odoratum var. pluriflorum,Polygonatum odoratum
132.626353,43.211012,HUMAN_OBSERVATION,Polygonatum odoratum var. pluriflorum,Polygonatum odoratum
139.414806,35.374634,HUMAN_OBSERVATION,Polygonatum odoratum var. pluriflorum,Polygonatum odoratum
139.414858,35.374578,HUMAN_OBSERVATION,Polygonatum odoratum var. pluriflorum,Polygonatum odoratum
138.78909,37.724632,HUMAN_OBSERVATION,Polygonatum odoratum var. pluriflorum,Polygonatum odoratum
137.958926,35.026599,HUMAN_OBSERVATION,Polygonatum odoratum var. pluriflorum,Polygonatum odoratum
127.8101,35.4042,PRESERVED_SPECIMEN,Polygonatum odoratum var. pluriflorum,Polygonatum odoratum
127.8101,35.4042,PRESERVED_SPECIMEN,Polygonatum odoratum var. pluriflorum,Polygonatum odoratum
127.8101,35.4042,PRESERVED_SPECIMEN,Polygonatum odoratum var. pluriflorum,Polygonatum odoratum
127.8101,35.4042,PRESERVED_SPECIMEN,Polygonatum odoratum var. pluriflorum,Polygonatum odoratum
127.8101,35.4042,PRESERVED_SPECIMEN,Polygonatum odoratum var. pluriflorum,Polygonatum odoratum
127.8101,35.4042,PRESERVED_SPECIMEN,Polygonatum odoratum var. pluriflorum,Polygonatum odoratum
127.8101,35.4042,PRESERVED_SPECIMEN,Polygonatum odoratum var. pluriflorum,Polygonatum odoratum
127.8101,35.4042,PRESERVED_SPECIMEN,Polygonatum odoratum var. pluriflorum,Polygonatum odoratum
126.59486,36.789825,HUMAN_OBSERVATION,Polygonatum odoratum var. pluriflorum,Polygonatum odoratum
139.08,36.650833,PRESERVED_SPECIMEN,Polygonatum odoratum var. pluriflorum,Polygonatum odoratum
137.275284,35.148431,PRESERVED_SPECIMEN,Polygonatum odoratum var. pluriflorum,Polygonatum odoratum
127.8101,35.4042,PRESERVED_SPECIMEN,Polygonatum odoratum var. pluriflorum,Polygonatum odoratum
127.8101,35.4042,PRESERVED_SPECIMEN,Polygonatum odoratum var. pluriflorum,Polygonatum odoratum
127.8101,35.4042,PRESERVED_SPECIMEN,Polygonatum odoratum var. pluriflorum,Polygonatum odoratum
127.8101,35.4042,PRESERVED_SPECIMEN,Polygonatum odoratum var. pluriflorum,Polygonatum odoratum
127.8101,35.4042,PRESERVED_SPECIMEN,Polygonatum odoratum var. pluriflorum,Polygonatum odoratum
127.8101,35.4042,PRESERVED_SPECIMEN,Polygonatum odoratum var. pluriflorum,Polygonatum odoratum
127.8101,35.4042,PRESERVED_SPECIMEN,Polygonatum odoratum var. pluriflorum,Polygonatum odoratum
127.8101,35.4042,PRESERVED_SPECIMEN,Polygonatum odoratum var. pluriflorum,Polygonatum odoratum
129.094306,35.644889,PRESERVED_SPECIMEN,Polygonatum odoratum var. pluriflorum,Polygonatum odoratum
127.975278,35.488333,PRESERVED_SPECIMEN,Polygonatum odoratum var. pluriflorum,Polygonatum odoratum
128.511169,35.715187,PRESERVED_SPECIMEN,Polygonatum odoratum var. pluriflorum,Polygonatum odoratum
128.511169,35.715187,PRESERVED_SPECIMEN,Polygonatum odoratum var. pluriflorum,Polygonatum odoratum
128.516556,35.719818,PRESERVED_SPECIMEN,Polygonatum odoratum var. pluriflorum,Polygonatum odoratum
128.516556,35.719818,PRESERVED_SPECIMEN,Polygonatum odoratum var. pluriflorum,Polygonatum odoratum
145.28066,43.60633,PRESERVED_SPECIMEN,Polygonatum odoratum var. pluriflorum,Polygonatum odoratum
138.348513,36.362658,PRESERVED_SPECIMEN,Polygonatum odoratum var. pluriflorum,Polygonatum odoratum
129.458014,35.607163,HUMAN_OBSERVATION,Polygonatum odoratum var. pluriflorum,Polygonatum odoratum
128.97516,35.114295,HUMAN_OBSERVATION,Polygonatum odoratum var. pluriflorum,Polygonatum odoratum
127.996944,37.106944,PRESERVED_SPECIMEN,Polygonatum odoratum var. pluriflorum,Polygonatum odoratum
127.996944,37.106944,PRESERVED_SPECIMEN,Polygonatum odoratum var. pluriflorum,Polygonatum odoratum
127.996944,37.106944,PRESERVED_SPECIMEN,Polygonatum odoratum var. pluriflorum,Polygonatum odoratum
127.996944,37.106944,PRESERVED_SPECIMEN,Polygonatum odoratum var. pluriflorum,Polygonatum odoratum
127.996944,37.106944,PRESERVED_SPECIMEN,Polygonatum odoratum var. pluriflorum,Polygonatum odoratum
127.996944,37.106944,PRESERVED_SPECIMEN,Polygonatum odoratum var. pluriflorum,Polygonatum odoratum
127.996944,37.106944,PRESERVED_SPECIMEN,Polygonatum odoratum var. pluriflorum,Polygonatum odoratum
127.996944,37.106944,PRESERVED_SPECIMEN,Polygonatum odoratum var. pluriflorum,Polygonatum odoratum
127.996944,37.106944,PRESERVED_SPECIMEN,Polygonatum odoratum var. pluriflorum,Polygonatum odoratum
127.996944,37.106944,PRESERVED_SPECIMEN,Polygonatum odoratum var. pluriflorum,Polygonatum odoratum
127.996944,37.106944,PRESERVED_SPECIMEN,Polygonatum odoratum var. pluriflorum,Polygonatum odoratum
127.996944,37.106944,PRESERVED_SPECIMEN,Polygonatum odoratum var. pluriflorum,Polygonatum odoratum
127.996944,37.106944,PRESERVED_SPECIMEN,Polygonatum odoratum var. pluriflorum,Polygonatum odoratum
127.996944,37.106944,PRESERVED_SPECIMEN,Polygonatum odoratum var. pluriflorum,Polygonatum odoratum
127.996944,37.106944,PRESERVED_SPECIMEN,Polygonatum odoratum var. pluriflorum,Polygonatum odoratum
127.996944,37.106944,PRESERVED_SPECIMEN,Polygonatum odoratum var. pluriflorum,Polygonatum odoratum
127.996944,37.106944,PRESERVED_SPECIMEN,Polygonatum odoratum var. pluriflorum,Polygonatum odoratum
127.996944,37.106944,PRESERVED_SPECIMEN,Polygonatum odoratum var. pluriflorum,Polygonatum odoratum
127.996944,37.106944,PRESERVED_SPECIMEN,Polygonatum odoratum var. pluriflorum,Polygonatum odoratum
127.997,37.1069,PRESERVED_SPECIMEN,Polygonatum odoratum var. pluriflorum,Polygonatum odoratum
127.997,37.1069,PRESERVED_SPECIMEN,Polygonatum odoratum var. pluriflorum,Polygonatum odoratum
126.336113,37.679432,PRESERVED_SPECIMEN,Polygonatum odoratum var. pluriflorum,Polygonatum odoratum
126.396425,37.728063,PRESERVED_SPECIMEN,Polygonatum odoratum var. pluriflorum,Polygonatum odoratum
126.451667,37.717778,PRESERVED_SPECIMEN,Polygonatum odoratum var. pluriflorum,Polygonatum odoratum
130.930324,42.607896,HUMAN_OBSERVATION,Polygonatum odoratum var. pluriflorum,Polygonatum odoratum
135.270975,44.269479,HUMAN_OBSERVATION,Polygonatum odoratum var. pluriflorum,Polygonatum odoratum
135.642351,44.108949,HUMAN_OBSERVATION,Polygonatum odoratum var. pluriflorum,Polygonatum odoratum
138.5525,36.5225,PRESERVED_SPECIMEN,Polygonatum odoratum var. pluriflorum,Polygonatum odoratum
127.9969,37.10694,PRESERVED_SPECIMEN,Polygonatum odoratum var. pluriflorum,Polygonatum odoratum
127.9969,37.10694,PRESERVED_SPECIMEN,Polygonatum odoratum var. pluriflorum,Polygonatum odoratum
127.9969,37.10694,PRESERVED_SPECIMEN,Polygonatum odoratum var. pluriflorum,Polygonatum odoratum
127.9969,37.10694,PRESERVED_SPECIMEN,Polygonatum odoratum var. pluriflorum,Polygonatum odoratum
127.9969,37.10694,PRESERVED_SPECIMEN,Polygonatum odoratum var. pluriflorum,Polygonatum odoratum
127.9969,37.10694,PRESERVED_SPECIMEN,Polygonatum odoratum var. pluriflorum,Polygonatum odoratum
127.9969,37.10694,PRESERVED_SPECIMEN,Polygonatum odoratum var. pluriflorum,Polygonatum odoratum
127.9969,37.10694,PRESERVED_SPECIMEN,Polygonatum odoratum var. pluriflorum,Polygonatum odoratum
127.9969,37.10694,PRESERVED_SPECIMEN,Polygonatum odoratum var. pluriflorum,Polygonatum odoratum
127.9969,37.10694,PRESERVED_SPECIMEN,Polygonatum odoratum var. pluriflorum,Polygonatum odoratum
127.9969,37.10694,PRESERVED_SPECIMEN,Polygonatum odoratum var. pluriflorum,Polygonatum odoratum
127.9969,37.10694,PRESERVED_SPECIMEN,Polygonatum odoratum var. pluriflorum,Polygonatum odoratum
127.9969,37.10694,PRESERVED_SPECIMEN,Polygonatum odoratum var. pluriflorum,Polygonatum odoratum
127.9969,37.10694,PRESERVED_SPECIMEN,Polygonatum odoratum var. pluriflorum,Polygonatum odoratum
127.9969,37.10694,PRESERVED_SPECIMEN,Polygonatum odoratum var. pluriflorum,Polygonatum odoratum
127.9969,37.10694,PRESERVED_SPECIMEN,Polygonatum odoratum var. pluriflorum,Polygonatum odoratum
127.9969,37.10694,PRESERVED_SPECIMEN,Polygonatum odoratum var. pluriflorum,Polygonatum odoratum
127.9969,37.10694,PRESERVED_SPECIMEN,Polygonatum odoratum var. pluriflorum,Polygonatum odoratum
127.9969,37.10694,PRESERVED_SPECIMEN,Polygonatum odoratum var. pluriflorum,Polygonatum odoratum
128.006028,35.510917,PRESERVED_SPECIMEN,Polygonatum odoratum var. pluriflorum,Polygonatum odoratum
117.105207,36.263768,HUMAN_OBSERVATION,Polygonatum odoratum var. pluriflorum,Polygonatum odoratum
127.595741,50.287745,HUMAN_OBSERVATION,Polygonatum odoratum var. pluriflorum,Polygonatum odoratum
127.255057,53.728015,HUMAN_OBSERVATION,Polygonatum odoratum var. pluriflorum,Polygonatum odoratum
127.59507,50.288164,HUMAN_OBSERVATION,Polygonatum odoratum var. pluriflorum,Polygonatum odoratum
146.3251,43.62992,PRESERVED_SPECIMEN,Polygonatum odoratum var. pluriflorum,Polygonatum odoratum
137.90319,36.39608,PRESERVED_SPECIMEN,Polygonatum odoratum var. pluriflorum,Polygonatum odoratum
127.35948,53.854331,HUMAN_OBSERVATION,Polygonatum odoratum var. pluriflorum,Polygonatum odoratum
126.440491,37.720298,HUMAN_OBSERVATION,Polygonatum odoratum var. pluriflorum,Polygonatum odoratum
127.953472,35.503472,PRESERVED_SPECIMEN,Polygonatum odoratum var. pluriflorum,Polygonatum odoratum
132.156855,43.697177,HUMAN_OBSERVATION,Polygonatum odoratum var. pluriflorum,Polygonatum odoratum
130.32,47.34,PRESERVED_SPECIMEN,Polygonatum odoratum var. pluriflorum,Polygonatum odoratum
130.32,47.34,PRESERVED_SPECIMEN,Polygonatum odoratum var. pluriflorum,Polygonatum odoratum
130.32,47.34,PRESERVED_SPECIMEN,Polygonatum odoratum var. pluriflorum,Polygonatum odoratum
128.668056,37.591944,HUMAN_OBSERVATION,Polygonatum odoratum var. pluriflorum,Polygonatum odoratum
128.282778,38.126667,HUMAN_OBSERVATION,Polygonatum odoratum var. pluriflorum,Polygonatum odoratum
128.233889,35.295833,HUMAN_OBSERVATION,Polygonatum odoratum var. pluriflorum,Polygonatum odoratum
126.5575,35.187778,HUMAN_OBSERVATION,Polygonatum odoratum var. pluriflorum,Polygonatum odoratum
128.550833,35.491389,HUMAN_OBSERVATION,Polygonatum odoratum var. pluriflorum,Polygonatum odoratum
129.038069,37.418861,HUMAN_OBSERVATION,Polygonatum odoratum var. pluriflorum,Polygonatum odoratum
129.061639,36.514194,HUMAN_OBSERVATION,Polygonatum odoratum var. pluriflorum,Polygonatum odoratum
126.077269,36.229317,HUMAN_OBSERVATION,Polygonatum odoratum var. pluriflorum,Polygonatum odoratum
128.413611,35.196389,HUMAN_OBSERVATION,Polygonatum odoratum var. pluriflorum,Polygonatum odoratum
129.2115,36.632917,HUMAN_OBSERVATION,Polygonatum odoratum var. pluriflorum,Polygonatum odoratum
128.450089,37.198389,HUMAN_OBSERVATION,Polygonatum odoratum var. pluriflorum,Polygonatum odoratum
128.816556,36.615278000000004,HUMAN_OBSERVATION,Polygonatum odoratum var. pluriflorum,Polygonatum odoratum
127.789972,35.225417,HUMAN_OBSERVATION,Polygonatum odoratum var. pluriflorum,Polygonatum odoratum
127.789972,35.225417,HUMAN_OBSERVATION,Polygonatum odoratum var. pluriflorum,Polygonatum odoratum
127.5345,36.462167,HUMAN_OBSERVATION,Polygonatum odoratum var. pluriflorum,Polygonatum odoratum
127.258444,35.266389,HUMAN_OBSERVATION,Polygonatum odoratum var. pluriflorum,Polygonatum odoratum
126.609444,35.271111,HUMAN_OBSERVATION,Polygonatum odoratum var. pluriflorum,Polygonatum odoratum
127.702333,35.188889,HUMAN_OBSERVATION,Polygonatum odoratum var. pluriflorum,Polygonatum odoratum
126.161333,37.223028,HUMAN_OBSERVATION,Polygonatum odoratum var. pluriflorum,Polygonatum odoratum
126.173935,37.676914,HUMAN_OBSERVATION,Polygonatum odoratum var. pluriflorum,Polygonatum odoratum
128.173444,38.039211,HUMAN_OBSERVATION,Polygonatum odoratum var. pluriflorum,Polygonatum odoratum
126.260522,36.298867,HUMAN_OBSERVATION,Polygonatum odoratum var. pluriflorum,Polygonatum odoratum
127.687361,36.410889,HUMAN_OBSERVATION,Polygonatum odoratum var. pluriflorum,Polygonatum odoratum
128.43745,37.217244,HUMAN_OBSERVATION,Polygonatum odoratum var. pluriflorum,Polygonatum odoratum
127.151306,38.128167,HUMAN_OBSERVATION,Polygonatum odoratum var. pluriflorum,Polygonatum odoratum
129.055861,36.270667,HUMAN_OBSERVATION,Polygonatum odoratum var. pluriflorum,Polygonatum odoratum
127.625806,36.447028,HUMAN_OBSERVATION,Polygonatum odoratum var. pluriflorum,Polygonatum odoratum
129.131803,35.314311,HUMAN_OBSERVATION,Polygonatum odoratum var. pluriflorum,Polygonatum odoratum
128.647667,37.617917,HUMAN_OBSERVATION,Polygonatum odoratum var. pluriflorum,Polygonatum odoratum
127.865667,35.331611,HUMAN_OBSERVATION,Polygonatum odoratum var. pluriflorum,Polygonatum odoratum
126.058472,34.878861,HUMAN_OBSERVATION,Polygonatum odoratum var. pluriflorum,Polygonatum odoratum
128.189269,34.69905,HUMAN_OBSERVATION,Polygonatum odoratum var. pluriflorum,Polygonatum odoratum
126.615278,35.278611,HUMAN_OBSERVATION,Polygonatum odoratum var. pluriflorum,Polygonatum odoratum
127.284386,37.690319,HUMAN_OBSERVATION,Polygonatum odoratum var. pluriflorum,Polygonatum odoratum
127.284904,37.6805,HUMAN_OBSERVATION,Polygonatum odoratum var. pluriflorum,Polygonatum odoratum
127.284805,37.680534,HUMAN_OBSERVATION,Polygonatum odoratum var. pluriflorum,Polygonatum odoratum
127.286095,37.680141,HUMAN_OBSERVATION,Polygonatum odoratum var. pluriflorum,Polygonatum odoratum
127.290649,37.691158,HUMAN_OBSERVATION,Polygonatum odoratum var. pluriflorum,Polygonatum odoratum
128.251541,37.595901,HUMAN_OBSERVATION,Polygonatum odoratum var. pluriflorum,Polygonatum odoratum
125.478359,43.791039,HUMAN_OBSERVATION,Polygonatum odoratum var. pluriflorum,Polygonatum odoratum
139.043333,36.382778,PRESERVED_SPECIMEN,Polygonatum odoratum var. pluriflorum,Polygonatum odoratum
127.153848,37.540421,HUMAN_OBSERVATION,Polygonatum odoratum var. pluriflorum,Polygonatum odoratum
128.836833,37.019833,HUMAN_OBSERVATION,Polygonatum odoratum var. pluriflorum,Polygonatum odoratum
128.837056,37.013556,HUMAN_OBSERVATION,Polygonatum odoratum var. pluriflorum,Polygonatum odoratum
128.945831,35.889864,HUMAN_OBSERVATION,Polygonatum odoratum var. pluriflorum,Polygonatum odoratum
127.276722,35.210333,HUMAN_OBSERVATION,Polygonatum odoratum var. pluriflorum,Polygonatum odoratum
128.301111,35.25625,HUMAN_OBSERVATION,Polygonatum odoratum var. pluriflorum,Polygonatum odoratum
128.205186,37.424933,HUMAN_OBSERVATION,Polygonatum odoratum var. pluriflorum,Polygonatum odoratum
127.372806,38.196778,HUMAN_OBSERVATION,Polygonatum odoratum var. pluriflorum,Polygonatum odoratum
128.387083,37.787944,HUMAN_OBSERVATION,Polygonatum odoratum var. pluriflorum,Polygonatum odoratum
129.129667,37.083722,HUMAN_OBSERVATION,Polygonatum odoratum var. pluriflorum,Polygonatum odoratum
128.670556,37.608639,HUMAN_OBSERVATION,Polygonatum odoratum var. pluriflorum,Polygonatum odoratum
129.132611,37.082528,HUMAN_OBSERVATION,Polygonatum odoratum var. pluriflorum,Polygonatum odoratum
127.148556,35.170028,HUMAN_OBSERVATION,Polygonatum odoratum var. pluriflorum,Polygonatum odoratum
128.203611,35.315278,HUMAN_OBSERVATION,Polygonatum odoratum var. pluriflorum,Polygonatum odoratum
126.5525,35.197222,HUMAN_OBSERVATION,Polygonatum odoratum var. pluriflorum,Polygonatum odoratum
128.581797,37.070164,HUMAN_OBSERVATION,Polygonatum odoratum var. pluriflorum,Polygonatum odoratum
128.205186,37.424933,HUMAN_OBSERVATION,Polygonatum odoratum var. pluriflorum,Polygonatum odoratum
128.215814,37.441936,HUMAN_OBSERVATION,Polygonatum odoratum var. pluriflorum,Polygonatum odoratum
128.450089,37.198389,HUMAN_OBSERVATION,Polygonatum odoratum var. pluriflorum,Polygonatum odoratum
128.310917,38.035278,HUMAN_OBSERVATION,Polygonatum odoratum var. pluriflorum,Polygonatum odoratum
128.552944,37.941611,HUMAN_OBSERVATION,Polygonatum odoratum var. pluriflorum,Polygonatum odoratum
128.557333,37.945556,HUMAN_OBSERVATION,Polygonatum odoratum var. pluriflorum,Polygonatum odoratum
126.608611,35.273333,HUMAN_OBSERVATION,Polygonatum odoratum var. pluriflorum,Polygonatum odoratum
128.902278,37.148667,HUMAN_OBSERVATION,Polygonatum odoratum var. pluriflorum,Polygonatum odoratum
128.939417,37.154444,HUMAN_OBSERVATION,Polygonatum odoratum var. pluriflorum,Polygonatum odoratum
127.699433,35.444067,HUMAN_OBSERVATION,Polygonatum odoratum var. pluriflorum,Polygonatum odoratum
125.685811,37.657797,HUMAN_OBSERVATION,Polygonatum odoratum var. pluriflorum,Polygonatum odoratum
125.706544,37.673719,HUMAN_OBSERVATION,Polygonatum odoratum var. pluriflorum,Polygonatum odoratum
128.948669,35.893647,HUMAN_OBSERVATION,Polygonatum odoratum var. pluriflorum,Polygonatum odoratum
128.264444,38.179472,HUMAN_OBSERVATION,Polygonatum odoratum var. pluriflorum,Polygonatum odoratum
129.143944,37.057111,HUMAN_OBSERVATION,Polygonatum odoratum var. pluriflorum,Polygonatum odoratum
128.160833,37.831583,HUMAN_OBSERVATION,Polygonatum odoratum var. pluriflorum,Polygonatum odoratum
128.770722,37.556417,HUMAN_OBSERVATION,Polygonatum odoratum var. pluriflorum,Polygonatum odoratum
127.534886,36.8371,HUMAN_OBSERVATION,Polygonatum odoratum var. pluriflorum,Polygonatum odoratum
129.132611,37.082833,HUMAN_OBSERVATION,Polygonatum odoratum var. pluriflorum,Polygonatum odoratum
129.122639,37.090889,HUMAN_OBSERVATION,Polygonatum odoratum var. pluriflorum,Polygonatum odoratum
128.543722,37.933139,HUMAN_OBSERVATION,Polygonatum odoratum var. pluriflorum,Polygonatum odoratum
128.651392,37.051503,HUMAN_OBSERVATION,Polygonatum odoratum var. pluriflorum,Polygonatum odoratum
128.089554,36.654732,HUMAN_OBSERVATION,Polygonatum odoratum var. pluriflorum,Polygonatum odoratum
128.688658,35.802058,HUMAN_OBSERVATION,Polygonatum odoratum var. pluriflorum,Polygonatum odoratum
128.542222,35.48125,HUMAN_OBSERVATION,Polygonatum odoratum var. pluriflorum,Polygonatum odoratum
126.107611,37.178139,HUMAN_OBSERVATION,Polygonatum odoratum var. pluriflorum,Polygonatum odoratum
129.402128,35.891369,HUMAN_OBSERVATION,Polygonatum odoratum var. pluriflorum,Polygonatum odoratum
128.660833,37.578472,HUMAN_OBSERVATION,Polygonatum odoratum var. pluriflorum,Polygonatum odoratum
128.607472,37.645222,HUMAN_OBSERVATION,Polygonatum odoratum var. pluriflorum,Polygonatum odoratum
128.286122,37.318603,HUMAN_OBSERVATION,Polygonatum odoratum var. pluriflorum,Polygonatum odoratum
128.296083,38.0665,HUMAN_OBSERVATION,Polygonatum odoratum var. pluriflorum,Polygonatum odoratum
128.284108,37.586167,HUMAN_OBSERVATION,Polygonatum odoratum var. pluriflorum,Polygonatum odoratum
126.360753,36.328736,HUMAN_OBSERVATION,Polygonatum odoratum var. pluriflorum,Polygonatum odoratum
128.395889,38.473556,HUMAN_OBSERVATION,Polygonatum odoratum var. pluriflorum,Polygonatum odoratum
134.579515,35.21918,PRESERVED_SPECIMEN,Polygonatum odoratum var. pluriflorum,Polygonatum odoratum
128.27774,37.605545,HUMAN_OBSERVATION,Polygonatum odoratum var. pluriflorum,Polygonatum odoratum
128.246506,37.577618,HUMAN_OBSERVATION,Polygonatum odoratum var. pluriflorum,Polygonatum odoratum
128.246567,37.577633,HUMAN_OBSERVATION,Polygonatum odoratum var. pluriflorum,Polygonatum odoratum
128.246674,37.577652,HUMAN_OBSERVATION,Polygonatum odoratum var. pluriflorum,Polygonatum odoratum
128.246582,37.577618,HUMAN_OBSERVATION,Polygonatum odoratum var. pluriflorum,Polygonatum odoratum
138.233214,36.287814,PRESERVED_SPECIMEN,Polygonatum odoratum var. pluriflorum,Polygonatum odoratum
135.314488,44.262757,HUMAN_OBSERVATION,Polygonatum odoratum var. pluriflorum,Polygonatum odoratum
144.177298,43.423331,PRESERVED_SPECIMEN,Polygonatum odoratum var. pluriflorum,Polygonatum odoratum
128.158783,37.232469,HUMAN_OBSERVATION,Polygonatum odoratum var. pluriflorum,Polygonatum odoratum
128.140994,37.247903,HUMAN_OBSERVATION,Polygonatum odoratum var. pluriflorum,Polygonatum odoratum
129.083,37.118917,HUMAN_OBSERVATION,Polygonatum odoratum var. pluriflorum,Polygonatum odoratum
128.317825,37.403792,HUMAN_OBSERVATION,Polygonatum odoratum var. pluriflorum,Polygonatum odoratum
128.681625,35.787308,HUMAN_OBSERVATION,Polygonatum odoratum var. pluriflorum,Polygonatum odoratum
129.058878,35.279367,HUMAN_OBSERVATION,Polygonatum odoratum var. pluriflorum,Polygonatum odoratum
128.291111,35.253333,HUMAN_OBSERVATION,Polygonatum odoratum var. pluriflorum,Polygonatum odoratum
129.075911,37.449158,HUMAN_OBSERVATION,Polygonatum odoratum var. pluriflorum,Polygonatum odoratum
129.065933,37.452881,HUMAN_OBSERVATION,Polygonatum odoratum var. pluriflorum,Polygonatum odoratum
128.151167,37.847056,HUMAN_OBSERVATION,Polygonatum odoratum var. pluriflorum,Polygonatum odoratum
127.914428,38.158089,HUMAN_OBSERVATION,Polygonatum odoratum var. pluriflorum,Polygonatum odoratum
128.360856,37.100525,HUMAN_OBSERVATION,Polygonatum odoratum var. pluriflorum,Polygonatum odoratum
126.148056,35.281944,HUMAN_OBSERVATION,Polygonatum odoratum var. pluriflorum,Polygonatum odoratum
128.546611,37.924111,HUMAN_OBSERVATION,Polygonatum odoratum var. pluriflorum,Polygonatum odoratum
126.596667,35.268611,HUMAN_OBSERVATION,Polygonatum odoratum var. pluriflorum,Polygonatum odoratum
126.596111,35.265833,HUMAN_OBSERVATION,Polygonatum odoratum var. pluriflorum,Polygonatum odoratum
129.119861,37.092444,HUMAN_OBSERVATION,Polygonatum odoratum var. pluriflorum,Polygonatum odoratum
128.226667,35.299167,HUMAN_OBSERVATION,Polygonatum odoratum var. pluriflorum,Polygonatum odoratum
129.127083,37.085167,HUMAN_OBSERVATION,Polygonatum odoratum var. pluriflorum,Polygonatum odoratum
129.123222,37.090333,HUMAN_OBSERVATION,Polygonatum odoratum var. pluriflorum,Polygonatum odoratum
129.135222,37.080722,HUMAN_OBSERVATION,Polygonatum odoratum var. pluriflorum,Polygonatum odoratum
128.510167,38.291889,HUMAN_OBSERVATION,Polygonatum odoratum var. pluriflorum,Polygonatum odoratum
128.321778,37.8435,HUMAN_OBSERVATION,Polygonatum odoratum var. pluriflorum,Polygonatum odoratum
128.291444,37.82225,HUMAN_OBSERVATION,Polygonatum odoratum var. pluriflorum,Polygonatum odoratum
129.084944,37.115083,HUMAN_OBSERVATION,Polygonatum odoratum var. pluriflorum,Polygonatum odoratum
127.666761,36.826592,HUMAN_OBSERVATION,Polygonatum odoratum var. pluriflorum,Polygonatum odoratum
129.046444,37.047389,HUMAN_OBSERVATION,Polygonatum odoratum var. pluriflorum,Polygonatum odoratum
141.7504,40.0505,PRESERVED_SPECIMEN,Polygonatum odoratum var. pluriflorum,Polygonatum odoratum
127.589361,36.456111,HUMAN_OBSERVATION,Polygonatum odoratum var. pluriflorum,Polygonatum odoratum
127.708278,36.407722,HUMAN_OBSERVATION,Polygonatum odoratum var. pluriflorum,Polygonatum odoratum
128.361611,37.116681,HUMAN_OBSERVATION,Polygonatum odoratum var. pluriflorum,Polygonatum odoratum
128.382194,37.772806,HUMAN_OBSERVATION,Polygonatum odoratum var. pluriflorum,Polygonatum odoratum
128.487217,37.200561,HUMAN_OBSERVATION,Polygonatum odoratum var. pluriflorum,Polygonatum odoratum
128.272117,37.384919,HUMAN_OBSERVATION,Polygonatum odoratum var. pluriflorum,Polygonatum odoratum
127.776611,35.225694,HUMAN_OBSERVATION,Polygonatum odoratum var. pluriflorum,Polygonatum odoratum
126.887778,35.325,HUMAN_OBSERVATION,Polygonatum odoratum var. pluriflorum,Polygonatum odoratum
128.533042,37.233014,HUMAN_OBSERVATION,Polygonatum odoratum var. pluriflorum,Polygonatum odoratum
128.462186,37.039714,HUMAN_OBSERVATION,Polygonatum odoratum var. pluriflorum,Polygonatum odoratum
128.487094,37.201989,HUMAN_OBSERVATION,Polygonatum odoratum var. pluriflorum,Polygonatum odoratum
128.521589,37.235564,HUMAN_OBSERVATION,Polygonatum odoratum var. pluriflorum,Polygonatum odoratum
128.602978,37.085336,HUMAN_OBSERVATION,Polygonatum odoratum var. pluriflorum,Polygonatum odoratum
128.603839,37.089072,HUMAN_OBSERVATION,Polygonatum odoratum var. pluriflorum,Polygonatum odoratum
129.099028,37.222028,HUMAN_OBSERVATION,Polygonatum odoratum var. pluriflorum,Polygonatum odoratum
128.315133,37.318456,HUMAN_OBSERVATION,Polygonatum odoratum var. pluriflorum,Polygonatum odoratum
128.351917,37.192375,HUMAN_OBSERVATION,Polygonatum odoratum var. pluriflorum,Polygonatum odoratum
128.462186,37.039714,HUMAN_OBSERVATION,Polygonatum odoratum var. pluriflorum,Polygonatum odoratum
126.607222,35.275556,HUMAN_OBSERVATION,Polygonatum odoratum var. pluriflorum,Polygonatum odoratum
128.759356,37.225525,HUMAN_OBSERVATION,Polygonatum odoratum var. pluriflorum,Polygonatum odoratum
128.956669,35.8943,HUMAN_OBSERVATION,Polygonatum odoratum var. pluriflorum,Polygonatum odoratum
129.413836,35.896419,HUMAN_OBSERVATION,Polygonatum odoratum var. pluriflorum,Polygonatum odoratum
128.354289,37.209431,HUMAN_OBSERVATION,Polygonatum odoratum var. pluriflorum,Polygonatum odoratum
128.511619,37.393611,HUMAN_OBSERVATION,Polygonatum odoratum var. pluriflorum,Polygonatum odoratum
128.162323,36.737518,HUMAN_OBSERVATION,Polygonatum odoratum var. pluriflorum,Polygonatum odoratum
126.121028,37.230722,HUMAN_OBSERVATION,Polygonatum odoratum var. pluriflorum,Polygonatum odoratum
126.253594,34.850447,HUMAN_OBSERVATION,Polygonatum odoratum var. pluriflorum,Polygonatum odoratum
128.653833,37.611222,HUMAN_OBSERVATION,Polygonatum odoratum var. pluriflorum,Polygonatum odoratum
127.584917,35.460528,HUMAN_OBSERVATION,Polygonatum odoratum var. pluriflorum,Polygonatum odoratum
128.537358,37.536008,HUMAN_OBSERVATION,Polygonatum odoratum var. pluriflorum,Polygonatum odoratum
128.608808,37.602439,HUMAN_OBSERVATION,Polygonatum odoratum var. pluriflorum,Polygonatum odoratum
128.975675,36.161656,HUMAN_OBSERVATION,Polygonatum odoratum var. pluriflorum,Polygonatum odoratum
128.966378,37.275081,HUMAN_OBSERVATION,Polygonatum odoratum var. pluriflorum,Polygonatum odoratum
126.341389,34.010556,HUMAN_OBSERVATION,Polygonatum odoratum var. pluriflorum,Polygonatum odoratum
128.377778,35.196806,HUMAN_OBSERVATION,Polygonatum odoratum var. pluriflorum,Polygonatum odoratum
128.761556,37.542417,HUMAN_OBSERVATION,Polygonatum odoratum var. pluriflorum,Polygonatum odoratum
128.014008,38.052808,HUMAN_OBSERVATION,Polygonatum odoratum var. pluriflorum,Polygonatum odoratum
128.67025,37.605556,HUMAN_OBSERVATION,Polygonatum odoratum var. pluriflorum,Polygonatum odoratum
128.577083,35.47,HUMAN_OBSERVATION,Polygonatum odoratum var. pluriflorum,Polygonatum odoratum
128.590356,37.079081,HUMAN_OBSERVATION,Polygonatum odoratum var. pluriflorum,Polygonatum odoratum
128.386944,38.473889,HUMAN_OBSERVATION,Polygonatum odoratum var. pluriflorum,Polygonatum odoratum
128.570728,37.184786,HUMAN_OBSERVATION,Polygonatum odoratum var. pluriflorum,Polygonatum odoratum
128.41625,35.2025,HUMAN_OBSERVATION,Polygonatum odoratum var. pluriflorum,Polygonatum odoratum
128.431222,38.47375,HUMAN_OBSERVATION,Polygonatum odoratum var. pluriflorum,Polygonatum odoratum
128.288789,34.636489,HUMAN_OBSERVATION,Polygonatum odoratum var. pluriflorum,Polygonatum odoratum
128.680944,37.550389,HUMAN_OBSERVATION,Polygonatum odoratum var. pluriflorum,Polygonatum odoratum
126.072594,36.223419,HUMAN_OBSERVATION,Polygonatum odoratum var. pluriflorum,Polygonatum odoratum
128.295917,38.0665,HUMAN_OBSERVATION,Polygonatum odoratum var. pluriflorum,Polygonatum odoratum
128.610056,37.727167,HUMAN_OBSERVATION,Polygonatum odoratum var. pluriflorum,Polygonatum odoratum
137.6099,35.9332,PRESERVED_SPECIMEN,Polygonatum odoratum var. pluriflorum,Polygonatum odoratum
128.297472,38.208,HUMAN_OBSERVATION,Polygonatum odoratum var. pluriflorum,Polygonatum odoratum
129.095853,37.398119,HUMAN_OBSERVATION,Polygonatum odoratum var. pluriflorum,Polygonatum odoratum
127.665467,36.812022,HUMAN_OBSERVATION,Polygonatum odoratum var. pluriflorum,Polygonatum odoratum
125.717967,37.60845,HUMAN_OBSERVATION,Polygonatum odoratum var. pluriflorum,Polygonatum odoratum
128.538889,35.463056,HUMAN_OBSERVATION,Polygonatum odoratum var. pluriflorum,Polygonatum odoratum
128.8603,37.252625,HUMAN_OBSERVATION,Polygonatum odoratum var. pluriflorum,Polygonatum odoratum
129.059639,37.102528,HUMAN_OBSERVATION,Polygonatum odoratum var. pluriflorum,Polygonatum odoratum
127.858833,35.294556,HUMAN_OBSERVATION,Polygonatum odoratum var. pluriflorum,Polygonatum odoratum
128.293333,35.257917,HUMAN_OBSERVATION,Polygonatum odoratum var. pluriflorum,Polygonatum odoratum
140.110262,36.014922,HUMAN_OBSERVATION,Polygonatum odoratum var. pluriflorum,Polygonatum odoratum
128.606683,37.5965,HUMAN_OBSERVATION,Polygonatum odoratum var. pluriflorum,Polygonatum odoratum
126.131278,37.21975,HUMAN_OBSERVATION,Polygonatum odoratum var. pluriflorum,Polygonatum odoratum
127.410944,38.310361,PRESERVED_SPECIMEN,Polygonatum odoratum var. pluriflorum,Polygonatum odoratum
128.114972,38.326667,PRESERVED_SPECIMEN,Polygonatum odoratum var. pluriflorum,Polygonatum odoratum
126.744333,37.950806,PRESERVED_SPECIMEN,Polygonatum odoratum var. pluriflorum,Polygonatum odoratum
126.773778,37.961139,PRESERVED_SPECIMEN,Polygonatum odoratum var. pluriflorum,Polygonatum odoratum
127.745306,38.310333,PRESERVED_SPECIMEN,Polygonatum odoratum var. pluriflorum,Polygonatum odoratum
127.351333,38.301139,PRESERVED_SPECIMEN,Polygonatum odoratum var. pluriflorum,Polygonatum odoratum
128.100972,38.320667,PRESERVED_SPECIMEN,Polygonatum odoratum var. pluriflorum,Polygonatum odoratum
126.925611,38.096444,PRESERVED_SPECIMEN,Polygonatum odoratum var. pluriflorum,Polygonatum odoratum
128.514333,38.289889,PRESERVED_SPECIMEN,Polygonatum odoratum var. pluriflorum,Polygonatum odoratum
119.93,47.18,PRESERVED_SPECIMEN,Polygonatum odoratum var. pluriflorum,Polygonatum odoratum
128.991667,35.7,HUMAN_OBSERVATION,Polygonatum odoratum var. pluriflorum,Polygonatum odoratum
128.086111,36.181389,HUMAN_OBSERVATION,Polygonatum odoratum var. pluriflorum,Polygonatum odoratum
126.169678,33.278656,HUMAN_OBSERVATION,Polygonatum odoratum var. pluriflorum,Polygonatum odoratum
127.608167,36.214222,HUMAN_OBSERVATION,Polygonatum odoratum var. pluriflorum,Polygonatum odoratum
126.819842,37.093853,HUMAN_OBSERVATION,Polygonatum odoratum var. pluriflorum,Polygonatum odoratum
126.699642,36.204803,HUMAN_OBSERVATION,Polygonatum odoratum var. pluriflorum,Polygonatum odoratum
127.324861,34.945436,HUMAN_OBSERVATION,Polygonatum odoratum var. pluriflorum,Polygonatum odoratum
127.917447,34.80385,HUMAN_OBSERVATION,Polygonatum odoratum var. pluriflorum,Polygonatum odoratum
127.231917,36.408972,HUMAN_OBSERVATION,Polygonatum odoratum var. pluriflorum,Polygonatum odoratum
127.277006,37.205119,HUMAN_OBSERVATION,Polygonatum odoratum var. pluriflorum,Polygonatum odoratum
127.037917,36.467917,HUMAN_OBSERVATION,Polygonatum odoratum var. pluriflorum,Polygonatum odoratum
128.08325,36.178028,HUMAN_OBSERVATION,Polygonatum odoratum var. pluriflorum,Polygonatum odoratum
127.377125,34.763928,HUMAN_OBSERVATION,Polygonatum odoratum var. pluriflorum,Polygonatum odoratum
126.832694,37.369917,HUMAN_OBSERVATION,Polygonatum odoratum var. pluriflorum,Polygonatum odoratum
126.706389,37.14,HUMAN_OBSERVATION,Polygonatum odoratum var. pluriflorum,Polygonatum odoratum
126.463917,37.259661,HUMAN_OBSERVATION,Polygonatum odoratum var. pluriflorum,Polygonatum odoratum
139.110833,36.694167,PRESERVED_SPECIMEN,Polygonatum odoratum var. pluriflorum,Polygonatum odoratum
139.503048,35.482426,PRESERVED_SPECIMEN,Polygonatum odoratum var. pluriflorum,Polygonatum odoratum
139.328059,35.549081,PRESERVED_SPECIMEN,Polygonatum odoratum var. pluriflorum,Polygonatum odoratum
139.12809,35.165791,PRESERVED_SPECIMEN,Polygonatum odoratum var. pluriflorum,Polygonatum odoratum
140.8777698,39.3820612,PRESERVED_SPECIMEN,Polygonatum odoratum var. pluriflorum,Polygonatum odoratum
141.1902205,39.8153526,PRESERVED_SPECIMEN,Polygonatum odoratum var. pluriflorum,Polygonatum odoratum
141.24375,40.104167,PRESERVED_SPECIMEN,Polygonatum odoratum var. pluriflorum,Polygonatum odoratum
127.030823,36.654286,HUMAN_OBSERVATION,Polygonatum odoratum var. pluriflorum,Polygonatum odoratum
128.067028,36.171139,HUMAN_OBSERVATION,Polygonatum odoratum var. pluriflorum,Polygonatum odoratum
127.256667,36.321944,HUMAN_OBSERVATION,Polygonatum odoratum var. pluriflorum,Polygonatum odoratum
127.054083,37.350139,HUMAN_OBSERVATION,Polygonatum odoratum var. pluriflorum,Polygonatum odoratum
127.693139,37.070167,HUMAN_OBSERVATION,Polygonatum odoratum var. pluriflorum,Polygonatum odoratum
127.693139,37.070167,HUMAN_OBSERVATION,Polygonatum odoratum var. pluriflorum,Polygonatum odoratum
127.323553,34.810872,HUMAN_OBSERVATION,Polygonatum odoratum var. pluriflorum,Polygonatum odoratum
127.699622,37.127903,HUMAN_OBSERVATION,Polygonatum odoratum var. pluriflorum,Polygonatum odoratum
126.877778,36.056944,HUMAN_OBSERVATION,Polygonatum odoratum var. pluriflorum,Polygonatum odoratum
127.856389,37.185556,HUMAN_OBSERVATION,Polygonatum odoratum var. pluriflorum,Polygonatum odoratum
127.863603,37.213758,HUMAN_OBSERVATION,Polygonatum odoratum var. pluriflorum,Polygonatum odoratum
128.062444,36.165833,HUMAN_OBSERVATION,Polygonatum odoratum var. pluriflorum,Polygonatum odoratum
127.863603,37.213758,HUMAN_OBSERVATION,Polygonatum odoratum var. pluriflorum,Polygonatum odoratum
127.856389,37.185556,HUMAN_OBSERVATION,Polygonatum odoratum var. pluriflorum,Polygonatum odoratum
127.695881,36.062689,HUMAN_OBSERVATION,Polygonatum odoratum var. pluriflorum,Polygonatum odoratum
127.842194,36.19825,HUMAN_OBSERVATION,Polygonatum odoratum var. pluriflorum,Polygonatum odoratum
127.051389,37.425833,HUMAN_OBSERVATION,Polygonatum odoratum var. pluriflorum,Polygonatum odoratum
127.920925,36.077553,HUMAN_OBSERVATION,Polygonatum odoratum var. pluriflorum,Polygonatum odoratum
127.699622,37.127903,HUMAN_OBSERVATION,Polygonatum odoratum var. pluriflorum,Polygonatum odoratum
127.699622,37.127903,HUMAN_OBSERVATION,Polygonatum odoratum var. pluriflorum,Polygonatum odoratum
126.692267,36.281042,HUMAN_OBSERVATION,Polygonatum odoratum var. pluriflorum,Polygonatum odoratum
126.924694,37.286222,HUMAN_OBSERVATION,Polygonatum odoratum var. pluriflorum,Polygonatum odoratum
127.246111,36.220639,HUMAN_OBSERVATION,Polygonatum odoratum var. pluriflorum,Polygonatum odoratum
127.45905,37.357367000000004,HUMAN_OBSERVATION,Polygonatum odoratum var. pluriflorum,Polygonatum odoratum
126.781244,36.308367,HUMAN_OBSERVATION,Polygonatum odoratum var. pluriflorum,Polygonatum odoratum
128.062444,36.166583,HUMAN_OBSERVATION,Polygonatum odoratum var. pluriflorum,Polygonatum odoratum
127.693139,37.070167,HUMAN_OBSERVATION,Polygonatum odoratum var. pluriflorum,Polygonatum odoratum
127.71965,37.319683,HUMAN_OBSERVATION,Polygonatum odoratum var. pluriflorum,Polygonatum odoratum
126.460914,35.824153,HUMAN_OBSERVATION,Polygonatum odoratum var. pluriflorum,Polygonatum odoratum
128.062944,36.165694,HUMAN_OBSERVATION,Polygonatum odoratum var. pluriflorum,Polygonatum odoratum
126.955833,37.445556,HUMAN_OBSERVATION,Polygonatum odoratum var. pluriflorum,Polygonatum odoratum
127.040833,36.017222,HUMAN_OBSERVATION,Polygonatum odoratum var. pluriflorum,Polygonatum odoratum
127.117319,37.063919,HUMAN_OBSERVATION,Polygonatum odoratum var. pluriflorum,Polygonatum odoratum
127.693139,37.070167,HUMAN_OBSERVATION,Polygonatum odoratum var. pluriflorum,Polygonatum odoratum
128.065444,36.186222,HUMAN_OBSERVATION,Polygonatum odoratum var. pluriflorum,Polygonatum odoratum
127.358056,37.427639,HUMAN_OBSERVATION,Polygonatum odoratum var. pluriflorum,Polygonatum odoratum
127.207083,37.36675,HUMAN_OBSERVATION,Polygonatum odoratum var. pluriflorum,Polygonatum odoratum
127.864167,37.166389,HUMAN_OBSERVATION,Polygonatum odoratum var. pluriflorum,Polygonatum odoratum
127.442722,34.958383,HUMAN_OBSERVATION,Polygonatum odoratum var. pluriflorum,Polygonatum odoratum
127.570528,37.068444,HUMAN_OBSERVATION,Polygonatum odoratum var. pluriflorum,Polygonatum odoratum
127.693139,37.070167,HUMAN_OBSERVATION,Polygonatum odoratum var. pluriflorum,Polygonatum odoratum
127.344447,37.070689,HUMAN_OBSERVATION,Polygonatum odoratum var. pluriflorum,Polygonatum odoratum
127.643303,34.941233,HUMAN_OBSERVATION,Polygonatum odoratum var. pluriflorum,Polygonatum odoratum
127.693139,37.070167,HUMAN_OBSERVATION,Polygonatum odoratum var. pluriflorum,Polygonatum odoratum
127.345919,37.067244,HUMAN_OBSERVATION,Polygonatum odoratum var. pluriflorum,Polygonatum odoratum
128.062361,36.165889,HUMAN_OBSERVATION,Polygonatum odoratum var. pluriflorum,Polygonatum odoratum
127.396667,37.025,HUMAN_OBSERVATION,Polygonatum odoratum var. pluriflorum,Polygonatum odoratum
127.022306,34.782472,HUMAN_OBSERVATION,Polygonatum odoratum var. pluriflorum,Polygonatum odoratum
126.960528,36.285361,HUMAN_OBSERVATION,Polygonatum odoratum var. pluriflorum,Polygonatum odoratum
127.014533,37.182083,HUMAN_OBSERVATION,Polygonatum odoratum var. pluriflorum,Polygonatum odoratum
126.932178,37.063336,HUMAN_OBSERVATION,Polygonatum odoratum var. pluriflorum,Polygonatum odoratum
127.091111,35.991667,HUMAN_OBSERVATION,Polygonatum odoratum var. pluriflorum,Polygonatum odoratum
127.856389,37.185556,HUMAN_OBSERVATION,Polygonatum odoratum var. pluriflorum,Polygonatum odoratum
128.056417,36.186333,HUMAN_OBSERVATION,Polygonatum odoratum var. pluriflorum,Polygonatum odoratum
127.842194,36.19825,HUMAN_OBSERVATION,Polygonatum odoratum var. pluriflorum,Polygonatum odoratum
126.779444,37.453333,HUMAN_OBSERVATION,Polygonatum odoratum var. pluriflorum,Polygonatum odoratum
127.1905,37.212753,HUMAN_OBSERVATION,Polygonatum odoratum var. pluriflorum,Polygonatum odoratum
127.856389,37.185556,HUMAN_OBSERVATION,Polygonatum odoratum var. pluriflorum,Polygonatum odoratum
127.1905,37.212753,HUMAN_OBSERVATION,Polygonatum odoratum var. pluriflorum,Polygonatum odoratum
126.958806,36.283528,HUMAN_OBSERVATION,Polygonatum odoratum var. pluriflorum,Polygonatum odoratum
127.579806,37.447361,HUMAN_OBSERVATION,Polygonatum odoratum var. pluriflorum,Polygonatum odoratum
127.664083,37.40485,HUMAN_OBSERVATION,Polygonatum odoratum var. pluriflorum,Polygonatum odoratum
127.484106,36.324836,HUMAN_OBSERVATION,Polygonatum odoratum var. pluriflorum,Polygonatum odoratum
141.0899,40.1987,PRESERVED_SPECIMEN,Polygonatum odoratum var. pluriflorum,Polygonatum odoratum
141.0027177,40.1903026,PRESERVED_SPECIMEN,Polygonatum odoratum var. pluriflorum,Polygonatum odoratum
